task,experiment,status,status_reason,formula,n_atoms,encut_ev,n_kpoints,source_id,anion,rho_c_parent,radius_sum_a,potentials,v00.energy_ev,v00.energy_ev_per_atom,v00.volume_a3,v00.release_ev_per_atom,v00.n_ionic_steps,v00.converged,v00.elapsed_s,v00.close_ions_warning,v01.energy_ev,v01.energy_ev_per_atom,v01.volume_a3,v01.release_ev_per_atom,v01.n_ionic_steps,v01.converged,v01.elapsed_s,v01.close_ions_warning,v02.energy_ev,v02.energy_ev_per_atom,v02.volume_a3,v02.release_ev_per_atom,v02.n_ionic_steps,v02.converged,v02.elapsed_s,v02.close_ions_warning,v03.energy_ev,v03.energy_ev_per_atom,v03.volume_a3,v03.release_ev_per_atom,v03.n_ionic_steps,v03.converged,v03.elapsed_s,v03.close_ions_warning,v04.energy_ev,v04.energy_ev_per_atom,v04.volume_a3,v04.release_ev_per_atom,v04.n_ionic_steps,v04.converged,v04.elapsed_s,v04.close_ions_warning,v05.energy_ev,v05.energy_ev_per_atom,v05.volume_a3,v05.release_ev_per_atom,v05.n_ionic_steps,v05.converged,v05.elapsed_s,v05.close_ions_warning,v06.energy_ev,v06.energy_ev_per_atom,v06.volume_a3,v06.release_ev_per_atom,v06.n_ionic_steps,v06.converged,v06.elapsed_s,v06.close_ions_warning,v07.energy_ev,v07.energy_ev_per_atom,v07.volume_a3,v07.release_ev_per_atom,v07.n_ionic_steps,v07.converged,v07.elapsed_s,v07.close_ions_warning,v08.energy_ev,v08.energy_ev_per_atom,v08.volume_a3,v08.release_ev_per_atom,v08.n_ionic_steps,v08.converged,v08.elapsed_s,v08.close_ions_warning,v09.energy_ev,v09.energy_ev_per_atom,v09.volume_a3,v09.release_ev_per_atom,v09.n_ionic_steps,v09.converged,v09.elapsed_s,v09.close_ions_warning,v10.energy_ev,v10.energy_ev_per_atom,v10.volume_a3,v10.release_ev_per_atom,v10.n_ionic_steps,v10.converged,v10.elapsed_s,v10.close_ions_warning,v11.energy_ev,v11.energy_ev_per_atom,v11.volume_a3,v11.release_ev_per_atom,v11.n_ionic_steps,v11.converged,v11.elapsed_s,v11.close_ions_warning,v12.energy_ev,v12.energy_ev_per_atom,v12.volume_a3,v12.release_ev_per_atom,v12.n_ionic_steps,v12.converged,v12.elapsed_s,v12.close_ions_warning,v13.energy_ev,v13.energy_ev_per_atom,v13.volume_a3,v13.release_ev_per_atom,v13.n_ionic_steps,v13.converged,v13.elapsed_s,v13.close_ions_warning,v14.energy_ev,v14.energy_ev_per_atom,v14.volume_a3,v14.release_ev_per_atom,v14.n_ionic_steps,v14.converged,v14.elapsed_s,v14.close_ions_warning,v15.energy_ev,v15.energy_ev_per_atom,v15.volume_a3,v15.release_ev_per_atom,v15.n_ionic_steps,v15.converged,v15.elapsed_s,v15.close_ions_warning,v16.energy_ev,v16.energy_ev_per_atom,v16.volume_a3,v16.release_ev_per_atom,v16.n_ionic_steps,v16.converged,v16.elapsed_s,v16.close_ions_warning
E1-cod-1001469,E1,complete,,Ba2CePtO6,10,520.0,1000,cod-1001469,O,0.933488,2.234,standard,284.38518784,28.438518784000003,39.47023472087249,0.0,1,False,39.222,True,134.2434848,13.42434848,50.18293152879449,0.0,1,False,37.351,False,43.24196873,4.324196873,62.67727087620031,0.0,1,False,63.512,False,-11.61645288,-1.161645288,77.09030218920411,0.0,1,False,49.242,False,-43.33441854,-4.333441854,93.55907489392003,0.0,1,False,39.428,False,-59.98276783,-5.998276783,112.22063841646214,0.0,1,False,37.643,False,-67.3042713,-6.73042713,133.2120421829447,0.0,1,False,39.332,False,-69.04312533,-6.904312533,156.6703356194818,0.0,1,False,35.601,False,-67.57796353,-6.757796353000001,182.73256815218755,0.0,1,False,42.628,False,-64.38736622,-6.438736622,211.53578920717607,0.0,1,False,90.069,False,-60.36764263,-6.036764263,243.21704821056161,0.0,1,False,238.501,False,-56.04860768,-5.604860768,277.9133945884581,0.0,1,False,99.875,False,-51.74158571,-5.174158571,315.7618777669799,0.0,1,False,272.768,False,-47.69887476,-4.769887476,356.89954717224117,0.0,1,False,397.218,False,-44.60650387,-4.460650386999999,401.4634522303559,0.0,1,False,970.811,False,-41.02722918,-4.1027229179999996,449.59064236743853,0.0,1,False,890.859,False,-38.12708332,-3.8127083319999997,501.4181670096025,0.0,1,False,644.086,False
E1-cod-1004057,E1,complete,,WO3,12,520.0,768,cod-1004057,O,0.943335,2.0,standard,468.09662749,39.008052290833334,46.27506730812833,0.0,1,False,10.724,True,234.0283846,19.502365383333334,58.834677590253435,0.0,1,False,10.981,True,87.21987364,7.268322803333334,73.483092993926,0.0,1,False,11.224,False,-4.79637271,-0.39969772583333335,90.38099083618813,0.0,1,False,12.167,False,-60.43337039,-5.036114199166667,109.689048434082,0.0,1,False,12.789,False,-90.9848691,-7.582072425,131.56794310464957,0.0,1,False,14.023,False,-105.03258408,-8.75271534,156.1783521649332,0.0,1,False,15.814,False,-108.72809108,-9.060674256666667,183.68095293197456,0.0,1,False,18.349,False,-106.27990633,-8.856658860833333,214.23642272281631,0.0,1,False,19.899,False,-100.43504141,-8.369586784166666,248.0054388545003,0.0,1,False,21.293,False,-92.93446802,-7.744539001666666,285.14867864406875,0.0,1,False,28.177,False,-84.84667126,-7.0705559383333325,325.82681940856327,0.0,1,False,41.334,False,-76.7997439,-6.399978658333333,370.2005384650266,0.0,1,False,59.496,False,-69.13896649,-5.761580540833333,418.43051313050074,0.0,1,False,74.818,False,-62.04052786,-5.170043988333333,470.6774207220275,0.0,1,False,94.415,False,-55.57637315,-4.631364429166667,527.1019385566493,0.0,1,False,113.001,False,-49.75757192,-4.146464326666666,587.864743951408,0.0,1,False,161.89,False
E1-cod-1008795,E1,complete,,ZrCoF6,8,520.0,1000,cod-1008795,F,0.966474,2.05,standard,208.18274408,26.02284301,30.500032387088368,0.0,1,False,15.978,True,105.82381656,13.22797707,38.778108306963645,0.0,1,False,13.537,True,40.7444619,5.0930577375,48.43292179986719,0.0,1,False,18.953,True,-0.25225199,-0.03153149875,59.57037575603198,0.0,1,False,56.962,False,-25.22501659,-3.15312707375,72.29637306569099,0.0,1,False,16.181,False,-39.25906824,-4.90738353,86.71681661907708,0.0,1,False,16.414,False,-46.30085707,-5.78760713375,102.93760930642328,0.0,1,False,16.93,False,-49.69802341,-6.21225292625,121.06465401796248,0.0,1,False,19.813,False,-50.17883949,-6.27235493625,141.2038536439277,0.0,1,False,21.275,False,-49.0346785,-6.1293348125,163.46111107455178,0.0,1,False,20.907,False,-46.96634122,-5.8707926525,187.94232920006777,0.0,1,False,21.806,False,-44.41604759,-5.55200594875,214.75341091070848,0.0,1,False,28.974,False,-41.66275328,-5.20784416,244.00025909670694,0.0,1,False,34.877,False,-38.88379702,-4.8604746275,275.7887766482962,0.0,1,False,40.372,False,-36.191202,-4.52390025,310.22486645570916,0.0,1,False,58.351,False,-33.65236424,-4.20654553,347.4144314091785,0.0,1,False,60.237,False,-31.30240287,-3.91280035875,387.4633743989375,0.0,1,False,86.54,False
E1-cod-1010145,E1,complete,,Cs2AgAuCl6,10,520.0,512,cod-1010145,Cl,0.917905,2.7323,standard,146.54491835,14.654491834999998,79.67991260810197,0.0,1,False,7.061,False,64.35142788,6.435142788,101.30600000000004,0.0,1,False,7.971,False,17.80312984,1.780312984,126.52875011379157,0.0,1,False,8.288,False,-7.725498,-0.7725498,155.62482931269918,0.0,1,False,9.391,False,-20.83274625,-2.083274625,188.87090395994545,0.0,1,False,9.556,False,-26.82988914,-2.682988914,226.54364041875286,0.0,1,False,12.77,False,-28.8732542,-2.8873254200000003,268.91970505234417,0.0,1,False,13.313,False,-28.8032356,-2.88032356,316.2757642239417,0.0,1,False,16.568,False,-27.67801875,-2.767801875,368.8884842967684,0.0,1,False,17.374,False,-26.09652872,-2.609652872,427.0345316340465,0.0,1,False,22.205,False,-24.3896834,-2.4389683399999997,490.99057259899894,0.0,1,False,29.294,False,-22.73289806,-2.273289806,561.0332735548476,0.0,1,False,32.313,False,-21.22164068,-2.122164068,637.4393008648158,0.0,1,False,36.351,False,-19.89273346,-1.9892733459999998,720.4853208921259,0.0,1,False,50.225,False,-18.73616061,-1.8736160609999999,810.4480000000003,0.0,1,False,55.137,False,-17.73039947,-1.7730399469999998,907.6040045516618,0.0,1,False,63.308,False,-16.85254768,-1.685254768,1012.2300009103326,0.0,1,False,65.536,False
E1-cod-1010173,E1,complete,,K2SnCl6,9,520.0,729,cod-1010173,Cl,0.978334,2.5,standard,186.1076524,20.678628044444444,57.37405332812013,0.0,1,False,6.12,True,98.31875695,10.924306327777778,72.94606201497682,0.0,1,False,6.688,False,43.11163216,4.790181351111111,91.10787172011666,0.0,1,False,7.219,False,9.53744093,1.059715658888889,112.05869790648458,0.0,1,False,6.689,False,-10.26406014,-1.1404511266666666,135.99775603702554,0.0,1,False,8.232,False,-21.38198652,-2.37577628,163.1242615746841,0.0,1,False,8.467,False,-27.09954557,-3.011060618888889,193.6374299824054,0.0,1,False,8.457,False,-29.53218962,-3.281354402222222,227.7364767231341,0.0,1,False,11.527,False,-30.019032,-3.335448,265.62061725981533,0.0,1,False,12.034,False,-29.40112827,-3.26679203,307.4890670553938,0.0,1,False,13.29,False,-28.20520214,-3.133911348888889,353.5410415728145,0.0,1,False,15.939,False,-26.75589785,-2.972877538888889,403.9757562750217,0.0,1,False,20.258,False,-25.24618685,-2.8051318722222223,458.992426624961,0.0,1,False,20.883,False,-23.78330408,-2.642589342222222,518.7902680855769,0.0,1,False,27.446,False,-22.43511492,-2.492790546666667,583.5684961198145,0.0,1,False,29.792,False,-21.24966644,-2.361074048888889,653.5263261906183,0.0,1,False,33.269,False,-20.20578409,-2.245087121111111,728.8629737609333,0.0,1,False,43.116,False
E1-cod-1010175,E1,complete,,Rb2SnCl6,9,520.0,512,cod-1010175,Cl,0.969504,2.5,standard,192.39777272,21.377530302222223,61.03515625000007,0.0,1,False,6.422,True,101.11427484,11.234919426666666,77.60083233868643,0.0,1,False,6.119,False,44.34420831,4.927134256666666,96.9215675636575,0.0,1,False,6.911,False,10.04339751,1.1159330566666668,119.20928955078136,0.0,1,False,6.61,False,-10.08866376,-1.12096264,144.6759259259261,0.0,1,False,7.492,False,-21.35309591,-2.3725662122222224,173.53340431495968,0.0,1,False,7.628,False,-27.13448007,-3.01494223,205.99365234375026,0.0,1,False,8.821,False,-29.59675575,-3.288528416666667,242.26859763816574,0.0,1,False,10.981,False,-30.10061185,-3.3445124277777776,282.57016782407436,0.0,1,False,11.686,False,-29.49586603,-3.2773184477777777,327.11029052734415,0.0,1,False,13.85,False,-28.3121284,-3.1457920444444443,376.1008933738432,0.0,1,False,14.251,False,-26.87471269,-2.9860791877777775,429.753903989439,0.0,1,False,17.147,False,-25.37633224,-2.819592471111111,488.28125000000057,0.0,1,False,23.67,False,-23.92338239,-2.658153598888889,551.8948590313953,0.0,1,False,25.542,False,-22.58071656,-2.5089685066666667,620.8066587094914,0.0,1,False,28.368,False,-21.4085163,-2.378724033333333,695.2285766601572,0.0,1,False,37.262,False,-20.3798851,-2.2644316777777775,775.37254050926,0.0,1,False,38.234,False
E1-cod-1010177,E1,complete,,Tl2SnCl6,9,520.0,512,cod-1010177,Cl,0.95712,2.5,standard,194.63761859,21.626402065555553,61.03515625000004,0.0,1,False,6.815,True,100.89220451,11.210244945555555,77.60083233868639,0.0,1,False,6.314,False,44.34819504,4.927577226666667,96.92156756365745,0.0,1,False,6.992,False,10.47315408,1.1636837866666667,119.20928955078132,0.0,1,False,7.536,False,-9.31511127,-1.0350123633333332,144.67592592592604,0.0,1,False,8.041,False,-20.31917861,-2.2576865122222225,173.53340431495957,0.0,1,False,8.2,False,-25.89160585,-2.8768450944444446,205.99365234375017,0.0,1,False,9.558,False,-28.17957677,-3.131064085555556,242.26859763816566,0.0,1,False,11.727,False,-28.53927493,-3.171030547777778,282.5701678240742,0.0,1,False,12.623,False,-27.8197135,-3.091079277777778,327.1102905273441,0.0,1,False,15.923,False,-26.547717,-2.949746333333333,376.100893373843,0.0,1,False,16.632,False,-25.04374276,-2.7826380844444447,429.7539039894389,0.0,1,False,19.993,False,-23.49576925,-2.6106410277777776,488.28125000000034,0.0,1,False,27.221,False,-22.00593632,-2.4451040355555556,551.8948590313951,0.0,1,False,28.186,False,-20.63568364,-2.2928537377777776,620.8066587094911,0.0,1,False,31.646,False,-19.44154328,-2.160171475555556,695.2285766601569,0.0,1,False,41.553,False,-18.39501671,-2.0438907455555557,775.3725405092596,0.0,1,False,43.482,False
E1-cod-1010280,E1,complete,,Pr2O3,5,520.0,1183,cod-1010280,O,0.878822,1.897,standard,146.67040043,29.334080086,24.510628613795095,0.0,1,False,18.155,True,72.74121567,14.548243134,31.163108254923507,0.0,1,False,17.58,False,29.37050275,5.87410055,38.92197043764683,0.0,1,False,17.415,False,3.5634529,0.7126905800000001,47.87232151131855,0.0,1,False,16.737,False,-11.89701437,-2.379402874,58.09926782529207,0.0,1,False,24.257,False,-21.04051017,-4.208102034,69.68791572892087,0.0,1,False,31.694,False,-26.09398322,-5.218796643999999,82.72337157155843,0.0,1,False,20.653,False,-28.40406805,-5.6808136099999995,97.29074170255817,0.0,1,False,20.566,False,-28.93499406,-5.786998812,113.47513247127355,0.0,1,False,26.184,False,-28.33883884,-5.667767768,131.36165022705808,0.0,1,False,34.335,False,-27.05991503,-5.411983006,151.03540131926513,0.0,1,False,36.288,False,-25.3966278,-5.07932556,172.5814920972481,0.0,1,False,42.013,False,-23.9424737,-4.78849474,196.08502891036076,0.0,1,False,44.978,False,-22.12289912,-4.424579824,221.63111810795627,0.0,1,False,55.786,False,-20.33834766,-4.067669532,249.30486603938806,0.0,1,False,70.062,False,-18.64774525,-3.72954905,279.19137905400976,0.0,1,False,83.687,False,-17.08823739,-3.417647478,311.3757635011746,0.0,1,False,97.833,False
E1-cod-1010285,E1,complete,,Cs2SiF6,9,520.0,1000,cod-1010285,F,1.05438,1.7706,standard,252.92667917,28.102964352222223,32.367336691611456,0.0,1,False,6.309,True,132.69217958,14.743575508888888,41.152221476545364,0.0,1,False,6.132,True,58.0485241,6.4498360111111115,51.398131876031165,0.0,1,False,5.935,True,12.07124315,1.341249238888889,63.217454475803656,0.0,1,False,6.728,False,-15.58298675,-1.7314429722222222,76.72257586159759,0.0,1,False,6.211,False,-31.54524352,-3.505027057777778,92.02588261914762,0.0,1,False,7.522,False,-40.15807557,-4.462008396666667,109.23976133418871,0.0,1,False,7.818,False,-44.22817837,-4.914242041111112,128.47659859245545,0.0,1,False,7.38,False,-45.53003276,-5.058892528888888,149.84878097968272,0.0,1,False,9.276,False,-45.17867471,-5.019852745555556,173.4686950816052,0.0,1,False,8.4,False,-43.8752849,-4.8750316555555555,199.44872748395778,0.0,1,False,10.509,False,-42.060966,-4.673440666666667,227.90126477247495,0.0,1,False,12.989,False,-40.01324182,-4.445915757777778,258.93869353289165,0.0,1,False,13.414,False,-37.90618377,-4.211798196666667,292.67340035094276,0.0,1,False,13.762,False,-35.84772381,-3.983080423333333,329.2177718123629,0.0,1,False,16.363,False,-33.90161767,-3.766846407777778,368.6841945028869,0.0,1,False,17.06,False,-32.10189412,-3.566877124444444,411.1850550082493,0.0,1,False,20.668,False
E1-cod-1010286,E1,complete,,Cs2GeF6,9,520.0,729,cod-1010286,F,0.966667,1.86,standard,194.56590697,21.618434107777777,43.435278000000025,0.0,1,False,7.636,True,94.71070794,10.523411993333333,55.22413528125005,0.0,1,False,6.536,False,36.11572467,4.012858296666667,68.97361275000003,0.0,1,False,6.85,False,0.74270733,0.08252303666666666,84.83452734375008,0.0,1,False,7.661,False,-20.48973181,-2.2766368677777775,102.95769600000011,0.0,1,False,7.493,False,-32.59596243,-3.621773603333333,123.49393565625007,0.0,1,False,8.303,False,-38.84628925,-4.316254361111111,146.59406325000012,0.0,1,False,8.72,False,-41.48798867,-4.609776518888889,172.4088957187501,0.0,1,False,8.739,False,-41.97793343,-4.664214825555556,201.08925000000013,0.0,1,False,10.583,False,-41.22328478,-4.580364975555556,232.78594303125013,0.0,1,False,12.553,False,-39.78964982,-4.421072202222223,267.6497917500003,0.0,1,False,12.775,False,-38.02912032,-4.225457813333333,305.8316130937502,0.0,1,False,13.72,False,-36.15675779,-4.017417532222222,347.4822240000002,0.0,1,False,16.597,False,-34.30208106,-3.81134234,392.7524414062502,0.0,1,False,19.017,False,-32.54076522,-3.6156405799999995,441.7930822500004,0.0,1,False,20.455,False,-30.9114103,-3.4346011444444446,494.7549634687504,0.0,1,False,26.702,False,-29.42281,-3.269201111111111,551.7889020000002,0.0,1,False,28.829,False
E1-cod-1010649,E1,complete,,GeS,8,520.0,480,cod-1010649,S,0.848572,2.57,standard,91.10261514,11.3878268925,57.51929264129365,0.0,1,False,14.83,False,33.12834549,4.14104318625,73.13072102599665,0.0,1,False,13.998,False,0.60659042,0.0758238025,91.33850637020242,0.0,1,False,13.603,False,-17.42587296,-2.17823412,112.3423684400267,0.0,1,False,14.399,False,-27.20067391,-3.40008423875,136.34202700158502,0.0,1,False,17.678,False,-32.27895343,-4.03486917875,163.53720182099292,0.0,1,False,18.358,False,-34.48894686,-4.3111183575,194.12761266436615,0.0,1,False,21.939,False,-34.75977397,-4.34497174625,228.31297929782016,0.0,1,False,24.141,False,-33.77796703,-4.22224587875,266.29302148747064,0.0,1,False,27.008,False,-32.02923005,-4.00365375625,308.2674589994332,0.0,1,False,29.085,False,-29.85068758,-3.7313359475,354.43601159982353,0.0,1,False,39.266,False,-27.4731448,-3.4341431,404.9983990547569,0.0,1,False,52.073,False,-25.05163476,-3.131454345,460.1543411303492,0.0,1,False,58.456,False,-22.68740673,-2.83592584125,520.1035575927161,0.0,1,False,74.952,False,-20.44367132,-2.555458915,585.0457682079732,0.0,1,False,87.009,False,-18.35684005,-2.29460500625,655.1806927422357,0.0,1,False,149.256,False,-16.44486404,-2.055608005,730.7080509616194,0.0,1,False,179.167,False
E1-cod-1101062,E1,complete,,CaFe2O3,6,520.0,192,cod-1101062,O,0.840497,2.18,standard,-21.6737846,-3.6122974333333335,169.81900006317628,0.0,1,False,54.78,False,-29.65032162,-4.94172027,215.90992079791576,0.0,1,False,69.395,False,-32.82558931,-5.470931551666666,269.666282507729,0.0,1,False,71.389,False,-33.75868423,-5.626447371666667,331.6777344983914,0.0,1,False,108.988,False,-32.98564068,-5.497606780000001,402.5339260756773,0.0,1,False,130.377,False,-31.40993422,-5.234989036666667,482.8245065453619,0.0,1,False,296.032,False,-29.54367749,-4.923946248333333,573.1391252132203,0.0,1,False,230.879,False,-27.62027129,-4.603378548333334,674.0674313850269,0.0,1,False,505.929,False,-24.68777642,-4.114629403333333,786.1990743665573,0.0,1,False,1610.755,False,-23.68291238,-3.9471520633333337,910.1237034635856,0.0,1,False,1861.04,False,-22.27266397,-3.712110661666667,1046.4309679818878,0.0,1,False,1327.388,False,-20.50306232,-3.4171770533333334,1195.7105172272375,0.0,1,False,2608.937,False,-19.07753852,-3.1795897533333335,1358.5520005054102,0.0,1,False,3193.105,False,-17.53513812,-2.92252302,1535.545067122182,0.0,1,False,3846.796,False,-16.86672316,-2.8111205266666666,1727.279366383326,0.0,1,False,4556.138,False,-16.01968759,-2.6699479316666666,1934.3445475946187,0.0,1,False,5208.418,False,-15.52792184,-2.5879869733333334,2157.330260061832,0.0,1,False,5692.381,False
E1-cod-1507759,E1,complete,,MnNbF6,8,520.0,1210,cod-1507759,F,0.975252,2.0212,standard,261.99237573,32.74904696625,28.068291120128677,0.0,1,False,89.212,True,128.97942162,16.1224277025,35.68636318919139,0.0,1,False,94.091,True,48.35779199,6.04472399875,44.57140673242656,0.0,1,False,87.579,False,1.10992254,0.1387403175,54.82088109400134,0.0,1,False,86.018,False,-25.34410153,-3.16801269125,66.53224561808283,0.0,1,False,110.78,False,-39.36422213,-4.92052776625,79.80295964883808,0.0,1,False,150.496,False,-46.10322478,-5.7629030975,94.73048253043433,0.0,1,False,436.053,False,-50.76044018,-6.3450550225,111.41227360703857,0.0,1,False,177.687,False,-51.50183636,-6.437729545,129.94579222281797,0.0,1,False,160.479,False,-50.6165553,-6.3270694125,150.42849772193964,0.0,1,False,168.374,False,-48.73170958,-6.0914636975,172.95784944857076,0.0,1,False,177.351,False,-46.3231517,-5.7903939625,197.6313067468782,0.0,1,False,203.992,False,-43.68780445,-5.46097555625,224.54632896102942,0.0,1,False,265.044,False,-41.0103292,-5.12629115,253.8003754351913,0.0,1,False,328.974,False,-38.40629024,-4.80078628,285.4909055135311,0.0,1,False,467.856,False,-35.94937556,-4.493671945,319.7153785402158,0.0,1,False,500.136,False,-33.68801463,-4.21100182875,356.5712538594125,0.0,1,False,589.775,False
E1-cod-1509349,E1,complete,,GaAgS2,8,520.0,512,cod-1509349,S,0.816538,2.703,standard,63.31510876,7.914388595,62.22997418337779,0.0,1,False,15.863,False,13.26231811,1.65778976375,79.11993824125058,0.0,1,False,17.921,False,-12.71430753,-1.58928844125,98.8188941893453,0.0,1,False,25.511,False,-25.32296932,-3.165371165,121.54291832690977,0.0,1,False,21.266,False,-30.51173917,-3.81396739625,147.5080869531918,0.0,1,False,22.517,False,-31.64140233,-3.95517529125,176.9304763674393,0.0,1,False,24.499,False,-30.63009766,-3.8287622075,210.02616286890014,0.0,1,False,29.613,False,-28.57246733,-3.57155841625,247.01122275682195,0.0,1,False,33.281,False,-26.09277206,-3.2615965075,288.1017323304527,0.0,1,False,41.523,False,-23.54466046,-2.9430825575,333.5137678890405,0.0,1,False,46.432,False,-21.12467719,-2.64058464875,383.4634057318328,0.0,1,False,65.614,False,-18.93173522,-2.3664669025,438.1667221580773,0.0,1,False,77.193,False,-17.00133911,-2.12516738875,497.83979346702233,0.0,1,False,86.315,False,-15.32967601,-1.91620950125,562.6986959579157,0.0,1,False,107.179,False,-13.89663609,-1.73707951125,632.9595059300046,0.0,1,False,125.884,False,-12.66793865,-1.58349233125,708.8382996825377,0.0,1,False,135.389,False,-11.60636593,-1.45079574125,790.5511535147624,0.0,1,False,161.807,False
E1-cod-1509476,E1,complete,,Na3AgS2,12,520.0,294,cod-1509476,S,0.792679,2.99,standard,8.28545132,0.6904542766666667,120.02315263432858,0.0,1,False,19.571,False,-19.8315718,-1.6526309833333332,152.59888098241893,0.0,1,False,21.299,False,-33.33225178,-2.7776876483333335,190.5923210813643,0.0,1,False,28.603,False,-38.94408108,-3.2453400899999996,234.42021998892304,0.0,1,False,33.806,False,-40.34158895,-3.361799079166667,284.49932476285306,0.0,1,False,40.16,False,-39.53177964,-3.2943149700000003,341.24638246091223,0.0,1,False,53.587,False,-37.61284101,-3.1344034174999997,405.0781401408589,0.0,1,False,68.327,False,-35.1868041,-2.9322336750000004,476.4113448604513,0.0,1,False,87.794,False,-32.58220046,-2.715183371666667,555.662743677447,0.0,1,False,111.321,False,-29.97696022,-2.4980800183333334,643.2490836496049,0.0,1,False,128.267,False,-27.46649989,-2.2888749908333335,739.5871118346826,0.0,1,False,160.691,False,-25.10054476,-2.091712063333333,845.0935752904373,0.0,1,False,199.054,False,-22.9030821,-1.9085901749999998,960.1852210746287,0.0,1,False,214.819,False,-20.88302198,-1.7402518316666666,1085.278796245014,0.0,1,False,280.04,False,-19.04065265,-1.5867210541666665,1220.7910478593515,0.0,1,False,312.261,False,-17.37133361,-1.4476111341666666,1367.1387229753993,0.0,1,False,419.536,False,-15.86756705,-1.3222972541666667,1524.7385686509144,0.0,1,False,506.876,False
E1-cod-1509527,E1,complete,,TaAgS3,10,520.0,360,cod-1509527,S,0.796008,2.99,standard,38.56945725,3.856945725,78.7487012903816,0.0,1,False,14.462,False,-16.8833615,-1.68833615,100.1220467216253,0.0,1,False,14.451,False,-44.89112473,-4.4891124730000005,125.05002103055973,0.0,1,False,14.354,False,-57.08834791,-5.708834791,153.80605720777663,0.0,1,False,15.996,False,-60.33662464,-6.033662464,186.66358824386757,0.0,1,False,18.539,False,-58.69526567,-5.869526566999999,223.89604712942412,0.0,1,False,23.167,False,-54.56866443,-5.456866443,265.77686685503807,0.0,1,False,29.038,False,-49.36655349,-4.9366553490000005,312.5794804113007,0.0,1,False,34.485,False,-43.89241154,-4.389241154,364.5773207888038,0.0,1,False,42.617,False,-38.59027995,-3.8590279950000004,422.0438209781391,0.0,1,False,57.991,False,-33.69160846,-3.3691608459999998,485.25241396989816,0.0,1,False,74.572,False,-29.30193115,-2.9301931150000002,554.476532754672,0.0,1,False,101.244,False,-25.45310922,-2.545310922,629.9896103230528,0.0,1,False,112.124,False,-22.13659236,-2.2136592360000003,712.0650796656327,0.0,1,False,158.356,False,-19.32221842,-1.932221842,800.9763737730024,0.0,1,False,206.193,False,-16.96795042,-1.6967950420000002,896.9969256357534,0.0,1,False,266.528,False,-15.02541784,-1.502541784,1000.4001682444779,0.0,1,False,309.423,False
E1-cod-1510743,E1,complete,,La3Ni2B2N3,10,520.0,980,cod-1510743,N,1.05839,1.7186,standard,495.02672626,49.502672626,26.19657461137427,0.0,1,False,119.18,True,285.71006231,28.571006231000002,33.306640290040086,0.0,1,False,104.809,False,152.46566971,15.246566970999998,41.599190239358215,0.0,1,False,101.927,False,66.11179872,6.611179871999999,51.16518478784035,0.0,1,False,106.452,False,9.87167309,0.9871673089999999,62.09558426399826,0.0,1,False,105.43,False,-26.60278735,-2.660278735,74.4813489963436,0.0,1,False,118.244,False,-49.44998523,-4.944998523000001,88.41343931338815,0.0,1,False,134.558,False,-62.88457912,-6.288457912,103.98281554364355,0.0,1,False,145.484,False,-69.75705538,-6.975705538,121.28043801562161,0.0,1,False,160.621,False,-72.06515576,-7.206515575999999,140.39726705783394,0.0,1,False,192.373,False,-71.38528679,-7.138528678999999,161.4242629987924,0.0,1,False,218.977,False,-68.84342076,-6.884342076,184.45238616700843,0.0,1,False,238.622,False,-65.19957039,-6.519957039,209.57259689099416,0.0,1,False,267.665,False,-60.96236629,-6.096236629,236.87585549926087,0.0,1,False,362.837,False,-56.47331005,-5.647331005,266.4531223203207,0.0,1,False,441.759,False,-51.95484607,-5.195484607,298.3953576826851,0.0,1,False,547.216,False,-47.55136398,-4.755136397999999,332.7935219148657,0.0,1,False,687.381,False
E1-cod-1511018,E1,complete,,Ca3BN3,7,520.0,605,cod-1511018,N,0.781479,1.73,standard,-9.07650115,-1.2966430214285716,46.83228627226892,0.0,1,False,5.403,False,-29.98189139,-4.283127341428572,59.54313248852709,0.0,1,False,5.983,False,-40.35824318,-5.765463311428571,74.36793607124181,0.0,1,False,5.701,False,-44.47673161,-6.353818801428572,91.4693091255252,0.0,1,False,6.626,False,-44.95778715,-6.422541021428572,111.00986375648932,0.0,1,False,7.265,False,-43.38178709,-6.1973981557142865,133.15221206924605,0.0,1,False,7.985,False,-40.70054432,-5.814363474285714,158.05896616890752,0.0,1,False,8.408,False,-37.48721907,-5.35531701,185.89273816058588,0.0,1,False,9.078,False,-34.08438249,-4.869197498571429,216.81614014939308,0.0,1,False,11.043,False,-30.69580123,-4.3851144614285715,250.99178424044126,0.0,1,False,12.217,False,-27.43919805,-3.919885435714286,288.58228253884226,0.0,1,False,15.583,False,-24.37879549,-3.48268507,329.7502471497081,0.0,1,False,16.407,False,-21.54894133,-3.07842019,374.65829017815133,0.0,1,False,20.749,False,-18.96598822,-2.7094268885714285,423.4690237292833,0.0,1,False,24.071,False,-16.63621432,-2.376602045714286,476.34505990821674,0.0,1,False,33.137,False,-14.55968541,-2.0799550585714286,533.4490108200631,0.0,1,False,35.77,False,-12.73229699,-1.81889957,594.9434885699345,0.0,1,False,41.908,False
E1-cod-1511203,E1,complete,,LaNiBN,8,520.0,1372,cod-1511203,N,1.058834,1.8138,standard,427.31038033,53.41379754125,19.341092780934286,0.0,1,False,38.208,True,250.99386446,31.3742330575,24.59049817113,0.0,1,False,41.964,False,138.24024982,17.2800312275,30.712938999353973,0.0,1,False,42.506,False,64.39808391,8.04976048875,37.77557183776228,0.0,1,False,42.981,False,16.06105696,2.00763212,45.845553258510925,0.0,1,False,47.547,False,-15.20600618,-1.9007507725,54.99003983375588,0.0,1,False,49.931,False,-34.82761536,-4.35345192,65.27618813565323,0.0,1,False,45.37,False,-46.45684968,-5.80710621,76.77115473635895,0.0,1,False,53.653,False,-52.58267411,-6.57283426375,89.5420962080291,0.0,1,False,57.897,False,-54.92824088,-6.86603011,103.65616912281972,0.0,1,False,62.284,False,-54.80298037,-6.85037254625,119.18053005288675,0.0,1,False,64.843,False,-53.12155672,-6.64019459,136.18233557038624,0.0,1,False,72.776,False,-50.4951945,-6.3118993125,154.7287422474743,0.0,1,False,78.302,False,-47.33783704,-5.91722963,174.88690665630685,0.0,1,False,96.876,False,-43.92490018,-5.4906125225,196.72398536904,0.0,1,False,109.657,False,-40.44684055,-5.05585506875,220.30713495782973,0.0,1,False,125.084,False,-37.02943111,-4.62867888875,245.70351199483179,0.0,1,False,165.134,False
E1-cod-1511227,E1,complete,,Li3BN2,12,649.0,512,cod-1511227,N,0.773604,1.73,standard,-33.22460851,-2.7687173758333334,52.90646746270958,0.0,1,False,6.087,False,-53.78171548,-4.4818096233333335,67.26591956919732,0.0,1,False,6.032,False,-64.06497726,-5.3387481050000005,84.01351083198789,0.0,1,False,7.013,False,-68.04323768,-5.670269806666667,103.33294426310466,0.0,1,False,8.544,False,-68.18222368,-5.681851973333334,125.40792287457087,0.0,1,False,9.013,False,-66.0480327,-5.504002724999999,150.42214967840982,0.0,1,False,10.349,False,-62.63433767,-5.219528139166667,178.55932768664493,0.0,1,False,13.095,False,-58.56783513,-4.8806529275,210.00315991129918,0.0,1,False,14.172,False,-54.2513758,-4.5209479833333335,244.93734936439625,0.0,1,False,16.813,False,-49.9340376,-4.161169800000001,283.5455990579593,0.0,1,False,20.453,False,-45.7617372,-3.8134780999999998,326.0116120040115,0.0,1,False,23.671,False,-41.81831926,-3.4848599383333334,372.5190912145761,0.0,1,False,34.546,False,-38.14865646,-3.179054705,423.2517397016766,0.0,1,False,37.011,False,-34.76948865,-2.8974573875,478.3932604773365,0.0,1,False,45.526,False,-31.67879086,-2.6398992383333333,538.1273565535786,0.0,1,False,56.658,False,-28.86733265,-2.4056110541666667,602.6377309424265,0.0,1,False,64.812,False,-26.32224184,-2.1935201533333335,672.1080866559031,0.0,1,False,68.323,False
