analysis_unit,provenance,score_model,decile,n,weight_sum,score_min,score_median,score_max,tie_with_previous_decile,tie_with_next_decile,ties_split_across_boundary,decile_definition,parse_ok_rate,n_elements_known_n,n_elements_mean,n_elements_median,n_sites_known_n,n_sites_mean,n_sites_median,L2_pass_n,L2_pass_weight,L2_pass_rate,L2_explicit_violation_n,L2_explicit_violation_weight,L2_explicit_violation_rate,L2_no_verdict_n,L2_no_verdict_weight,L2_no_verdict_rate,L4_pass_n,L4_pass_weight,L4_pass_rate,L4_explicit_violation_n,L4_explicit_violation_weight,L4_explicit_violation_rate,L4_no_verdict_n,L4_no_verdict_weight,L4_no_verdict_rate,D1_pass_n,D1_pass_weight,D1_pass_rate,D1_explicit_violation_n,D1_explicit_violation_weight,D1_explicit_violation_rate,D1_no_verdict_n,D1_no_verdict_weight,D1_no_verdict_rate,D2_pass_n,D2_pass_weight,D2_pass_rate,D2_explicit_violation_n,D2_explicit_violation_weight,D2_explicit_violation_rate,D2_no_verdict_n,D2_no_verdict_weight,D2_no_verdict_rate,D3_pass_n,D3_pass_weight,D3_pass_rate,D3_explicit_violation_n,D3_explicit_violation_weight,D3_explicit_violation_rate,D3_no_verdict_n,D3_no_verdict_weight,D3_no_verdict_rate,D4_pass_n,D4_pass_weight,D4_pass_rate,D4_explicit_violation_n,D4_explicit_violation_weight,D4_explicit_violation_rate,D4_no_verdict_n,D4_no_verdict_weight,D4_no_verdict_rate,D5_pass_n,D5_pass_weight,D5_pass_rate,D5_explicit_violation_n,D5_explicit_violation_weight,D5_explicit_violation_rate,D5_no_verdict_n,D5_no_verdict_weight,D5_no_verdict_rate,D6_pass_n,D6_pass_weight,D6_pass_rate,D6_explicit_violation_n,D6_explicit_violation_weight,D6_explicit_violation_rate,D6_no_verdict_n,D6_no_verdict_weight,D6_no_verdict_rate,D7_pass_n,D7_pass_weight,D7_pass_rate,D7_explicit_violation_n,D7_explicit_violation_weight,D7_explicit_violation_rate,D7_no_verdict_n,D7_no_verdict_weight,D7_no_verdict_rate,D8_pass_n,D8_pass_weight,D8_pass_rate,D8_explicit_violation_n,D8_explicit_violation_weight,D8_explicit_violation_rate,D8_no_verdict_n,D8_no_verdict_weight,D8_no_verdict_rate
orig_index_records_within_provenance,lemat,CLscore_A,1,610319,610319.0,0.0,0.0,6.000000212225132e-06,False,True,True,equal record count ordered by score then orig_index,1.0,610319,3.440630227798905,3.0,610319,6.465258332118122,4.0,32125,32125.0,0.05263640817343061,14247,14247.0,0.02334353018667287,563947,563947.0,0.9240200616398965,4222,4222.0,0.006917693861734601,432637,432637.0,0.7088702793129494,173460,173460.0,0.28421202682531593,43732,43732.0,0.07165433158725192,2631,2631.0,0.004310860386125944,563956,563956.0,0.9240348080266222,43101,43101.0,0.07062044602904383,860,860.0,0.0014090991760046796,566358,566358.0,0.9279704547949514,35642,35642.0,0.05839896840832417,11481,11481.0,0.018811473999662473,563196,563196.0,0.9227895575920133,48620,48620.0,0.07966325806668316,141,141.0,0.00023102672536820908,561558,561558.0,0.9201057152079486,48291,48291.0,0.07912419570749067,470,470.0,0.0007700890845606969,561558,561558.0,0.9201057152079486,42901,42901.0,0.07029274854625205,1094,1094.0,0.001792505230871069,566324,566324.0,0.9279147462228768,183887,183887.0,0.3012965350906657,426432,426432.0,0.6987034649093343,0,0.0,0.0,12140,12140.0,0.019891237205461407,10915,10915.0,0.01788409012336172,587264,587264.0,0.9622246726711768
orig_index_records_within_provenance,lemat,CLscore_A,2,610318,610318.0,6.000000212225132e-06,3.5000000934815034e-05,0.0001320000010309741,True,True,True,equal record count ordered by score then orig_index,1.0,610318,3.358942387411153,3.0,610318,7.262038805999495,5.0,54995,54995.0,0.09010876297274535,21147,21147.0,0.03464915011518585,534176,534176.0,0.8752420869120688,10426,10426.0,0.017082897768048787,369286,369286.0,0.6050714545532001,230606,230606.0,0.37784564767875106,72556,72556.0,0.11888228759433607,3548,3548.0,0.005813362869848178,534214,534214.0,0.8753043495358157,70448,70448.0,0.11542835046647813,1179,1179.0,0.00193177982625451,538691,538691.0,0.8826398697072674,60429,60429.0,0.0990123181685613,16916,16916.0,0.027716698507990915,532973,532973.0,0.8732709833234478,78732,78732.0,0.12900160244331643,497,497.0,0.0008143295790063541,531089,531089.0,0.8701840679776772,78002,78002.0,0.12780550467133528,1227,1227.0,0.002010427350987518,531089,531089.0,0.8701840679776772,70083,70083.0,0.11483030158048754,1590,1590.0,0.002605199256780891,538645,538645.0,0.8825644991627316,254208,254208.0,0.4165172909860106,356110,356110.0,0.5834827090139895,0,0.0,0.0,23262,23262.0,0.03811455667373402,14733,14733.0,0.024139874622737655,572323,572323.0,0.9377455687035283
orig_index_records_within_provenance,lemat,CLscore_A,3,610318,610318.0,0.0001320000010309741,0.000387999985832721,0.0009549999958835542,True,True,True,equal record count ordered by score then orig_index,1.0,610318,3.31797358098565,3.0,610318,7.521909889598537,5.0,76454,76454.0,0.12526912199869575,26368,26368.0,0.043203706919999085,507496,507496.0,0.8315271710813051,17410,17410.0,0.028526112616701457,349564,349564.0,0.5727571528285255,243344,243344.0,0.3987167345547731,98587,98587.0,0.1615338233511055,4137,4137.0,0.00677843353792613,507594,507594.0,0.8316877431109684,94744,94744.0,0.15523710590216902,1405,1405.0,0.0023020785885390894,514169,514169.0,0.8424608155092919,83347,83347.0,0.13656323424837544,21024,21024.0,0.03444761583305752,505947,505947.0,0.8289891499185671,105597,105597.0,0.17301963894232186,887,887.0,0.0014533407174620444,503834,503834.0,0.8255270203402161,104729,104729.0,0.17159742953673332,1755,1755.0,0.0028755501230506063,503834,503834.0,0.8255270203402161,94137,94137.0,0.1542425424123162,2075,2075.0,0.003399866954603993,514106,514106.0,0.8423575906330798,280738,280738.0,0.4599864333019836,329580,329580.0,0.5400135666980165,0,0.0,0.0,34532,34532.0,0.056580340085004864,17483,17483.0,0.028645722393899575,558303,558303.0,0.9147739375210956
orig_index_records_within_provenance,lemat,CLscore_A,4,610318,610318.0,0.0009549999958835542,0.0020639998838305473,0.004050999879837036,True,True,True,equal record count ordered by score then orig_index,1.0,610318,3.280865057232459,3.0,610318,7.827458800166471,5.0,99256,99256.0,0.1626299732270718,28484,28484.0,0.046670751968645854,482578,482578.0,0.7906992748042824,26597,26597.0,0.043578921152579476,331859,331859.0,0.5437476856327357,251862,251862.0,0.4126733932146848,122944,122944.0,0.20144252668281126,4649,4649.0,0.007617340468411549,482725,482725.0,0.7909401328487772,117524,117524.0,0.19256191034837578,1643,1643.0,0.002692039232006921,491151,491151.0,0.8047460504196173,107363,107363.0,0.17591321245645714,22166,22166.0,0.03631877152566367,480789,480789.0,0.7877680160178792,130696,130696.0,0.21414410192719205,1093,1093.0,0.0017908696777745373,478529,478529.0,0.7840650283950334,129567,129567.0,0.21229424660586776,2222,2222.0,0.0036407249990988303,478529,478529.0,0.7840650283950334,116781,116781.0,0.19134451220511275,2447,2447.0,0.004009385271284805,491090,491090.0,0.8046461025236025,303221,303221.0,0.4968246061889048,307097,307097.0,0.5031753938110952,0,0.0,0.0,48250,48250.0,0.07905714725765912,19403,19403.0,0.0317916233832199,542665,542665.0,0.8891512293591209
orig_index_records_within_provenance,lemat,CLscore_A,5,610318,610318.0,0.004050999879837036,0.007385999895632267,0.012746999971568584,True,True,True,equal record count ordered by score then orig_index,1.0,610318,3.248580248329559,3.0,610318,8.225126901058136,6.0,122911,122911.0,0.2013884565095573,28485,28485.0,0.04667239045874446,458922,458922.0,0.7519391530316982,39284,39284.0,0.06436644503357267,309432,309432.0,0.5070012681913363,261602,261602.0,0.428632286775091,145950,145950.0,0.23913762989130258,5183,5183.0,0.008492294181066264,459185,459185.0,0.7523700759276312,139866,139866.0,0.2291690561313938,1847,1847.0,0.003026291212122205,468605,468605.0,0.767804652656484,132095,132095.0,0.21643634957513952,21225,21225.0,0.03477695234287699,456998,456998.0,0.7487866980819835,154428,154428.0,0.2530287489472701,1336,1336.0,0.0021890227717353905,454554,454554.0,0.7447822282809945,153277,153277.0,0.2511428468437765,2487,2487.0,0.004074924875228979,454554,454554.0,0.7447822282809945,138842,138842.0,0.22749124227042297,2961,2961.0,0.004851569181967433,468515,468515.0,0.7676571885476096,328799,328799.0,0.5387339059310065,281519,281519.0,0.46126609406899355,0,0.0,0.0,65092,65092.0,0.10665259749835332,20409,20409.0,0.03343994442241586,524817,524817.0,0.8599074580792309
orig_index_records_within_provenance,lemat,CLscore_A,6,610318,610318.0,0.012746999971568584,0.021105000749230385,0.0341080017387867,True,True,True,equal record count ordered by score then orig_index,1.0,610318,3.2118354693782587,3.0,610318,8.67999632978218,7.0,146865,146865.0,0.24063684833152554,26610,26610.0,0.04360022152386133,436843,436843.0,0.7157629301446131,53175,53175.0,0.08712671099328546,285233,285233.0,0.46735144629521,271910,271910.0,0.44552184271150447,167499,167499.0,0.2744454530261274,5691,5691.0,0.009324647151157266,437128,437128.0,0.7162298998227153,161380,161380.0,0.2644195321127674,2105,2105.0,0.0034490216575621233,446833,446833.0,0.7321314462296704,156943,156943.0,0.25714955154526004,18378,18378.0,0.030112171032150453,434997,434997.0,0.7127382774225896,176240,176240.0,0.28876749497802784,1608,1608.0,0.002634692078555769,432470,432470.0,0.7085978129434164,175079,175079.0,0.2868652079735482,2769,2769.0,0.0045369790830354015,432470,432470.0,0.7085978129434164,159764,159764.0,0.26177173211342286,3810,3810.0,0.006242647275682513,446744,446744.0,0.7319856206108947,354523,354523.0,0.5808824252275043,255795,255795.0,0.41911757477249567,0,0.0,0.0,83210,83210.0,0.13633876110486665,21334,21334.0,0.03495554776362486,505774,505774.0,0.8287056911315085
orig_index_records_within_provenance,lemat,CLscore_A,7,610318,610318.0,0.0341080017387867,0.05428500100970268,0.0852229967713356,True,True,True,equal record count ordered by score then orig_index,1.0,610318,3.1933205312640296,3.0,610318,9.33719143135218,8.0,172555,172555.0,0.2827296589646709,24201,24201.0,0.03965309887632349,413562,413562.0,0.6776172421590057,70484,70484.0,0.11548733611002789,255954,255954.0,0.4193780946981737,283880,283880.0,0.46513456919179835,190101,190101.0,0.3114786062347825,6321,6321.0,0.010356895913277996,413896,413896.0,0.6781644978519394,184355,184355.0,0.30206384212820203,2274,2274.0,0.003725926484226256,423689,423689.0,0.6942102313875718,183426,183426.0,0.3005416848265986,14723,14723.0,0.02412348972175161,412169,412169.0,0.6753348254516498,198420,198420.0,0.325109205365072,2193,2193.0,0.0035932087862393046,409705,409705.0,0.6712975858486887,197577,197577.0,0.32372795821194855,3036,3036.0,0.004974455939362759,409705,409705.0,0.6712975858486887,181792,181792.0,0.2978643920054791,4922,4922.0,0.008064648265330533,423604,423604.0,0.6940709597291903,384788,384788.0,0.6304713280617645,225530,225530.0,0.36952867193823546,0,0.0,0.0,104442,104442.0,0.17112718287843387,21607,21607.0,0.035402855560543844,484269,484269.0,0.7934699615610223
orig_index_records_within_provenance,lemat,CLscore_A,8,610318,610318.0,0.0852229967713356,0.1320739984512329,0.20260800421237946,True,False,True,equal record count ordered by score then orig_index,1.0,610318,3.193844848095583,3.0,610318,9.977446183792711,8.0,200761,200761.0,0.3289449106859047,24021,24021.0,0.039358170658574713,385536,385536.0,0.6316969186555206,89936,89936.0,0.14735924550807938,227437,227437.0,0.37265327255627395,292945,292945.0,0.47998748193564666,217206,217206.0,0.355889880357453,7200,7200.0,0.011797128709951206,385912,385912.0,0.6323129909325957,210460,210460.0,0.3448366261522682,2203,2203.0,0.003609593687225348,397655,397655.0,0.6515537801605065,213058,213058.0,0.34909342342844224,12790,12790.0,0.020956288361149433,384470,384470.0,0.6299502882104083,224753,224753.0,0.3682555651316199,3269,3269.0,0.0053562241323375686,382296,382296.0,0.6263882107360426,224459,224459.0,0.3677738490426302,3563,3563.0,0.005837940221327243,382296,382296.0,0.6263882107360426,206293,206293.0,0.3380090379113839,6442,6442.0,0.01055515321520912,397583,397583.0,0.651435808873407,416866,416866.0,0.6830308134447943,193452,193452.0,0.3169691865552057,0,0.0,0.0,128839,128839.0,0.2111014258140838,22101,22101.0,0.036212269669254386,459378,459378.0,0.7526863045166619
orig_index_records_within_provenance,lemat,CLscore_A,9,610318,610318.0,0.20260900259017944,0.3071489930152893,0.4621730148792267,False,True,True,equal record count ordered by score then orig_index,1.0,610318,3.2146471183874636,3.0,610318,10.927642638755534,10.0,236012,236012.0,0.3867033251518061,25920,25920.0,0.04246966335582434,348386,348386.0,0.5708270114923696,117041,117041.0,0.19177051963074987,198153,198153.0,0.3246717285087446,295124,295124.0,0.4835577518605055,252794,252794.0,0.41420046598658405,8815,8815.0,0.014443290219197205,348709,348709.0,0.5713562437942188,244352,244352.0,0.40036833257416626,1837,1837.0,0.0030099063111361617,364129,364129.0,0.5966217611146976,250233,250233.0,0.4100042928440583,12399,12399.0,0.020315638732595138,347686,347686.0,0.5696800684233465,260389,260389.0,0.42664479828548396,4199,4199.0,0.006880019924039599,345730,345730.0,0.5664751817904764,260814,260814.0,0.4273411565773908,3774,3774.0,0.006183661632132757,345730,345730.0,0.5664751817904764,237883,237883.0,0.3897689401262948,8361,8361.0,0.013699415714430837,364074,364074.0,0.5965316441592744,450051,450051.0,0.7374041073669791,160267,160267.0,0.2625958926330208,0,0.0,0.0,161475,161475.0,0.26457518867213486,20887,20887.0,0.03422314268954873,427956,427956.0,0.7012016686383165
orig_index_records_within_provenance,lemat,CLscore_A,10,610318,610318.0,0.4621730148792267,0.6884784996509552,0.9999989867210388,True,False,True,equal record count ordered by score then orig_index,1.0,610318,3.275849639040631,3.0,610318,16.723183651801193,12.0,295333,295333.0,0.4839001962911138,35043,35043.0,0.057417608525391683,279942,279942.0,0.4586821951834945,177874,177874.0,0.29144478779914734,160722,160722.0,0.26334140562788577,271722,271722.0,0.4452138065729669,314736,314736.0,0.5156918196743338,15320,15320.0,0.0251016683106184,280262,280262.0,0.4592065120150479,309563,309563.0,0.5072159103942535,1341,1341.0,0.002197215222228412,299414,299414.0,0.4905868743835181,318545,318545.0,0.5219328284599176,12109,12109.0,0.01984047660399988,279664,279664.0,0.4582266949360825,323499,323499.0,0.5300499084084035,8791,8791.0,0.0144039664568307,278028,278028.0,0.45554612513476583,326828,326828.0,0.5355044419466574,5462,5462.0,0.008949432918576873,278028,278028.0,0.45554612513476583,296788,296788.0,0.4862841993845831,14176,14176.0,0.02322723563781504,299354,299354.0,0.49048856497760185,496787,496787.0,0.8139805806153514,113531,113531.0,0.18601941938464867,0,0.0,0.0,232566,232566.0,0.38105708827201556,17377,17377.0,0.028472042443447514,360375,360375.0,0.590470869284537
orig_index_records_within_provenance,elementa,CLscore_A,1,200550,200550.0,0.0,0.0,9.999999974752427e-07,False,True,True,equal record count ordered by score then orig_index,1.0,200550,2.989164796808776,3.0,200550,8.448167539267017,8.0,2649,2649.0,0.013208676140613313,878,878.0,0.004377960608327101,197023,197023.0,0.9824133632510595,360,360.0,0.0017950635751682873,39229,39229.0,0.1956070805285465,160961,160961.0,0.8025978558962852,3411,3411.0,0.01700822737471952,110,110.0,0.0005484916479680877,197029,197029.0,0.9824432809773124,2809,2809.0,0.01400648217402144,118,118.0,0.0005883819496384942,197623,197623.0,0.98540513587634,3042,3042.0,0.015168287210172026,517,517.0,0.0025779107454500126,196991,196991.0,0.982253802044378,3445,3445.0,0.01717776115681875,130,130.0,0.0006482174021441037,196975,196975.0,0.9821740214410372,3278,3278.0,0.016345051109449015,297,297.0,0.001480927449513837,196975,196975.0,0.9821740214410372,2546,2546.0,0.012695088506606831,381,381.0,0.001899775617053104,197623,197623.0,0.98540513587634,162540,162540.0,0.8104712041884817,38010,38010.0,0.18952879581151832,0,0.0,0.0,688,688.0,0.003430565943654949,542,542.0,0.0027025679381700324,199320,199320.0,0.993866866118175
orig_index_records_within_provenance,elementa,CLscore_A,2,200549,200549.0,9.999999974752427e-07,4.999999873689376e-06,1.8000000636675395e-05,True,True,True,equal record count ordered by score then orig_index,1.0,200549,2.962089065515161,3.0,200549,8.37048302409885,8.0,5054,5054.0,0.02520082373883689,1861,1861.0,0.00927952769647318,193634,193634.0,0.96551964856469,657,657.0,0.0032760073597973565,43586,43586.0,0.21733341976275125,156306,156306.0,0.7793905728774514,6644,6644.0,0.03312906072830082,262,262.0,0.0013064138938613506,193643,193643.0,0.9655645253778379,5597,5597.0,0.027908391465427403,242,242.0,0.001206687642421553,194710,194710.0,0.9708849208921511,5853,5853.0,0.029184887483856812,1127,1127.0,0.005619574268632604,193569,193569.0,0.9651955382475106,6797,6797.0,0.03389196655181527,232,232.0,0.001156824516701654,193520,193520.0,0.9649512089314831,6432,6432.0,0.03207196246303896,597,597.0,0.002976828605477963,193520,193520.0,0.9649512089314831,4981,4981.0,0.024836822921081633,858,858.0,0.004278256186767324,194710,194710.0,0.9708849208921511,159372,159372.0,0.7946786072231724,41177,41177.0,0.20532139277682762,0,0.0,0.0,1417,1417.0,0.007065604914509671,1008,1008.0,0.005026203072565807,198124,198124.0,0.9879081920129246
orig_index_records_within_provenance,elementa,CLscore_A,3,200550,200550.0,1.8000000636675395e-05,5.900000178371556e-05,0.00015999999595806003,True,True,True,equal record count ordered by score then orig_index,1.0,200550,2.9395661929693344,3.0,200550,8.320513587634007,8.0,9334,9334.0,0.04654200947394665,3487,3487.0,0.017387185240588382,187729,187729.0,0.9360708052854649,1246,1246.0,0.006212914485165794,48120,48120.0,0.2399401645474944,151184,151184.0,0.7538469209673399,12283,12283.0,0.0612465719272002,483,483.0,0.0024083769633507853,187784,187784.0,0.936345051109449,10478,10478.0,0.05224632261281476,423,423.0,0.0021091997008227375,189649,189649.0,0.9456444776863625,10907,10907.0,0.0543854400398903,1964,1964.0,0.009793069060084767,187679,187679.0,0.935821490900025,12466,12466.0,0.06215906257791075,519,519.0,0.002587883320867614,187565,187565.0,0.9352530541012216,11680,11680.0,0.058239840438793315,1305,1305.0,0.006507105459985041,187565,187565.0,0.9352530541012216,9363,9363.0,0.04668661181750187,1538,1538.0,0.007668910496135627,189649,189649.0,0.9456444776863625,156578,156578.0,0.7807429568686113,43972,43972.0,0.2192570431313887,0,0.0,0.0,2690,2690.0,0.013413113936674145,1698,1698.0,0.008466716529543755,196162,196162.0,0.9781201695337821
orig_index_records_within_provenance,elementa,CLscore_A,4,200549,200549.0,0.00015999999595806003,0.00038499999209307134,0.0008539999835193157,True,True,True,equal record count ordered by score then orig_index,1.0,200549,2.9123605702347057,3.0,200549,8.264449087255484,8.0,13961,13961.0,0.06961390981755082,4974,4974.0,0.024801918733077702,181614,181614.0,0.9055841714493714,2093,2093.0,0.010436352213174835,52131,52131.0,0.25994146069040486,146325,146325.0,0.7296221870964203,18115,18115.0,0.09032705224159682,651,651.0,0.003246089484365417,181783,181783.0,0.9064268582740378,15994,15994.0,0.07975108327640626,553,553.0,0.002757430852310408,184002,184002.0,0.9174914858712834,16146,16146.0,0.08050900278734872,2784,2784.0,0.013881894200419848,181619,181619.0,0.9056091030122314,18366,18366.0,0.09157861669716628,839,839.0,0.004183516247899516,181344,181344.0,0.9042378670549343,17239,17239.0,0.08595904242853368,1966,1966.0,0.00980309051653212,181344,181344.0,0.9042378670549343,14539,14539.0,0.07249599848416098,2010,2010.0,0.010022488269699674,184000,184000.0,0.9174815132461394,154060,154060.0,0.7681913148407621,46489,46489.0,0.2318086851592379,0,0.0,0.0,4209,4209.0,0.020987389615505437,2226,2226.0,0.01109953178524949,194114,194114.0,0.967913078599245
orig_index_records_within_provenance,elementa,CLscore_A,5,200550,200550.0,0.0008539999835193157,0.001753999968059361,0.0034199999645352364,True,True,True,equal record count ordered by score then orig_index,1.0,200550,2.880877586636749,3.0,200550,8.261520817751185,8.0,19626,19626.0,0.09786088257292445,6462,6462.0,0.03222139117427075,174462,174462.0,0.8699177262528048,3106,3106.0,0.015487409623535278,56372,56372.0,0.28108701072051856,141072,141072.0,0.7034255796559461,25041,25041.0,0.12486163051608078,741,741.0,0.0036948391922213913,174768,174768.0,0.8714435302916979,22195,22195.0,0.11067065569683371,746,746.0,0.003719770630765395,177609,177609.0,0.8856095736724009,22426,22426.0,0.1118224881575667,3553,3553.0,0.017716280229369236,174571,174571.0,0.8704612316130641,25174,25174.0,0.12552480678135128,1241,1241.0,0.00618798304662179,174135,174135.0,0.8682872101720269,23701,23701.0,0.11818000498628771,2714,2714.0,0.013532784841685365,174135,174135.0,0.8682872101720269,20316,20316.0,0.10130142109199701,2638,2638.0,0.013153826975816504,177596,177596.0,0.8855447519321865,151304,151304.0,0.7544452754923959,49246,49246.0,0.2455547245076041,0,0.0,0.0,6092,6092.0,0.03037646472201446,2682,2682.0,0.013373223635003739,191776,191776.0,0.9562503116429818
orig_index_records_within_provenance,elementa,CLscore_A,6,200549,200549.0,0.0034199999645352364,0.006308999843895435,0.011158999986946583,True,False,True,equal record count ordered by score then orig_index,1.0,200549,2.8444818971922072,3.0,200549,8.236615490478636,8.0,26283,26283.0,0.1310552533296102,8002,8002.0,0.03990047320106308,166264,166264.0,0.8290442734693267,4419,4419.0,0.022034515255623315,60413,60413.0,0.3012381014116251,135717,135717.0,0.6767273833327516,32712,32712.0,0.16311225685493322,1014,1014.0,0.005056120947997746,166823,166823.0,0.8318316221970691,29869,29869.0,0.14893617021276595,803,803.0,0.00400400899530788,169877,169877.0,0.8470598207919262,29915,29915.0,0.1491655405910775,4041,4041.0,0.020149689103411136,166593,166593.0,0.8306847703055114,33144,33144.0,0.16526634388603284,1643,1643.0,0.008192511555779386,165762,165762.0,0.8265411445581877,31321,31321.0,0.15617629606729527,3466,3466.0,0.01728255937451695,165762,165762.0,0.8265411445581877,27734,27734.0,0.13829039287156755,2943,2943.0,0.01467471789936624,169872,169872.0,0.8470348892290662,148497,148497.0,0.7404524580027824,52052,52052.0,0.25954754199721763,0,0.0,0.0,8586,8586.0,0.042812479743105175,3206,3206.0,0.01598611810579958,188757,188757.0,0.9412014021510953
orig_index_records_within_provenance,elementa,CLscore_A,7,200550,200550.0,0.01116000022739172,0.01919100061058998,0.03232700005173683,False,True,True,equal record count ordered by score then orig_index,1.0,200550,2.802777362253802,3.0,200550,8.28727998005485,8.0,34265,34265.0,0.17085514834205934,9556,9556.0,0.04764896534530042,156729,156729.0,0.7814958863126402,6058,6058.0,0.030206930939915232,65048,65048.0,0.3243480428820743,129444,129444.0,0.6454450261780105,41804,41804.0,0.20844677137870854,1314,1314.0,0.006551982049364248,157432,157432.0,0.7850012465719272,38801,38801.0,0.19347294938917975,845,845.0,0.004213413113936674,160904,160904.0,0.8023136374968836,38565,38565.0,0.19229618548990277,4904,4904.0,0.02445275492395911,157081,157081.0,0.7832510595861382,42725,42725.0,0.2130391423585141,1886,1886.0,0.009404138618798305,155939,155939.0,0.7775567190226876,40530,40530.0,0.20209424083769634,4081,4081.0,0.020349040139616057,155939,155939.0,0.7775567190226876,36131,36131.0,0.1801595612066816,3521,3521.0,0.01755671902268761,160898,160898.0,0.8022837197706307,145248,145248.0,0.7242483171278983,55302,55302.0,0.2757516828721017,0,0.0,0.0,11677,11677.0,0.058224881575666916,3564,3564.0,0.017771129394166044,185309,185309.0,0.924003989030167
orig_index_records_within_provenance,elementa,CLscore_A,8,200549,200549.0,0.03232700005173683,0.05379699915647507,0.08935199677944183,True,False,True,equal record count ordered by score then orig_index,1.0,200549,2.761739026372607,3.0,200549,8.396466698911487,8.0,44668,44668.0,0.2227286099656443,11415,11415.0,0.05691875800926457,144466,144466.0,0.7203526320250911,7943,7943.0,0.03960628075931568,71239,71239.0,0.3552199213159876,121367,121367.0,0.6051737979246967,53585,53585.0,0.26719155917007814,1708,1708.0,0.008516621872958728,145256,145256.0,0.7242918189569632,49878,49878.0,0.24870729846571163,867,867.0,0.004323132999915233,149804,149804.0,0.7469695685343731,49791,49791.0,0.2482734892719485,5832,5832.0,0.029080174919845027,144926,144926.0,0.7226463358082065,54722,54722.0,0.27286099656443064,2255,2255.0,0.011244134849837197,143572,143572.0,0.7158948685857321,52352,52352.0,0.2610434357688146,4625,4625.0,0.02306169564545323,143572,143572.0,0.7158948685857321,46299,46299.0,0.2308612857705598,4450,4450.0,0.022189090945355,149800,149800.0,0.7469496232840852,140632,140632.0,0.7012351096240819,59917,59917.0,0.2987648903759181,0,0.0,0.0,15883,15883.0,0.07919760258091539,4018,4018.0,0.02003500391425537,180648,180648.0,0.9007673935048293
orig_index_records_within_provenance,elementa,CLscore_A,9,200550,200550.0,0.08935300260782242,0.14901549369096756,0.2526420056819916,False,False,False,equal record count ordered by score then orig_index,1.0,200550,2.7344203440538517,3.0,200550,8.604088755921216,8.0,56532,56532.0,0.2818848167539267,13323,13323.0,0.06643231114435302,130695,130695.0,0.6516828721017203,10362,10362.0,0.05166791323859387,75611,75611.0,0.37701819995013713,114577,114577.0,0.571313886811269,67109,67109.0,0.33462478184991273,1944,1944.0,0.009693343305908752,131497,131497.0,0.6556818748441785,61772,61772.0,0.3080129643480429,759,759.0,0.0037845923709798057,138019,138019.0,0.6882024432809773,62378,62378.0,0.31103465469957614,6992,6992.0,0.03486412365993518,131180,131180.0,0.6541012216404887,68192,68192.0,0.340024931438544,2730,2730.0,0.013612565445026177,129628,129628.0,0.6463625031164298,65852,65852.0,0.3283570181999501,5070,5070.0,0.025280478683620045,129628,129628.0,0.6463625031164298,57039,57039.0,0.2844128646222887,5509,5509.0,0.027469458987783597,138002,138002.0,0.6881176763899277,137485,137485.0,0.6855397656444777,63065,63065.0,0.31446023435552234,0,0.0,0.0,21401,21401.0,0.10671154325604587,4138,4138.0,0.0206332585390177,175011,175011.0,0.8726551982049364
orig_index_records_within_provenance,elementa,CLscore_A,10,200549,200549.0,0.25264298915863037,0.4429360032081604,0.9979299902915955,False,False,False,equal record count ordered by score then orig_index,1.0,200549,2.6505143381418006,3.0,200549,9.044413086078714,8.0,75409,75409.0,0.37601284474118546,17293,17293.0,0.08622830330742112,107847,107847.0,0.5377588519513934,15261,15261.0,0.07609611616113768,81104,81104.0,0.40440989483866785,104184,104184.0,0.5194939890001945,88158,88158.0,0.4395833437214845,3753,3753.0,0.01871363108267805,108638,108638.0,0.5417030251958375,81363,81363.0,0.40570134979481326,592,592.0,0.0029518970426180135,118594,118594.0,0.5913467531625688,83816,83816.0,0.4179327745339044,8320,8320.0,0.041486120598955865,108413,108413.0,0.5405811048671397,89468,89468.0,0.4461154131907913,4160,4160.0,0.020743060299477933,106921,106921.0,0.5331415265097308,88259,88259.0,0.4400869612912555,5369,5369.0,0.02677151219901371,106921,106921.0,0.5331415265097308,74495,74495.0,0.3714553550503867,7479,7479.0,0.03729263172591237,118575,118575.0,0.5912520132237009,133992,133992.0,0.668125994146069,66557,66557.0,0.33187400585393095,0,0.0,0.0,31756,31756.0,0.15834534203611086,3481,3481.0,0.0173573540630968,165312,165312.0,0.8242973039007924
orig_index_records_within_provenance,lemat,CLscore_B,1,610319,610319.0,0.0,0.001383999944664538,0.0034119999036192894,False,True,True,equal record count ordered by score then orig_index,1.0,610319,3.217979450090854,3.0,610319,7.495437631795832,5.0,31970,31970.0,0.05238244262426698,27175,27175.0,0.044525895474333915,551174,551174.0,0.9030916619013991,1322,1322.0,0.002166080361253705,314273,314273.0,0.5149323550471147,294724,294724.0,0.4829015645916316,55879,55879.0,0.09155703820461103,3193,3193.0,0.005231690312770863,551247,551247.0,0.9032112714826181,55848,55848.0,0.09150624509477831,1528,1528.0,0.0025036087685292446,552943,552943.0,0.9059901461366925,37562,37562.0,0.061544864243125316,23666,23666.0,0.03877644313875203,549091,549091.0,0.8996786926181226,63928,63928.0,0.10474522339956646,262,262.0,0.0004292837024572396,546129,546129.0,0.8948254928979763,63505,63505.0,0.10405214322346183,685,685.0,0.0011223638785618668,546129,546129.0,0.8948254928979763,56178,56178.0,0.09204694594138475,1243,1243.0,0.0020366398555509498,552898,552898.0,0.9059164142030643,312911,312911.0,0.5127007351893026,297408,297408.0,0.48729926481069735,0,0.0,0.0,6004,6004.0,0.009837478433409414,8224,8224.0,0.013474920492398238,596091,596091.0,0.9766876010741924
orig_index_records_within_provenance,lemat,CLscore_B,2,610318,610318.0,0.0034119999036192894,0.006310999859124422,0.010227999649941921,True,True,True,equal record count ordered by score then orig_index,1.0,610318,3.2003070530444786,3.0,610318,6.924015021677224,5.0,63915,63915.0,0.10472409465229601,29957,29957.0,0.049084247883890035,516446,516446.0,0.846191657463814,5003,5003.0,0.008197365963317483,369343,369343.0,0.6051648484888206,235972,235972.0,0.38663778554786193,89321,89321.0,0.14635157409743774,4287,4287.0,0.007024207052716781,516710,516710.0,0.8466242188498455,87169,87169.0,0.1428255434052412,1726,1726.0,0.0028280339101910807,521423,521423.0,0.8543464226845677,72302,72302.0,0.11846611110929056,23807,23807.0,0.03900753377747338,514209,514209.0,0.842526355113236,98673,98673.0,0.16167473349958547,798,798.0,0.0013075150986862586,510847,510847.0,0.8370177514017283,97086,97086.0,0.1590744497131004,2385,2385.0,0.003907798885171337,510847,510847.0,0.8370177514017283,87239,87239.0,0.1429402377121435,1752,1752.0,0.0028706346527547933,521327,521327.0,0.8541891276351017,259251,259251.0,0.4247801965532722,351067,351067.0,0.5752198034467277,0,0.0,0.0,17487,17487.0,0.02865227635429399,14764,14764.0,0.02419066781579439,578067,578067.0,0.9471570558299116
orig_index_records_within_provenance,lemat,CLscore_B,3,610318,610318.0,0.010227999649941921,0.01537800021469593,0.022043000906705856,True,True,True,equal record count ordered by score then orig_index,1.0,610318,3.1917049800268056,3.0,610318,7.013740377966896,5.0,76591,76591.0,0.12549359514220457,26248,26248.0,0.043007088108166565,507479,507479.0,0.8314993167496288,8863,8863.0,0.014521937743930213,367873,367873.0,0.6027562680438722,233582,233582.0,0.3827217942121976,98110,98110.0,0.1607522635740712,4451,4451.0,0.0072929194288878915,507757,507757.0,0.8319548169970409,93866,93866.0,0.15379851159559443,1958,1958.0,0.003208163613067286,514494,514494.0,0.8429933247913383,85121,85121.0,0.13946991568329953,19522,19522.0,0.03198660370495381,505675,505675.0,0.8285434806117467,106302,106302.0,0.17417477446183793,1046,1046.0,0.0017138606431401336,502970,502970.0,0.8241113648950219,104507,104507.0,0.17123368473484316,2841,2841.0,0.004654950370134913,502970,502970.0,0.8241113648950219,93788,93788.0,0.15367070936790328,2149,2149.0,0.003521115221900714,514381,514381.0,0.842808175410196,260424,260424.0,0.4267021454389351,349894,349894.0,0.5732978545610649,0,0.0,0.0,25166,25166.0,0.041234241821476676,16289,16289.0,0.026689365216165998,568863,568863.0,0.9320763929623573
orig_index_records_within_provenance,lemat,CLscore_B,4,610318,610318.0,0.022043000906705856,0.030571000650525093,0.04144800081849098,True,True,True,equal record count ordered by score then orig_index,1.0,610318,3.199974439554462,3.0,610318,7.4738202052044995,5.0,87611,87611.0,0.1435497560288243,23159,23159.0,0.03794579219357777,499548,499548.0,0.8185044517775979,15105,15105.0,0.02474939293941847,345945,345945.0,0.5668274571616764,249268,249268.0,0.40842314989890516,106046,106046.0,0.17375532099659521,4507,4507.0,0.007384674874409734,499765,499765.0,0.8188600041289951,100847,100847.0,0.1652368109739513,1976,1976.0,0.0032376564348421642,507495,507495.0,0.8315255325912065,95653,95653.0,0.15672649340180037,16478,16478.0,0.026999039844802217,498187,498187.0,0.8162744667533974,113235,113235.0,0.18553442631546177,1264,1264.0,0.0020710514846358783,495819,495819.0,0.8123945221999024,111866,111866.0,0.18329133337047243,2633,2633.0,0.004314144429625212,495819,495819.0,0.8123945221999024,100495,100495.0,0.16466006245924256,2408,2408.0,0.003945484157439237,507415,507415.0,0.8313944533833182,283248,283248.0,0.46409904344948044,327070,327070.0,0.5359009565505196,0,0.0,0.0,34103,34103.0,0.05587742783270361,17215,17215.0,0.028206607047473613,559000,559000.0,0.9159159651198228
orig_index_records_within_provenance,lemat,CLscore_B,5,610318,610318.0,0.04144800081849098,0.0552700012922287,0.0729449987411499,True,True,True,equal record count ordered by score then orig_index,1.0,610318,3.2253382662808567,3.0,610318,7.999634616708011,6.0,102391,102391.0,0.16776663968619637,21282,21282.0,0.03487034627849744,486645,486645.0,0.7973630140353062,25795,25795.0,0.0422648520934988,322738,322738.0,0.5288030174433656,261785,261785.0,0.4289321304631356,118450,118450.0,0.19407915217968338,5002,5002.0,0.008195727473218879,486866,486866.0,0.7977251203470977,113216,113216.0,0.18550329500358828,1636,1636.0,0.002680569801316691,495466,495466.0,0.811816135195095,110585,110585.0,0.1811924275541603,14182,14182.0,0.023237066578406667,485551,485551.0,0.795570505867433,125240,125240.0,0.2052044999492068,1389,1389.0,0.0022758627469614203,483689,483689.0,0.7925196373038318,124186,124186.0,0.20347753138527783,2443,2443.0,0.004002831310890388,483689,483689.0,0.7925196373038318,112160,112160.0,0.18377304945946213,2750,2750.0,0.0045058477711619185,495408,495408.0,0.8117211027693759,308558,308558.0,0.5055692278451561,301760,301760.0,0.4944307721548439,0,0.0,0.0,47498,47498.0,0.07782500270350866,18454,18454.0,0.03023669627964438,544366,544366.0,0.8919383010168469
orig_index_records_within_provenance,lemat,CLscore_B,6,610318,610318.0,0.0729449987411499,0.09588100016117096,0.12535500526428223,True,False,True,equal record count ordered by score then orig_index,1.0,610318,3.247439859220931,3.0,610318,8.57526404267939,7.0,129515,129515.0,0.21220904512074035,20420,20420.0,0.0334579678135005,460383,460383.0,0.7543329870657591,43259,43259.0,0.07087944317552489,298358,298358.0,0.4888566288393919,268701,268701.0,0.4402639279850832,144303,144303.0,0.23643903669890123,5384,5384.0,0.008821630690885734,460631,460631.0,0.7547393326102131,138680,138680.0,0.22722580687444907,1625,1625.0,0.002662546410232043,470013,470013.0,0.770111646715319,137936,137936.0,0.22600677024108742,13035,13035.0,0.021357718435307496,459347,459347.0,0.7526355113236051,151234,151234.0,0.24779541157232787,1477,1477.0,0.0024200498756386016,457607,457607.0,0.7497845385520335,150500,150500.0,0.2465927598399523,2211,2211.0,0.0036227016080141827,457607,457607.0,0.7497845385520335,136548,136548.0,0.22373254598422462,3827,3827.0,0.006270501607358787,469943,469943.0,0.7699969524084166,336956,336956.0,0.552099069665322,273362,273362.0,0.447900930334678,0,0.0,0.0,69939,69939.0,0.11459435900628852,20670,20670.0,0.033867590338151586,519709,519709.0,0.8515380506555599
orig_index_records_within_provenance,lemat,CLscore_B,7,610318,610318.0,0.12535600364208221,0.16349199414253235,0.21298299729824066,False,True,True,equal record count ordered by score then orig_index,1.0,610318,3.278897230624035,3.0,610318,9.281961207108425,8.0,162825,162825.0,0.2667871503052507,20386,20386.0,0.03340225915014795,427107,427107.0,0.6998105905446014,65884,65884.0,0.10795028165644795,271422,271422.0,0.44472225954338557,273012,273012.0,0.44732745880016644,176957,176957.0,0.28994229237872715,6030,6030.0,0.009880095294584135,427331,427331.0,0.7001776123266887,171256,171256.0,0.28060126032658383,1510,1510.0,0.0024741200488925448,437552,437552.0,0.7169246196245236,171989,171989.0,0.28180227356886084,12113,12113.0,0.0198470305643943,426216,426216.0,0.6983506958667449,183849,183849.0,0.30123476613830824,1850,1850.0,0.003031206682418018,424619,424619.0,0.6957340271792738,183440,183440.0,0.30056462368797904,2259,2259.0,0.003701349132747191,424619,424619.0,0.6957340271792738,167886,167886.0,0.27507954869428725,4927,4927.0,0.008072840715823554,437505,437505.0,0.7168476105898892,368570,368570.0,0.6038982956425994,241748,241748.0,0.39610170435740055,0,0.0,0.0,98271,98271.0,0.16101606047994652,23395,23395.0,0.038332475856848396,488652,488652.0,0.800651463663205
orig_index_records_within_provenance,lemat,CLscore_B,8,610318,610318.0,0.21298299729824066,0.27778300642967224,0.3614700138568878,True,True,True,equal record count ordered by score then orig_index,1.0,610318,3.3226596626676583,3.0,610318,10.132059024967312,9.0,204919,204919.0,0.33575775251590156,22836,22836.0,0.037416559891728575,382563,382563.0,0.6268256875923699,96617,96617.0,0.15830599785685495,241970,241970.0,0.3964654491592907,271731,271731.0,0.44522855298385433,220842,220842.0,0.3618474303559784,6718,6718.0,0.011007376482423916,382758,382758.0,0.6271451931615977,213362,213362.0,0.34959152441841795,1632,1632.0,0.0026740158409222733,395324,395324.0,0.6477344597406598,215508,215508.0,0.35310772417002284,13057,13057.0,0.021393765217476792,381753,381753.0,0.6254985106125004,227289,227289.0,0.3724107760216805,2758,2758.0,0.0045189556919507535,380271,380271.0,0.6230702682863688,227340,227340.0,0.3724943390167093,2707,2707.0,0.004435392696921932,380271,380271.0,0.6230702682863688,208378,208378.0,0.34142528976697395,6666,6666.0,0.010922174997296492,395274,395274.0,0.6476525352357295,404092,404092.0,0.6621007409252226,206226,206226.0,0.3378992590747774,0,0.0,0.0,136917,136917.0,0.22433714883060962,25251,25251.0,0.04137351347985804,448150,448150.0,0.7342893376895323
orig_index_records_within_provenance,lemat,CLscore_B,9,610318,610318.0,0.3614700138568878,0.46755900979042053,0.6010550260543823,True,False,True,equal record count ordered by score then orig_index,1.0,610318,3.389002126760148,3.0,610318,11.443175524890304,10.0,257276,257276.0,0.42154417860852866,25659,25659.0,0.04204201744008861,327383,327383.0,0.5364138039513827,140592,140592.0,0.23035859994298055,208703,208703.0,0.34195779904902035,261023,261023.0,0.4276836010079991,274391,274391.0,0.44958693664614185,8337,8337.0,0.013660091952064333,327590,327590.0,0.5367529714017938,265857,265857.0,0.43560406214465247,1558,1558.0,0.0025527675736255525,342903,342903.0,0.561843170281722,270347,270347.0,0.4429608826873859,13286,13286.0,0.021768979450057183,326685,326685.0,0.535270137862557,281139,281139.0,0.4606434678315239,3884,3884.0,0.006363895542979234,325295,325295.0,0.5329926366254969,281901,281901.0,0.4618919972866604,3122,3122.0,0.005115366087842731,325295,325295.0,0.5329926366254969,258571,258571.0,0.42366602328622127,8882,8882.0,0.014553069055803695,342865,342865.0,0.5617809076579751,440808,440808.0,0.7222595433855793,169510,169510.0,0.2777404566144207,0,0.0,0.0,191965,191965.0,0.314532751778581,23281,23281.0,0.0381456879856075,395072,395072.0,0.6473215602358114
orig_index_records_within_provenance,lemat,CLscore_B,10,610318,610318.0,0.6010559797286987,0.7715075016021729,1.0,False,False,False,equal record count ordered by score then orig_index,1.0,610318,3.4631864044645577,3.0,610318,16.608143623488083,12.0,320254,320254.0,0.5247330080384324,37404,37404.0,0.061286083648196515,252660,252660.0,0.4139809083133711,204009,204009.0,0.3342667265261716,179652,179652.0,0.29435802319446586,226657,226657.0,0.3713752502793626,341806,341806.0,0.560045746643553,15586,15586.0,0.025537506676847153,252926,252926.0,0.4144167466795998,335692,335692.0,0.5500280181806861,1545,1545.0,0.0025314672023436964,273081,273081.0,0.44744051461697015,344078,344078.0,0.5637683961475821,14065,14065.0,0.02304536323686996,252175,252175.0,0.413186240615548,350485,350485.0,0.5742662022093401,9286,9286.0,0.015215019055639847,250547,250547.0,0.41051877873502013,354292,354292.0,0.5805039340147268,5479,5479.0,0.008977287250253147,250547,250547.0,0.41051877873502013,324021,324021.0,0.530905200239875,13274,13274.0,0.02174931756887393,273023,273023.0,0.44734548219125114,479050,479050.0,0.7849186817364062,131268,131268.0,0.21508131826359372,0,0.0,0.0,266458,266458.0,0.43658879469391365,18706,18706.0,0.030649595784492674,325154,325154.0,0.5327616095215937
orig_index_records_within_provenance,elementa,CLscore_B,1,200550,200550.0,6.000000212225132e-06,0.0021389999892562628,0.004393000155687332,False,True,True,equal record count ordered by score then orig_index,1.0,200550,2.857397157816006,3.0,200550,8.127973074046372,8.0,4231,4231.0,0.021096983295936175,281,281.0,0.0014011468461730243,196038,196038.0,0.9775018698578908,135,135.0,0.0006731488406881077,47701,47701.0,0.23785090999750685,152714,152714.0,0.7614759411618051,4350,4350.0,0.02169035153328347,161,161.0,0.0008027923211169285,196039,196039.0,0.9775068561455996,3993,3993.0,0.019910246821241585,506,506.0,0.0025230615806532035,196051,196051.0,0.9775666915981052,4434,4434.0,0.022109199700822736,90,90.0,0.0004487658937920718,196026,196026.0,0.9774420344053852,4509,4509.0,0.0224831712789828,25,25.0,0.00012465719272001995,196016,196016.0,0.9773921715282972,4492,4492.0,0.022398404387933182,42,42.0,0.0002094240837696335,196016,196016.0,0.9773921715282972,3044,3044.0,0.01517825978558963,1455,1455.0,0.007255048616305161,196051,196051.0,0.9775666915981052,154048,154048.0,0.7681276489653454,46502,46502.0,0.2318723510346547,0,0.0,0.0,227,227.0,0.001131887309897781,508,508.0,0.002533034156070805,199815,199815.0,0.9963350785340314
orig_index_records_within_provenance,elementa,CLscore_B,2,200549,200549.0,0.004393000155687332,0.007164999842643738,0.010599000379443169,True,True,True,equal record count ordered by score then orig_index,1.0,200549,2.86298111683429,3.0,200549,8.286353958384236,8.0,5702,5702.0,0.02843195428548634,1015,1015.0,0.005061107260569736,193832,193832.0,0.966506938453944,447,447.0,0.00222888171967948,48936,48936.0,0.24401019202289714,151166,151166.0,0.7537609262574234,6265,6265.0,0.031239248263516647,419,419.0,0.002089264967663763,193865,193865.0,0.9666714867688196,6219,6219.0,0.031009877885205112,260,260.0,0.0012964412687173708,194070,194070.0,0.9676936808460775,6409,6409.0,0.03195727727388319,331,331.0,0.001650469461328653,193809,193809.0,0.9663922532647882,6642,6642.0,0.033119088103156835,146,146.0,0.0007280016355105236,193761,193761.0,0.9661529102613327,6477,6477.0,0.032296346528778504,311,311.0,0.001550743209888855,193761,193761.0,0.9661529102613327,5242,5242.0,0.02613825050237099,1237,1237.0,0.006168068651551491,194070,194070.0,0.9676936808460775,153514,153514.0,0.7654687881764556,47035,47035.0,0.23453121182354436,0,0.0,0.0,812,812.0,0.004048885808455789,1021,1021.0,0.005091025136001675,198716,198716.0,0.9908600890555426
orig_index_records_within_provenance,elementa,CLscore_B,3,200550,200550.0,0.010599000379443169,0.014814999885857105,0.019923999905586243,True,False,True,equal record count ordered by score then orig_index,1.0,200550,2.8583445524806783,3.0,200550,8.260129643480429,8.0,9245,9245.0,0.046098229867863376,2427,2427.0,0.012101720269259536,188878,188878.0,0.9418000498628771,1015,1015.0,0.00506108202443281,50821,50821.0,0.25340812764896536,148714,148714.0,0.7415307903266019,10827,10827.0,0.05398653702318624,740,740.0,0.0036898529045125902,188983,188983.0,0.9423236100723011,10481,10481.0,0.05226128147594116,365,365.0,0.001819995013712291,189704,189704.0,0.9459187235103466,10688,10688.0,0.053293443031662925,989,989.0,0.004931438544003989,188873,188873.0,0.941775118424333,11434,11434.0,0.05701321366242832,391,391.0,0.001949638494141112,188725,188725.0,0.9410371478434306,10951,10951.0,0.054604836699077536,874,874.0,0.0043580154574918975,188725,188725.0,0.9410371478434306,9297,9297.0,0.04635751682872102,1550,1550.0,0.007728745948641236,189703,189703.0,0.9459137372226377,152960,152960.0,0.76270256793817,47590,47590.0,0.23729743206182996,0,0.0,0.0,1931,1931.0,0.009628521565694341,1464,1464.0,0.007299925205684368,197155,197155.0,0.9830715532286213
orig_index_records_within_provenance,elementa,CLscore_B,4,200549,200549.0,0.01992500014603138,0.02599399909377098,0.03323899954557419,False,True,True,equal record count ordered by score then orig_index,1.0,200549,2.8550827977202577,3.0,200549,8.213758233648635,8.0,13894,13894.0,0.0692798268752275,4107,4107.0,0.020478785733162468,182548,182548.0,0.91024138739161,1648,1648.0,0.008217443118639336,52602,52602.0,0.26229001391181206,146299,146299.0,0.7294925429695486,16852,16852.0,0.08402933946317359,881,881.0,0.004392941375923091,182816,182816.0,0.9115777191609034,15872,15872.0,0.07914275314262349,468,468.0,0.0023335942836912676,184209,184209.0,0.9185236525736852,16124,16124.0,0.08039930391076495,1792,1792.0,0.008935472129005879,182633,182633.0,0.9106652239602292,17529,17529.0,0.08740507307441074,724,724.0,0.0036100903021206786,182296,182296.0,0.9089848366234686,16512,16512.0,0.08233399318869702,1741,1741.0,0.008681170187834394,182296,182296.0,0.9089848366234686,14372,14372.0,0.07166328428463867,1969,1969.0,0.00981804945424809,184208,184208.0,0.9185186662611132,152580,152580.0,0.760811572234217,47969,47969.0,0.23918842776578292,0,0.0,0.0,3243,3243.0,0.016170611670963207,1924,1924.0,0.009593665388508544,195382,195382.0,0.9742357229405283
orig_index_records_within_provenance,elementa,CLscore_B,5,200550,200550.0,0.03323899954557419,0.04195600003004074,0.05255499854683876,True,True,True,equal record count ordered by score then orig_index,1.0,200550,2.8527599102468213,3.0,200550,8.189284467713787,8.0,18667,18667.0,0.0930790326601845,5748,5748.0,0.028661181750186986,176135,176135.0,0.8782597855896285,2390,2390.0,0.011917227624033907,54447,54447.0,0.27148840688107706,143713,143713.0,0.7165943654948891,23072,23072.0,0.115043630017452,1000,1000.0,0.004986287708800797,176478,176478.0,0.8799700822737472,21065,21065.0,0.1050361505858888,588,588.0,0.002931937172774869,178897,178897.0,0.8920319122413364,21522,21522.0,0.10731488406881078,2787,2787.0,0.013896783844427824,176241,176241.0,0.8787883320867614,23684,23684.0,0.1180952380952381,1056,1056.0,0.005265519820493642,175810,175810.0,0.8766392420842682,22371,22371.0,0.11154824233358265,2369,2369.0,0.01181251558214909,175810,175810.0,0.8766392420842682,19390,19390.0,0.09668411867364747,2270,2270.0,0.01131887309897781,178890,178890.0,0.8919970082273747,152227,152227.0,0.7590476190476191,48323,48323.0,0.24095238095238095,0,0.0,0.0,4665,4665.0,0.02326103216155572,2345,2345.0,0.011692844677137871,193540,193540.0,0.9650461231613064
orig_index_records_within_provenance,elementa,CLscore_B,6,200549,200549.0,0.05255499854683876,0.06574100255966187,0.0822490006685257,True,True,True,equal record count ordered by score then orig_index,1.0,200549,2.854648988526495,3.0,200549,8.20730594518048,8.0,24668,24668.0,0.12300235852584655,7225,7225.0,0.03602610833262694,168656,168656.0,0.8409715331415265,3638,3638.0,0.01814020513689921,56678,56678.0,0.2826142239552429,140233,140233.0,0.6992455709078579,30473,30473.0,0.15194790300624786,1006,1006.0,0.005016230447421827,169070,169070.0,0.8430358665463303,27362,27362.0,0.1364354845947873,616,616.0,0.003071568544345771,172571,172571.0,0.860492946860867,28023,28023.0,0.13973143720487263,3682,3682.0,0.018359602890066766,168844,168844.0,0.8419089599050606,30791,30791.0,0.15353355040414063,1474,1474.0,0.007349824731113094,168284,168284.0,0.8391166248647463,29149,29149.0,0.14534602516093323,3116,3116.0,0.01553734997432049,168284,168284.0,0.8391166248647463,25452,25452.0,0.12691162758228663,2532,2532.0,0.012625343432278396,172565,172565.0,0.860463028985435,151506,151506.0,0.7554562725319,49043,49043.0,0.24454372746810007,0,0.0,0.0,7013,7013.0,0.03496901006736508,2853,2853.0,0.01422594976788715,190683,190683.0,0.9508050401647478
orig_index_records_within_provenance,elementa,CLscore_B,7,200550,200550.0,0.0822490006685257,0.10347799956798553,0.13087999820709229,True,False,True,equal record count ordered by score then orig_index,1.0,200550,2.8523261032161558,3.0,200550,8.282567938170033,8.0,33029,33029.0,0.16469209673398155,9071,9071.0,0.04523061580653204,158450,158450.0,0.7900772874594865,5475,5475.0,0.027299925205684368,59216,59216.0,0.29526801296434807,135859,135859.0,0.6774320618299676,40585,40585.0,0.2023684866616804,1004,1004.0,0.005006232859636001,158961,158961.0,0.7926252804786836,36216,36216.0,0.18058339566192969,636,636.0,0.0031712789827973075,163698,163698.0,0.8162453253552729,36843,36843.0,0.1837097980553478,5016,5016.0,0.0250112191473448,158691,158691.0,0.7912789827973074,40838,40838.0,0.20363001745200698,1808,1808.0,0.009015208177511842,157904,157904.0,0.7873547743704812,38959,38959.0,0.19426078284717027,3687,3687.0,0.01838444278234854,157904,157904.0,0.7873547743704812,33916,33916.0,0.16911493393168786,2943,2943.0,0.014674644727000748,163691,163691.0,0.8162104213413114,150541,150541.0,0.750640737970581,50009,50009.0,0.2493592620294191,0,0.0,0.0,10643,10643.0,0.05306906008476689,3479,3479.0,0.017347294938917974,186428,186428.0,0.9295836449763152
orig_index_records_within_provenance,elementa,CLscore_B,8,200549,200549.0,0.13088099658489227,0.16701099276542664,0.21618600189685822,False,False,False,equal record count ordered by score then orig_index,1.0,200549,2.8424075911622597,3.0,200549,8.371699684366414,8.0,41766,41766.0,0.20825833088172965,11291,11291.0,0.056300455250337826,147492,147492.0,0.7354412138679325,7461,7461.0,0.03720287809961655,64292,64292.0,0.3205800078783739,128796,128796.0,0.6422171140220095,51412,51412.0,0.2563563019511441,1050,1050.0,0.005235628200589382,148087,148087.0,0.7384080698482665,45690,45690.0,0.22782462141421797,766,766.0,0.003819515430144254,154093,154093.0,0.7683558631556378,46331,46331.0,0.2310208477728635,6445,6445.0,0.032136784526474824,147773,147773.0,0.7368423677006617,51587,51587.0,0.2572289066512423,2198,2198.0,0.010959915033233774,146764,146764.0,0.7318111783155239,49302,49302.0,0.24583518242424546,4483,4483.0,0.02235363926023067,146764,146764.0,0.7318111783155239,42988,42988.0,0.21435160484470128,3473,3473.0,0.01731746356252088,154088,154088.0,0.7683309315927779,147579,147579.0,0.7358750230616956,52970,52970.0,0.26412497693830433,0,0.0,0.0,14590,14590.0,0.07275030042533247,3996,3996.0,0.019925305037671592,181963,181963.0,0.907324394536996
orig_index_records_within_provenance,elementa,CLscore_B,9,200550,200550.0,0.2161870002746582,0.28571099042892456,0.3892729878425598,False,True,True,equal record count ordered by score then orig_index,1.0,200550,2.8255198204936427,3.0,200550,8.652460732984293,8.0,54556,54556.0,0.2720319122413363,14398,14398.0,0.07179257043131389,131596,131596.0,0.6561755173273498,10746,10746.0,0.05358264771877337,71802,71802.0,0.3580254300673149,118002,118002.0,0.5883919222139118,66727,66727.0,0.3327200199451508,1422,1422.0,0.007090501121914734,132401,132401.0,0.6601894789329344,59747,59747.0,0.2979157317377213,873,873.0,0.004353029169783097,139930,139930.0,0.6977312390924957,59978,59978.0,0.29906756419845426,8482,8482.0,0.042293692346048364,132090,132090.0,0.6586387434554973,67275,67275.0,0.3354525056095737,2687,2687.0,0.013398155073547744,130588,130588.0,0.6511493393168786,64718,64718.0,0.32270256793817004,5244,5244.0,0.026148092744951383,130588,130588.0,0.6511493393168786,56079,56079.0,0.2796260284218399,4557,4557.0,0.022722513089005237,139914,139914.0,0.6976514584891548,142176,142176.0,0.7089304412864622,58374,58374.0,0.2910695587135378,0,0.0,0.0,21321,21321.0,0.10631264023934181,4324,4324.0,0.02156070805285465,174905,174905.0,0.8721266517078036
orig_index_records_within_provenance,elementa,CLscore_B,10,200549,200549.0,0.3892729878425598,0.5569530129432678,0.9998369812965393,True,False,True,equal record count ordered by score then orig_index,1.0,200549,2.81652364260106,3.0,200549,9.642466429650609,8.0,82023,82023.0,0.40899231609232656,21688,21688.0,0.10814314706131668,96838,96838.0,0.4828645368463568,18550,18550.0,0.09249609821041242,86358,86358.0,0.43060798109190274,95641,95641.0,0.4768959206976848,98299,98299.0,0.49014953951403395,4297,4297.0,0.02142618512184055,97953,97953.0,0.48842427536412547,92111,92111.0,0.45929423731856056,870,870.0,0.004338091937631202,107568,107568.0,0.5363676707438082,92487,92487.0,0.46116909084562874,10420,10420.0,0.05195737700013463,97642,97642.0,0.4868735321542366,100210,100210.0,0.49967838283910665,5126,5126.0,0.025559838244020163,95213,95213.0,0.47476177891687316,97713,97713.0,0.4872275603468479,7623,7623.0,0.038010660736278915,95213,95213.0,0.47476177891687316,83663,83663.0,0.41716986871038997,9341,9341.0,0.04657714573495754,107545,107545.0,0.5362529855546525,132577,132577.0,0.6610703618567033,67972,67972.0,0.33892963814329663,0,0.0,0.0,39954,39954.0,0.19922313250128398,4649,4649.0,0.023181367147180987,155946,155946.0,0.777595500351535
orig_index_records_within_provenance,lemat,CLscore_jang,1,610319,610319.0,0.0,0.002781999995931983,0.018053000792860985,False,False,False,equal record count ordered by score then orig_index,1.0,610319,3.3982638587361693,3.0,610319,8.297418235381825,4.0,42890,42890.0,0.07027472518469849,5772,5772.0,0.009457349353370942,561657,561657.0,0.9202679254619306,24301,24301.0,0.03981688264661595,395889,395889.0,0.6486591438247867,190129,190129.0,0.31152397352859734,47867,47867.0,0.07842947704397209,802,802.0,0.0013140669059950615,561650,561650.0,0.9202564560500328,47031,47031.0,0.07705970156590242,369,369.0,0.000604601855750845,562919,562919.0,0.9223356965783467,44048,44048.0,0.07217209361006294,4731,4731.0,0.007751683955439697,561540,561540.0,0.9200762224344974,48566,48566.0,0.07957477974632939,364,364.0,0.0005964094186810504,561389,561389.0,0.9198288108349896,48638,48638.0,0.07969275084013443,292,292.0,0.0004784383248760075,561389,561389.0,0.9198288108349896,46228,46228.0,0.0757439961724934,1177,1177.0,0.0019284996862296603,562914,562914.0,0.922327504141277,221438,221438.0,0.36282337597223746,388881,388881.0,0.6371766240277625,0,0.0,0.0,37627,37627.0,0.06165136592503265,4739,4739.0,0.007764791854751368,567953,567953.0,0.930583842220216
orig_index_records_within_provenance,lemat,CLscore_jang,2,610318,610318.0,0.018053999170660973,0.04546700045466423,0.0826060026884079,False,False,False,equal record count ordered by score then orig_index,1.0,610318,3.232418181996926,3.0,610318,7.506696509032996,4.0,81785,81785.0,0.13400391271435547,10366,10366.0,0.016984588362132527,518167,518167.0,0.849011498923512,38196,38196.0,0.06258376780629114,391352,391352.0,0.6412263770690033,180770,180770.0,0.29618985512470547,89916,89916.0,0.1473264757061073,2223,2223.0,0.0036423634891974348,518179,518179.0,0.8490311608046952,86775,86775.0,0.1421799783063911,993,993.0,0.0016270206679141039,522550,522550.0,0.8561930010256948,85091,85091.0,0.1394207609803414,7655,7655.0,0.012542641704816178,517572,517572.0,0.8480365973148424,92914,92914.0,0.1522386690217231,681,681.0,0.0011158117571495516,516723,516723.0,0.8466455192211273,93065,93065.0,0.15248608102661235,530,530.0,0.0008683997522602971,516723,516723.0,0.8466455192211273,84970,84970.0,0.13922250367841027,2834,2834.0,0.004643480939444683,522514,522514.0,0.8561340153821451,231565,231565.0,0.3794169596833126,378753,378753.0,0.6205830403166873,0,0.0,0.0,58682,58682.0,0.09614987596629954,11088,11088.0,0.018167578213324858,540548,540548.0,0.8856825458203756
orig_index_records_within_provenance,lemat,CLscore_jang,3,610318,610318.0,0.08260700106620789,0.12642399966716766,0.17490600049495697,False,True,True,equal record count ordered by score then orig_index,1.0,610318,3.2494142397897487,3.0,610318,7.950350473032091,5.0,112932,112932.0,0.18503796381558466,15495,15495.0,0.02538840407787416,481891,481891.0,0.7895736321065412,49669,49669.0,0.08138216470757867,350923,350923.0,0.5749838608725287,209726,209726.0,0.3436339744198926,124589,124589.0,0.20413784289501538,3775,3775.0,0.006185300122231362,481954,481954.0,0.7896768569827533,120327,120327.0,0.1971545980947637,1681,1681.0,0.0027543018557538855,488310,488310.0,0.8000911000494824,118682,118682.0,0.1944592818825596,10745,10745.0,0.01760557610950357,480891,480891.0,0.7879351420079368,130120,130120.0,0.21320033163039595,931,931.0,0.0015254342818006351,479267,479267.0,0.7852742340878034,130052,130052.0,0.21308891430369087,999,999.0,0.00163685160850573,479267,479267.0,0.7852742340878034,117891,117891.0,0.19316323621456355,4181,4181.0,0.006850527102264721,488246,488246.0,0.7999862366831717,277383,277383.0,0.454489299021166,332935,332935.0,0.545510700978834,0,0.0,0.0,75727,75727.0,0.1240779396970104,16289,16289.0,0.026689365216165998,518302,518302.0,0.8492326950868236
orig_index_records_within_provenance,lemat,CLscore_jang,4,610318,610318.0,0.17490600049495697,0.22567300498485565,0.27779799699783325,True,True,True,equal record count ordered by score then orig_index,1.0,610318,3.2771686235700077,3.0,610318,8.468493473893938,6.0,134267,134267.0,0.21999515006930814,22207,22207.0,0.03638594961970645,453844,453844.0,0.7436189003109854,57393,57393.0,0.09403786222919855,318747,318747.0,0.5222638034598357,234178,234178.0,0.3836983343109658,150968,150968.0,0.2473595732060991,5363,5363.0,0.008787222398815044,453987,453987.0,0.7438532043950858,146353,146353.0,0.2397979414010401,2273,2273.0,0.0037242879941276515,461692,461692.0,0.7564777706048322,142740,142740.0,0.23387807667478266,15173,15173.0,0.02486081026612356,452405,452405.0,0.7412611130590938,158857,158857.0,0.2602856215939887,1418,1418.0,0.002323378959820946,450043,450043.0,0.7373909994461904,158587,158587.0,0.2598432292673655,1688,1688.0,0.002765771286444116,450043,450043.0,0.7373909994461904,143571,143571.0,0.23523966194672286,5156,5156.0,0.008448054948403947,461591,461591.0,0.7563122831048732,315055,315055.0,0.5162144980157884,295263,295263.0,0.4837855019842115,0,0.0,0.0,86865,86865.0,0.1423274424152655,19161,19161.0,0.031395108779357646,504292,504292.0,0.8262774488053769
orig_index_records_within_provenance,lemat,CLscore_jang,5,610318,610318.0,0.27779799699783325,0.33041301369667053,0.383338987827301,True,True,True,equal record count ordered by score then orig_index,1.0,610318,3.291577505497134,3.0,610318,8.890883113393345,7.0,151228,151228.0,0.24778558063173625,28553,28553.0,0.04678380778544955,430537,430537.0,0.7054306115828142,62440,62440.0,0.10230732175685463,292860,292860.0,0.4798482102772653,255018,255018.0,0.4178444679658801,172904,172904.0,0.2833014920090838,6673,6673.0,0.010933644427986722,430741,430741.0,0.7057648635629294,167873,167873.0,0.2750582483230054,2617,2617.0,0.004287928588047543,439828,439828.0,0.7206538230889471,161753,161753.0,0.26503068891954684,19721,19721.0,0.03231266323457607,428844,428844.0,0.7026566478458771,182600,182600.0,0.2991882920051514,1772,1772.0,0.00290340445472688,425946,425946.0,0.6979083035401217,182052,182052.0,0.29829039943111624,2320,2320.0,0.003801297028762055,425946,425946.0,0.6979083035401217,165110,165110.0,0.2705311001805616,5498,5498.0,0.009008418562126629,439710,439710.0,0.7204604812573118,345368,345368.0,0.5658820483747816,264950,264950.0,0.4341179516252183,0,0.0,0.0,93710,93710.0,0.15354290714021215,21336,21336.0,0.03495882474382207,495272,495272.0,0.8114982681159658
orig_index_records_within_provenance,lemat,CLscore_jang,6,610318,610318.0,0.383338987827301,0.43613600730895996,0.4885700047016144,True,True,True,equal record count ordered by score then orig_index,1.0,610318,3.2907353215864514,3.0,610318,9.24872115847804,8.0,163354,163354.0,0.2676539115674124,33373,33373.0,0.05468133006072244,413591,413591.0,0.6776647583718651,65629,65629.0,0.10753246668130384,273632,273632.0,0.44834332266130117,271057,271057.0,0.444124210657395,188879,188879.0,0.309476371334288,7518,7518.0,0.012318168561307383,413921,413921.0,0.6782054601044046,183539,183539.0,0.3007268342077409,2674,2674.0,0.004381322523667989,424105,424105.0,0.6948918432685911,176035,176035.0,0.28843160450781397,22568,22568.0,0.036977444545302614,411715,411715.0,0.6745909509468835,199262,199262.0,0.3264888140280968,2511,2511.0,0.004114248637595483,408545,408545.0,0.6693969373343077,198465,198465.0,0.32518293741950915,3308,3308.0,0.005420125246183138,408545,408545.0,0.6693969373343077,180479,180479.0,0.2957130545060116,5828,5828.0,0.00954912029466606,424011,424011.0,0.6947378251993224,368499,368499.0,0.6037819628455985,241819,241819.0,0.39621803715440146,0,0.0,0.0,98408,98408.0,0.1612405336234553,22456,22456.0,0.036793933654258926,489454,489454.0,0.8019655327222858
orig_index_records_within_provenance,lemat,CLscore_jang,7,610318,610318.0,0.4885700047016144,0.5411069989204407,0.5938950181007385,True,False,True,equal record count ordered by score then orig_index,1.0,610318,3.278118947827198,3.0,610318,9.60098669873738,8.0,175282,175282.0,0.2871978214635649,36446,36446.0,0.05971641013373356,398590,398590.0,0.6530857684027015,68327,68327.0,0.11195311296733834,255175,255175.0,0.41810171091136095,286816,286816.0,0.4699451761213007,202666,202666.0,0.332066234323746,8637,8637.0,0.014151638981645634,399015,399015.0,0.6537821266946083,197348,197348.0,0.32335274397936814,2309,2309.0,0.0037832736376774076,410661,410661.0,0.6728639823829544,190290,190290.0,0.31178828086341875,23288,23288.0,0.038157157416297736,396740,396740.0,0.6500545617202835,213278,213278.0,0.34945389125013515,3534,3534.0,0.005790424008467717,393506,393506.0,0.6447556847413971,212338,212338.0,0.3479137105574471,4474,4474.0,0.007330604701155791,393506,393506.0,0.6447556847413971,193700,193700.0,0.3173755320996595,6059,6059.0,0.009927611507443661,410559,410559.0,0.6726968563928968,390951,390951.0,0.6405693425394631,219367,219367.0,0.359430657460537,0,0.0,0.0,101974,101974.0,0.16708338931507838,23315,23315.0,0.03820139664896005,485029,485029.0,0.7947152140359616
orig_index_records_within_provenance,lemat,CLscore_jang,8,610318,610318.0,0.5938959717750549,0.6476659774780273,0.7029600143432617,False,True,True,equal record count ordered by score then orig_index,1.0,610318,3.247375958107085,3.0,610318,10.01364043007088,8.0,186339,186339.0,0.305314606483833,36491,36491.0,0.059790142188170754,387488,387488.0,0.6348952513279962,72148,72148.0,0.1182137836341055,239399,239399.0,0.392252891115779,298771,298771.0,0.4895333252501155,213016,213016.0,0.34902460684430087,9343,9343.0,0.015308412991260293,387959,387959.0,0.6356669801644389,207842,207842.0,0.340547059074122,1855,1855.0,0.0030393991329110397,400621,400621.0,0.656413541792967,202668,202668.0,0.3320695113039432,21894,21894.0,0.035873102218843295,385756,385756.0,0.6320573864772135,223470,223470.0,0.3661533823351105,4194,4194.0,0.0068718274735465774,382654,382654.0,0.6269747901913428,222642,222642.0,0.3647967125334662,5022,5022.0,0.008228497275190967,382654,382654.0,0.6269747901913428,203618,203618.0,0.3336260768976173,6150,6150.0,0.010076714106416656,400550,400550.0,0.656297208995966,408507,408507.0,0.6693346747105607,201811,201811.0,0.33066532528943926,0,0.0,0.0,106259,106259.0,0.17410431938759793,23397,23397.0,0.03833575283704561,480662,480662.0,0.7875599277753564
orig_index_records_within_provenance,lemat,CLscore_jang,9,610318,610318.0,0.7029600143432617,0.7609869837760925,0.8226699829101562,True,True,True,equal record count ordered by score then orig_index,1.0,610318,3.225284196107603,3.0,610318,10.701827571855983,9.0,194461,194461.0,0.3186224230646974,34638,34638.0,0.056754020035456924,381219,381219.0,0.6246235568998456,77742,77742.0,0.12737949724569814,219944,219944.0,0.3603760662474317,312632,312632.0,0.5122444365068702,219063,219063.0,0.35893255647056127,9670,9670.0,0.015844199253503912,381585,381585.0,0.6252232442759348,213233,213233.0,0.349380159195698,1297,1297.0,0.0021251216578898214,395788,395788.0,0.6484947191464122,211171,211171.0,0.34600159261237584,19407,19407.0,0.031798177343614314,379740,379740.0,0.6222002300440098,228210,228210.0,0.3739198254024951,4779,4779.0,0.007830344181230112,377329,377329.0,0.6182498304162748,227897,227897.0,0.3734069780016319,5092,5092.0,0.00834319158209327,377329,377329.0,0.6182498304162748,208443,208443.0,0.3415317916233832,6135,6135.0,0.01005213675493759,395740,395740.0,0.6484160716216791,428639,428639.0,0.7023207573756631,181679,181679.0,0.2976792426243368,0,0.0,0.0,112151,112151.0,0.18375830304857468,22930,22930.0,0.03757057796099738,475237,475237.0,0.778671118990428
orig_index_records_within_provenance,lemat,CLscore_jang,10,610318,610318.0,0.8226699829101562,0.8907359838485718,0.9996849894523621,True,False,True,equal record count ordered by score then orig_index,1.0,610318,3.2461323441222443,3.0,610318,12.26823229857222,10.0,194729,194729.0,0.3190615384111234,31185,31185.0,0.05109631372497616,384404,384404.0,0.6298421478639005,90604,90604.0,0.1484537568939471,182356,182356.0,0.29878850042109195,337358,337358.0,0.5527577426849609,216237,216237.0,0.3543021834519054,9491,9491.0,0.015550909525853735,384590,384590.0,0.6301469070222409,205472,205472.0,0.3366638375404297,626,626.0,0.0010256948017263131,404220,404220.0,0.662310467657844,208603,208603.0,0.3417939500391599,18029,18029.0,0.02954033798773754,383686,383686.0,0.6286657119731025,224097,224097.0,0.36718071562693544,3830,3830.0,0.0062754170776546,382391,382391.0,0.6265438672954099,224887,224887.0,0.3684751228048329,3040,3040.0,0.004981009899757176,382391,382391.0,0.6265438672954099,201254,201254.0,0.32975268630451665,4860,4860.0,0.007963061879217064,404204,404204.0,0.6622842518162663,466463,466463.0,0.7642950068652735,143855,143855.0,0.23570499313472648,0,0.0,0.0,122405,122405.0,0.20055938051966352,21538,21538.0,0.03528979974374015,466375,466375.0,0.7641508197365964
orig_index_records_within_provenance,elementa,CLscore_jang,1,200550,200550.0,0.0,0.01664000004529953,0.049493998289108276,False,False,False,equal record count ordered by score then orig_index,1.0,200550,2.9119770630765394,3.0,200550,8.124791822488158,8.0,6328,6328.0,0.03155322862129145,641,641.0,0.0031962104213413113,193581,193581.0,0.9652505609573673,1352,1352.0,0.0067414609822986785,54448,54448.0,0.27149339316878585,144750,144750.0,0.7217651458489155,6869,6869.0,0.03425081027175268,100,100.0,0.0004986287708800798,193581,193581.0,0.9652505609573673,6452,6452.0,0.03217152829718275,146,146.0,0.0007279980054849164,193952,193952.0,0.9671004736973323,6718,6718.0,0.03349788082772376,252,252.0,0.001256544502617801,193580,193580.0,0.9652455746696584,6694,6694.0,0.03337820992271254,281,281.0,0.0014011468461730243,193575,193575.0,0.9652206432311145,6700,6700.0,0.03340812764896534,275,275.0,0.0013712291199202194,193575,193575.0,0.9652206432311145,4880,4880.0,0.024333084018947893,1718,1718.0,0.00856644228371977,193952,193952.0,0.9671004736973323,147361,147361.0,0.7347843430565943,53189,53189.0,0.26521565694340565,0,0.0,0.0,4679,4679.0,0.023330840189478935,743,743.0,0.003704811767638993,195128,195128.0,0.9729643480428821
orig_index_records_within_provenance,elementa,CLscore_jang,2,200549,200549.0,0.04949599876999855,0.09121999889612198,0.13870899379253387,False,True,True,equal record count ordered by score then orig_index,1.0,200549,2.8886307087046057,3.0,200549,8.310542560670958,8.0,10174,10174.0,0.05073074410742512,1675,1675.0,0.008352073558083062,188700,188700.0,0.9409171823344918,2070,2070.0,0.010321667024019068,51566,51566.0,0.25712419408723053,146913,146913.0,0.7325541388887504,11425,11425.0,0.056968621134984465,396,396.0,0.0019745797785079957,188728,188728.0,0.9410567990865075,10801,10801.0,0.05385716209006278,241,241.0,0.001201701329849563,189507,189507.0,0.9449411365800876,11195,11195.0,0.05582176924342679,635,635.0,0.0031663084832135786,188719,188719.0,0.9410119222733596,11353,11353.0,0.0566096066298012,536,536.0,0.00267266353858658,188660,188660.0,0.9407177298316122,11259,11259.0,0.056140893248034146,630,630.0,0.0031413769203536292,188660,188660.0,0.9407177298316122,8697,8697.0,0.04336596043859605,2347,2347.0,0.011702875606460267,189505,189505.0,0.9449311639549437,151760,151760.0,0.7567227959251853,48789,48789.0,0.24327720407481462,0,0.0,0.0,5346,5346.0,0.02665682700985794,1513,1513.0,0.0075442909214207005,193690,193690.0,0.9657988820687213
orig_index_records_within_provenance,elementa,CLscore_jang,3,200550,200550.0,0.13870899379253387,0.18950000405311584,0.24207499623298645,True,True,True,equal record count ordered by score then orig_index,1.0,200550,2.8900324108701074,3.0,200550,8.412994265769134,8.0,14769,14769.0,0.07364248317127899,3146,3146.0,0.01568686113188731,182635,182635.0,0.9106706556968337,2914,2914.0,0.014530042383445525,52793,52793.0,0.2632410870107205,144843,144843.0,0.722228870605834,17086,17086.0,0.08519571179257043,728,728.0,0.0036300174520069806,182736,182736.0,0.9111742707554226,16091,16091.0,0.08023435552231364,442,442.0,0.0022039391672899525,184017,184017.0,0.9175617053103964,16536,16536.0,0.08245325355272999,1324,1324.0,0.006601844926452256,182690,182690.0,0.9109449015208178,17199,17199.0,0.08575916230366493,867,867.0,0.004323111443530292,182484,182484.0,0.9099177262528048,16892,16892.0,0.08422837197706308,1174,1174.0,0.005853901770132137,182484,182484.0,0.9099177262528048,13368,13368.0,0.06665669409124907,3171,3171.0,0.01581151832460733,184011,184011.0,0.9175317875841436,152029,152029.0,0.7580603340812765,48521,48521.0,0.2419396659187235,0,0.0,0.0,6928,6928.0,0.03454500124657193,1959,1959.0,0.009768137621540763,191663,191663.0,0.9556868611318873
orig_index_records_within_provenance,elementa,CLscore_jang,4,200549,200549.0,0.24207499623298645,0.29546400904655457,0.348690003156662,True,False,True,equal record count ordered by score then orig_index,1.0,200549,2.8833452173782965,3.0,200549,8.476172905374746,8.0,20871,20871.0,0.10406932969000095,5115,5115.0,0.025504988805728275,174563,174563.0,0.8704256815042708,4089,4089.0,0.020389032106866652,55608,55608.0,0.2772788695032137,140852,140852.0,0.7023320983899197,24537,24537.0,0.12234915157891588,1120,1120.0,0.005584670080628675,174892,174892.0,0.8720661783404554,23146,23146.0,0.11541319079127794,733,733.0,0.003654967115268588,176670,176670.0,0.8809318420934534,23637,23637.0,0.11786147026412498,2114,2114.0,0.010541064777186623,174798,174798.0,0.8715974649586884,25082,25082.0,0.12506669193065037,1262,1262.0,0.006292726465851238,174205,174205.0,0.8686405816034984,24209,24209.0,0.12071364105530319,2135,2135.0,0.01064577734119841,174205,174205.0,0.8686405816034984,20167,20167.0,0.10055896563932007,3720,3720.0,0.018549082767802382,176662,176662.0,0.8808919515928776,150828,150828.0,0.7520755526080908,49721,49721.0,0.24792444739190922,0,0.0,0.0,9037,9037.0,0.04506130671307262,2330,2330.0,0.011618108292736438,189182,189182.0,0.9433205849941909
orig_index_records_within_provenance,elementa,CLscore_jang,5,200550,200550.0,0.3486909866333008,0.4018004983663559,0.454012006521225,False,False,False,equal record count ordered by score then orig_index,1.0,200550,2.8723111443530294,3.0,200550,8.498773373223635,8.0,27038,27038.0,0.13481924707055598,6976,6976.0,0.03478434305659436,166536,166536.0,0.8303964098728497,5097,5097.0,0.025415108451757665,59056,59056.0,0.2944702069309399,136397,136397.0,0.6801146846173024,32109,32109.0,0.1601047120418848,1341,1341.0,0.0066866118175018694,167100,167100.0,0.8332086761406133,29836,29836.0,0.1487708800797806,948,948.0,0.0047270007479431565,169766,169766.0,0.8465021191722762,30564,30564.0,0.1524008975317876,3057,3057.0,0.01524308152580404,166929,166929.0,0.8323560209424083,32919,32919.0,0.16414360508601347,1634,1634.0,0.008147594116180504,165997,165997.0,0.8277088007978061,31485,31485.0,0.15699326851159312,3068,3068.0,0.015297930690600847,165997,165997.0,0.8277088007978061,26758,26758.0,0.13342308651209175,4030,4030.0,0.020094739466467216,169762,169762.0,0.846482174021441,148900,148900.0,0.7424582398404388,51650,51650.0,0.2575417601595612,0,0.0,0.0,10618,10618.0,0.05294440289204687,2568,2568.0,0.01280478683620045,187364,187364.0,0.9342508102717527
orig_index_records_within_provenance,elementa,CLscore_jang,6,200549,200549.0,0.45401298999786377,0.5053179860115051,0.5553140044212341,False,False,False,equal record count ordered by score then orig_index,1.0,200549,2.8478725897411605,3.0,200549,8.487771068417194,8.0,33625,33625.0,0.16766476023316,9283,9283.0,0.046287939605782126,157641,157641.0,0.786047300161058,5837,5837.0,0.029105106482704975,62310,62310.0,0.3106971363606899,132402,132402.0,0.6601977571566051,40523,40523.0,0.20206034435474624,1646,1646.0,0.008207470493495355,158380,158380.0,0.7897321851517585,37288,37288.0,0.18592962318435893,1003,1003.0,0.005001271509705857,162258,162258.0,0.8090691053059352,38357,38357.0,0.19125999132381613,4101,4101.0,0.020448867857730528,158091,158091.0,0.7882911408184533,41509,41509.0,0.20697684855072826,2107,2107.0,0.010506160589182693,156933,156933.0,0.7825169908600891,39521,39521.0,0.19706405915761235,4095,4095.0,0.020418949982298592,156933,156933.0,0.7825169908600891,34274,34274.0,0.17090087709238141,4024,4024.0,0.020064921789687308,162251,162251.0,0.8090342011179312,147349,147349.0,0.734728171170138,53200,53200.0,0.26527182882986206,0,0.0,0.0,11899,11899.0,0.05933213329410768,3020,3020.0,0.015058663967409461,185630,185630.0,0.9256092027384829
orig_index_records_within_provenance,elementa,CLscore_jang,7,200550,200550.0,0.5553150177001953,0.6039415001869202,0.6514750123023987,False,True,True,equal record count ordered by score then orig_index,1.0,200550,2.8283520319122415,3.0,200550,8.494225878833209,8.0,38848,38848.0,0.1937073049114934,11020,11020.0,0.05494889055098479,150682,150682.0,0.7513438045375218,6499,6499.0,0.032405883819496384,64697,64697.0,0.3225978558962852,129354,129354.0,0.6449962602842184,47271,47271.0,0.2357068062827225,1710,1710.0,0.008526551982049364,151569,151569.0,0.7557666417352281,43567,43567.0,0.21723759660932435,829,829.0,0.0041336325105958615,156154,156154.0,0.7786287708800798,44331,44331.0,0.22104712041884816,5003,5003.0,0.02494639740713039,151216,151216.0,0.7540064821740214,48251,48251.0,0.24059336823734728,2482,2482.0,0.01237596609324358,149817,149817.0,0.7470306656694091,45728,45728.0,0.22801296434804288,5005,5005.0,0.024956369982547993,149817,149817.0,0.7470306656694091,40567,40567.0,0.20227873348292197,3848,3848.0,0.01918723510346547,156135,156135.0,0.7785340314136125,146252,146252.0,0.7292545499875343,54298,54298.0,0.2707454500124657,0,0.0,0.0,12857,12857.0,0.06410870107205185,3415,3415.0,0.017028172525554726,184278,184278.0,0.9188631264023934
orig_index_records_within_provenance,elementa,CLscore_jang,8,200549,200549.0,0.6514750123023987,0.697966992855072,0.7438129782676697,True,True,True,equal record count ordered by score then orig_index,1.0,200549,2.8118963445342535,3.0,200549,8.504589900722516,8.0,42757,42757.0,0.21319976664057164,11983,11983.0,0.059750983550154825,145809,145809.0,0.7270492498092735,6933,6933.0,0.03457010506160589,65180,65180.0,0.3250078534423009,128436,128436.0,0.6404220414960933,52255,52255.0,0.26055976344933157,1759,1759.0,0.008770923814130213,146535,146535.0,0.7306693127365382,47592,47592.0,0.23730858792614273,701,701.0,0.0034954051129649113,152256,152256.0,0.7591960069608924,48523,48523.0,0.24195084493066532,5878,5878.0,0.02930954529815656,146148,146148.0,0.7287396097711781,53115,53115.0,0.2648479922612429,2445,2445.0,0.012191534238515276,144989,144989.0,0.7229604735002418,50504,50504.0,0.2518287301357773,5056,5056.0,0.025210796363980874,144989,144989.0,0.7229604735002418,44963,44963.0,0.22419957217438133,3342,3342.0,0.016664256615590206,152244,152244.0,0.7591361712100285,146463,146463.0,0.730310298231355,54086,54086.0,0.2696897017686451,0,0.0,0.0,13322,13322.0,0.06642765608404928,3559,3559.0,0.01774628644371201,183668,183668.0,0.9158260574722387
orig_index_records_within_provenance,elementa,CLscore_jang,9,200550,200550.0,0.7438129782676697,0.7899204790592194,0.8380280137062073,True,True,True,equal record count ordered by score then orig_index,1.0,200550,2.8003091498379455,3.0,200550,8.512610321615558,8.0,45389,45389.0,0.2263226128147594,13166,13166.0,0.0656494639740713,141995,141995.0,0.7080279232111693,7788,7788.0,0.03883320867614062,64357,64357.0,0.32090251807529296,128405,128405.0,0.6402642732485665,56429,56429.0,0.28137122911992024,1620,1620.0,0.008077786088257292,142501,142501.0,0.7105509847918224,50666,50666.0,0.2526352530541012,540,540.0,0.002692595362752431,149344,149344.0,0.7446721515831464,50850,50850.0,0.25355272999252054,7623,7623.0,0.03801047120418848,142077,142077.0,0.7084367988032909,57083,57083.0,0.28463226128147595,2332,2332.0,0.01162802293692346,141135,141135.0,0.7037397157816005,54646,54646.0,0.2724806781351284,4769,4769.0,0.023779606083271006,141135,141135.0,0.7037397157816005,48315,48315.0,0.24091249065071055,2897,2897.0,0.014445275492395911,149338,149338.0,0.7446422338568935,148274,148274.0,0.7393368237347295,52276,52276.0,0.2606631762652705,0,0.0,0.0,14153,14153.0,0.07057092994265769,3713,3713.0,0.01851408626277736,182684,182684.0,0.9109149837945649
orig_index_records_within_provenance,elementa,CLscore_jang,10,200549,200549.0,0.8380280137062073,0.8923919796943665,0.999101996421814,True,False,True,equal record count ordered by score then orig_index,1.0,200549,2.7432647382933846,3.0,200549,8.411525362878898,8.0,47982,47982.0,0.2392532498292188,14246,14246.0,0.07103500890056794,138321,138321.0,0.6897117412702133,8926,8926.0,0.044507826017581735,62838,62838.0,0.3133299093987006,128785,128785.0,0.6421622645837177,60358,60358.0,0.30096385422016564,1560,1560.0,0.007778647612304225,138631,138631.0,0.6912574981675301,53317,53317.0,0.2658552274007848,365,365.0,0.001820004088776309,146867,146867.0,0.7323247685104388,52128,52128.0,0.2599265017526889,10047,10047.0,0.0500974824107824,138374,138374.0,0.6899760158365287,61294,61294.0,0.30563104278754816,1689,1689.0,0.00842188193409092,137566,137566.0,0.6859470752783609,59700,59700.0,0.2976828605477963,3283,3283.0,0.0163700641738428,137566,137566.0,0.6859470752783609,51454,51454.0,0.2565657270791677,2230,2230.0,0.011119477035537449,146865,146865.0,0.7323147958852949,150492,150492.0,0.7504001515839022,50057,50057.0,0.2495998484160978,0,0.0,0.0,15560,15560.0,0.07758702362016265,3743,3743.0,0.01866376795695815,181246,181246.0,0.9037492084228792
