task,experiment,status,status_reason,formula,n_atoms,encut_ev,n_kpoints,candidate_id,role,pss,uma_bulk_modulus_gpa,relax_cell.energy_ev,relax_cell.energy_ev_per_atom,relax_cell.volume_a3,relax_cell.release_ev_per_atom,relax_cell.n_ionic_steps,relax_cell.converged,relax_cell.elapsed_s,relax_cell.close_ions_warning,static.energy_ev,static.energy_ev_per_atom,static.volume_a3,static.release_ev_per_atom,static.n_ionic_steps,static.converged,static.elapsed_s,static.close_ions_warning
E4-candidate_0000,E4,complete,,Ir5Os7,12,520.0,192,candidate_0000,control,-0.569329827009457,375.547605320632,-118.75772274,-9.896476895000001,178.18866235623523,0.0054536225000004395,14,True,315.901,False,-118.7618091,-9.896817425,178.18866235623523,0.0,1,False,50.286,False
E4-candidate_0004,E4,complete,,ReIrOs2,4,520.0,539,candidate_0004,control,0.24151701209006252,390.44888326733593,-43.5927132,-10.8981783,58.22673376909213,0.0005901049999987862,7,True,65.825,False,-43.59285842,-10.898214605,58.22673376909213,0.0,1,False,18.167,False
E4-candidate_0006,E4,complete,,Re3Ir2Os11,16,520.0,144,candidate_0006,priority,0.24404412141388646,411.0616768457807,-178.40967814,-11.15060488375,231.8996721314722,0.00045699125000098206,10,True,387.527,False,-178.41474103,-11.150921314375,231.8996721314722,0.0,1,False,122.284,False
E4-candidate_0009,E4,complete,,Ir2Os7,18,520.0,147,candidate_0009,screened,-0.6378596707391505,381.5342990134223,-187.27697188,-10.404276215555555,277.64001175213446,0.12624428888888892,109,True,6296.591,False,-187.27987841,-10.404437689444444,277.64001175213446,0.0,1,False,109.2,False
E4-candidate_0011,E4,complete,,Re5Os2,14,520.0,150,candidate_0011,screened,-0.6514096948257566,387.24363800617584,-166.9244964,-11.923178314285716,212.46483221712433,0.045576795714286585,54,True,1825.252,False,-166.92522639,-11.923230456428572,212.46483221712433,0.0,1,False,75.789,False
E4-candidate_0013,E4,complete,,ReOs5,6,520.0,330,candidate_0013,priority,-0.5196694573966908,404.20840259059185,-68.79909696,-11.46651616,86.6947105506794,0.0008051716666675665,13,True,110.551,False,-68.79887473,-11.466479121666666,86.6947105506794,0.0,1,False,27.729,False
E4-candidate_0015,E4,complete,,IrOs8,9,520.0,225,candidate_0015,priority,1.5830192982804112,401.2719932257208,-97.71982963,-10.857758847777779,129.67362009081322,0.0006595044444455627,4,True,75.034,False,-97.72525109,-10.858361232222222,129.67362009081322,0.0,1,False,29.688,False
E4-candidate_0017,E4,complete,,Os,4,520.0,539,candidate_0017,priority,1.8690700158446896,436.6152921537611,-44.91669762,-11.229174405,57.413347664355605,0.0009671225000005279,7,True,61.352,False,-44.92211095,-11.2305277375,57.413347664355605,0.0,1,False,18.195,False
E4-candidate_0023,E4,complete,,Re8B2Os5C3,18,520.0,144,candidate_0023,control,-0.14773976048900972,365.052323059289,-190.8274605,-10.601525583333334,224.3750820214851,0.06998060000000016,23,True,1851.556,False,-190.82649596,-10.601471997777777,224.3750820214851,0.0,1,False,404.387,False
E4-candidate_0025,E4,complete,,Ir2Os,18,520.0,126,candidate_0025,control,-0.5230669565525191,381.80651775087904,-173.29268635,-9.627371463888888,260.38337956789,0.0007206183333323679,8,True,264.953,False,-173.29919142,-9.627732856666666,260.38337956789,0.0,1,False,66.235,False
E4-candidate_0034,E4,complete,,IrOs3,8,520.0,252,candidate_0034,priority,1.4556668217011017,415.8020857682442,-85.11468668,-10.639335835,115.03216578214212,0.0001591499999999968,6,True,75.152,False,-85.11345418,-10.6391817725,115.03216578214212,0.0,1,False,34.618,False
E4-candidate_0037,E4,complete,,IrOs7,8,520.0,231,candidate_0037,priority,-0.49218722904662915,427.7870944757225,-87.46725432,-10.93340679,114.9707723020589,0.0005506649999986735,9,True,105.138,False,-87.47885566,-10.9348569575,114.9707723020589,0.0,1,False,17.935,False
E4-candidate_0051,E4,complete,,ReOs5,6,520.0,308,candidate_0051,priority,-0.5128631503878358,410.1097100996811,-68.82313991,-11.470523318333333,86.69686103487219,0.0007901083333313371,11,True,104.591,False,-68.81332876,-11.468888126666668,86.69686103487219,0.0,1,False,25.999,False
E4-candidate_0052,E4,complete,,IrOs3,4,520.0,462,candidate_0052,priority,-0.5015528270889535,422.8281626582972,-42.51949881,-10.6298747025,57.5285514842709,0.0005329175000010622,7,True,52.248,False,-42.52576667,-10.6314416675,57.5285514842709,0.0,1,False,125.249,False
E4-candidate_0063,E4,complete,,Os7W,16,520.0,144,candidate_0063,priority,0.24189641454762004,425.74624238803904,-182.46035781,-11.403772363125,233.61896734127666,0.0006668143750001576,8,True,325.459,False,-182.44440296,-11.402775185,233.61896734127666,0.0,1,False,90.663,False
E4-candidate_0065,E4,complete,,IrOs3,12,520.0,168,candidate_0065,priority,-0.5138037868132053,404.3180997845905,-127.74046791,-10.6450389925,172.63857713720827,0.0009076500000008517,9,True,172.523,False,-127.72952858,-10.644127381666665,172.63857713720827,0.0,1,False,38.362,False
E4-candidate_0066,E4,complete,,IrOs2,12,520.0,192,candidate_0066,control,-0.5145541864639798,389.21577294234186,-124.4213077,-10.368442308333334,173.09314962150262,0.00020637416666720773,6,True,160.579,False,-124.43325574,-10.369437978333334,173.09314962150262,0.0,1,False,49.621,False
E4-candidate_0073,E4,complete,,IrOs,12,520.0,168,candidate_0073,priority,-0.5162213509368104,405.5022729508629,-120.38437042,-10.032030868333333,173.233174786027,0.0009471641666666623,8,True,155.734,False,-120.38487919,-10.032073265833334,173.233174786027,0.0,1,False,41.312,False
E4-candidate_0074,E4,complete,,Re2Ir3Os7,12,520.0,224,candidate_0074,priority,-0.5274995498279699,418.66357005734534,-130.41825142,-10.868187618333332,173.92409668001605,0.0009383833333321453,8,True,280.866,False,-130.41472918,-10.867894098333332,173.92409668001605,0.0,1,False,68.373,False
E4-candidate_0077,E4,complete,,IrOs2,12,520.0,192,candidate_0077,priority,-0.47185190322008985,428.3451280458812,-124.48174025,-10.373478354166666,173.16324906243773,0.004482955000000288,8,True,216.116,False,-124.49041317,-10.3742010975,173.16324906243773,0.0,1,False,42.756,False
E4-candidate_0084,E4,complete,,ReIr3,4,520.0,462,candidate_0084,control,-0.5413649220372589,392.546604181445,-39.42736978,-9.856842445,58.31863371586095,0.000618872500000478,6,True,46.739,False,-39.42502591,-9.8562564775,58.31863371586095,0.0,1,False,14.791,False
E4-candidate_0086,E4,complete,,IrOs2,6,520.0,308,candidate_0086,priority,1.0497103598891369,406.9253747551237,-62.65087798,-10.441812996666666,86.37906474135717,0.0007081383333324235,6,True,64.537,False,-62.65329035,-10.442215058333334,86.37906474135717,0.0,1,False,19.11,False
E4-candidate_0096,E4,complete,,IrOs,12,520.0,168,candidate_0096,priority,1.0608731717613482,414.2303794856437,-120.4081021,-10.034008508333333,173.15259785204432,0.0012983216666656954,13,True,210.888,False,-120.40703703,-10.0339197525,173.15259785204432,0.0,1,False,36.445,False
E4-candidate_0097,E4,complete,,ReIr2Os,4,520.0,648,candidate_0097,priority,-0.5167626153930894,405.1924089145057,-41.55769287,-10.3894232175,58.22674365175135,0.0022628699999991397,14,True,114.118,False,-41.54838511,-10.3870962775,58.22674365175135,0.0,1,False,25.35,False
E4-candidate_0100,E4,complete,,IrOs,4,520.0,462,candidate_0100,priority,1.0601488206969725,419.1974916358665,-40.08527628,-10.02131907,57.70099302244359,0.0008279425000008445,11,True,57.306,False,-40.08087163,-10.0202179075,57.70099302244359,0.0,1,False,8.845,False
E4-candidate_0107,E4,complete,,Re2Os2W,10,520.0,245,candidate_0107,screened,-0.637999446436994,385.7138942317908,-119.33265311,-11.933265311,152.1588894756618,0.020629891999999473,32,True,808.036,False,-119.33584597,-11.933584597,152.1588894756618,0.0,1,False,53.431,False
E4-candidate_0118,E4,complete,,ReIrOs2,4,520.0,462,candidate_0118,priority,-0.5298729364948571,403.0414378248935,-44.18621221,-11.0465530525,57.98002522263084,0.0006271299999998092,7,True,59.352,False,-44.18446836,-11.04611709,57.98002522263084,0.0,1,False,17.544,False
E4-candidate_0124,E4,complete,,Re7W8,15,520.0,125,candidate_0124,screened,-0.9562061697510111,280.5757022937872,-187.0727931,-12.471519540000001,244.13287082487548,0.00992942733333469,21,True,574.0,False,-187.0793266,-12.471955106666666,244.13287082487548,0.0,1,False,61.324,False
E4-candidate_0130,E4,complete,,IrOs2,12,520.0,168,candidate_0130,priority,1.847356514824367,421.00146870423043,-125.2819713,-10.440164274999999,172.78725150456708,0.000508954999999626,9,True,149.855,False,-125.29521343,-10.441267785833334,172.78725150456708,0.0,1,False,41.115,False
E4-candidate_0131,E4,complete,,IrOs5,6,520.0,343,candidate_0131,priority,1.067613426050083,419.21721699445567,-65.04374096,-10.840623493333332,86.19979127009057,0.0006024516666656154,5,True,61.496,False,-65.03692143,-10.839486905000001,86.19979127009057,0.0,1,False,22.632,False
E4-candidate_0132,E4,complete,,Re3Os2,10,520.0,280,candidate_0132,priority,-0.5716590080885137,422.0945610731947,-120.06535231,-12.006535230999999,147.34560629337776,0.19529969299999977,105,True,2896.397,False,-120.07341273,-12.007341273,147.34560629337776,0.0,1,False,61.459,False
E4-candidate_0134,E4,complete,,Ir3Os13,16,520.0,196,candidate_0134,priority,0.6670332827123621,418.13714648277806,-171.28950818,-10.70559426125,230.58007790016373,0.0011783975000003721,6,True,359.837,False,-171.29677584,-10.70604849,230.58007790016373,0.0,1,False,96.352,False
E4-candidate_0140,E4,complete,,IrOs,12,520.0,192,candidate_0140,control,1.036987497070963,377.19004456125685,-120.07145444,-10.005954536666666,173.54038759510826,0.0016475633333333424,9,True,190.797,False,-120.08223482,-10.006852901666667,173.54038759510826,0.0,1,False,39.374,False
E4-candidate_0142,E4,complete,,Os3Ru,16,520.0,196,candidate_0142,priority,0.3091134013477741,418.20350894771593,-170.31551242,-10.64471952625,228.1685454740172,0.0005514481249999648,14,True,539.315,False,-170.34281967,-10.646426229375,228.1685454740172,0.0,1,False,114.131,False
E4-candidate_0143,E4,complete,,IrOs3,8,520.0,231,candidate_0143,priority,1.0647342680469032,418.15952342837375,-85.094225,-10.636778125,115.08925006265221,0.0014568824999994234,10,True,116.342,False,-85.08474949,-10.63559368625,115.08925006265221,0.0,1,False,25.226,False
E4-candidate_0151,E4,complete,,ReOs3,8,520.0,252,candidate_0151,priority,1.437772529679419,405.6945658881274,-92.78349176,-11.59793647,115.96679716018825,0.0005679412500008141,6,True,104.256,False,-92.79329671,-11.59916208875,115.96679716018825,0.0,1,False,33.216,False
E4-candidate_0153,E4,complete,,Os5W3,16,520.0,144,candidate_0153,screened,-0.6681534760615095,354.916039583965,-189.29264186,-11.83079011625,241.3588371387147,0.004246255625000472,14,True,618.005,False,-189.2939168,-11.8308698,241.3588371387147,0.0,1,False,84.661,False
E4-candidate_0155,E4,complete,,IrOs2,12,520.0,168,candidate_0155,priority,-0.5184857595294247,401.70855504277034,-125.24926186,-10.437438488333333,172.81601807872238,0.0005194183333342058,9,True,154.618,False,-125.24896695,-10.4374139125,172.81601807872238,0.0,1,False,41.63,False
E4-candidate_0157,E4,complete,,Ir3W2,10,520.0,245,candidate_0157,screened,-0.6928449120905387,343.8015734043097,-106.31061215,-10.631061214999999,153.1534620856393,0.023503345000000307,14,True,246.127,False,-106.31078734,-10.631078734,153.1534620856393,0.0,1,False,35.447,False
E4-candidate_0164,E4,complete,,Ir2Os,12,520.0,192,candidate_0164,control,1.0616714444666253,399.8230001633293,-115.55550822,-9.629625684999999,173.75635810755736,0.0012340533333331887,9,True,187.969,False,-115.5661517,-9.630512641666668,173.75635810755736,0.0,1,False,43.661,False
E4-candidate_0169,E4,complete,,Ir2Os7W2,11,520.0,200,candidate_0169,screened,-0.7550068438507661,352.4408266680575,-118.95257557,-10.813870506363635,171.30144858489533,0.007442499090908489,21,True,497.416,False,-118.95049851,-10.813681682727273,171.30144858489533,0.0,1,False,48.063,False
E4-candidate_0170,E4,complete,,Re3Os5,8,520.0,252,candidate_0170,control,-0.5575996299238907,378.4165325092762,-94.01621808,-11.75202726,116.536115080451,0.0011521637499996018,9,True,141.61,False,-94.0022586,-11.750282325,116.536115080451,0.0,1,False,38.778,False
E4-candidate_0171,E4,complete,,Os7Ru,8,520.0,231,candidate_0171,priority,-0.4920583533078182,403.93705109325873,-87.89285284,-10.986606605,114.24607017921143,0.00044052625000112755,6,True,90.007,False,-87.88905834,-10.9861322925,114.24607017921143,0.0,1,False,29.629,False
E4-candidate_0174,E4,complete,,Re3Os7,10,520.0,280,candidate_0174,priority,-0.579382244012365,401.2548755245299,-116.48551818,-11.648551818,145.3553086141477,0.25660305100000047,55,True,1777.758,False,-116.48568091,-11.648568091,145.3553086141477,0.0,1,False,65.208,False
E4-candidate_0175,E4,complete,,ReOs3,16,520.0,144,candidate_0175,priority,-0.5421327907928251,425.05968758442566,-184.18921801,-11.511826125625,232.52062003806503,0.00031202562499998976,6,True,301.442,False,-184.18531442,-11.51158215125,232.52062003806503,0.0,1,False,98.945,False
E4-candidate_0177,E4,complete,,IrOs3,4,520.0,576,candidate_0177,priority,0.2774832195556294,410.245189696083,-42.58121508,-10.64530377,57.59312904083698,0.0006532000000003535,6,True,70.103,False,-42.55399629,-10.6384990725,57.59312904083698,0.0,1,False,23.118,False
E4-candidate_0184,E4,complete,,Re2Ir3,10,520.0,192,candidate_0184,control,-0.5733519806387108,362.5671900006495,-103.62061419,-10.362061419,146.73697570165737,0.0010977379999999926,12,True,195.386,False,-103.61740496,-10.361740496,146.73697570165737,0.0,1,False,44.224,False
E4-candidate_0194,E4,complete,,IrOs11,12,520.0,154,candidate_0194,priority,-0.4980439587356279,420.6494234495126,-132.39857081,-11.033214234166666,172.33007416205044,0.0009068133333324605,12,True,212.203,False,-132.40817101,-11.034014250833332,172.33007416205044,0.0,1,False,50.691,False
E4-candidate_0195,E4,complete,,Os3W2,10,520.0,245,candidate_0195,screened,-0.680927298282217,361.20727157302986,-117.51842197,-11.751842197,153.31446599719874,0.010007273000000793,16,True,325.524,False,-117.52071605,-11.752071605000001,153.31446599719874,0.0,1,False,45.504,False
E4-candidate_0196,E4,complete,,ReOs3,12,520.0,192,candidate_0196,priority,-0.5408507351627317,400.07355179728836,-137.16444877,-11.430370730833333,174.72469535663447,0.0007555391666661156,9,True,276.232,False,-137.15916377,-11.429930314166667,174.72469535663447,0.0,1,False,77.638,False
E4-candidate_0200,E4,complete,,IrOs9,10,520.0,242,candidate_0200,priority,-0.5067053216946878,401.7583712603996,-108.83922869,-10.883922869,144.15154286099488,0.0006689440000002377,13,True,354.516,False,-108.81014165,-10.881014165,144.15154286099488,0.0,1,False,86.243,False
E4-candidate_0215,E4,complete,,Ir2Os3,10,520.0,245,candidate_0215,control,-0.5154527832958283,388.75674279619716,-102.30484124,-10.230484124,144.27228562135102,0.0007776640000002998,6,True,116.862,False,-102.3020761,-10.230207609999999,144.27228562135102,0.0,1,False,40.418,False
E4-candidate_0221,E4,complete,,Os,3,520.0,845,candidate_0221,priority,0.5198304068447207,414.0698257580022,-33.55761609,-11.18587203,43.16743160406007,0.005658170000001424,6,True,75.948,False,-33.55399946,-11.184666486666666,43.16743160406007,0.0,1,False,18.622,False
E4-candidate_0224,E4,complete,,Re4W,10,520.0,245,candidate_0224,screened,-0.6907373548811707,335.1077241834852,-124.00075619,-12.400075619,153.127972207713,0.003072208000000387,22,True,412.28,False,-124.00022639,-12.400022639,153.127972207713,0.0,1,False,50.357,False
E4-candidate_0227,E4,complete,,Re4Ir7,11,520.0,192,candidate_0227,screened,-0.7559238748567393,332.1701290862767,-110.74252744,-10.067502494545455,170.55493345370706,0.00783369181818278,13,True,334.35,False,-110.74386716,-10.067624287272727,170.55493345370706,0.0,1,False,51.66,False
E4-candidate_0230,E4,complete,,ReOs7,16,520.0,144,candidate_0230,priority,1.0476329787482714,436.4006058734574,-181.08860357,-11.318037723125,231.41584893170355,0.001048403125000874,11,True,507.852,False,-181.10277628,-11.3189235175,231.41584893170355,0.0,1,False,99.801,False
E4-candidate_0236,E4,complete,,IrOs2,6,520.0,308,candidate_0236,priority,-0.5198100401371247,405.1844574222583,-62.6158734,-10.4359789,86.39154856251093,0.00044229333333352844,14,True,103.381,False,-62.60807399,-10.434678998333334,86.39154856251093,0.0,1,False,21.886,False
E4-candidate_0241,E4,complete,,Ir5Os7,12,520.0,192,candidate_0241,priority,-0.4994836312474972,403.91934272618545,-122.19504719,-10.182920599166666,173.1594938837249,0.0008703291666662949,8,True,194.581,False,-122.19173431,-10.182644525833334,173.1594938837249,0.0,1,False,46.951,False
E4-candidate_0244,E4,complete,,Os7W3,10,520.0,245,candidate_0244,screened,-0.6538651978091304,369.2000026852173,-116.04062247,-11.604062247,151.63528589723697,0.01194652399999967,30,True,614.896,False,-116.04295594,-11.604295594,151.63528589723697,0.0,1,False,47.419,False
E4-candidate_0248,E4,failed,stage relax_cell exited 1,ReW4,5,520.0,432,candidate_0248,screened,-0.8138445945742,321.6052146400677,-64038082.34073972,,79.35,,0,False,,False,,,,,,,,
E4-candidate_0249,E4,complete,,IrOs7,8,520.0,252,candidate_0249,priority,1.0529921481417828,404.23926358933295,-87.50039807,-10.93754975875,114.87699893920404,0.0006004350000008429,7,True,102.495,False,-87.49133103,-10.93641637875,114.87699893920404,0.0,1,False,28.273,False
E4-candidate_0253,E4,complete,,Ir2Os5,14,520.0,175,candidate_0253,priority,-0.49848206832177,419.5214226730207,-147.73828635,-10.552734739285714,201.53271923856502,0.0016384978571437614,10,True,288.427,False,-147.72942767,-10.552101976428572,201.53271923856502,0.0,1,False,56.541,False
E4-candidate_0261,E4,complete,,ReOs3,12,520.0,192,candidate_0261,priority,-0.5341845152993847,405.2285784714318,-137.24387585,-11.436989654166666,174.68965462190312,0.0010318008333337996,14,True,334.934,False,-137.23680967,-11.436400805833335,174.68965462190312,0.0,1,False,70.799,False
E4-candidate_0264,E4,complete,,Ir3Os4,7,520.0,343,candidate_0264,screened,-0.8233634045485988,326.8530621731822,-69.40426162,-9.914894517142857,110.14358501153632,0.025376847142857577,19,True,256.085,False,-69.40714498,-9.915306425714286,110.14358501153632,0.0,1,False,18.278,False
E4-candidate_0269,E4,complete,,Re5B3Ir2,10,520.0,275,candidate_0269,control,-0.08361683753467097,343.8436324342246,-100.14204519,-10.014204519,123.62890001976498,0.028152606000000448,23,True,397.749,False,-100.14044076,-10.014044076000001,123.62890001976498,0.0,1,False,39.02,False
E4-candidate_0273,E4,complete,,IrOs3,12,520.0,192,candidate_0273,priority,-0.495955245399458,407.4002303463029,-126.61397189,-10.551164324166667,173.0177283472723,0.001323775000000656,8,True,231.071,False,-126.6344427,-10.552870225,173.0177283472723,0.0,1,False,50.499,False
E4-candidate_0284,E4,complete,,Re(Ir2Os3)2,11,520.0,176,candidate_0284,screened,-0.7312963059926489,347.5281588715386,-113.57098278,-10.324634798181817,168.95532626067802,0.005702263636362917,15,True,333.688,False,-113.57391671,-10.32490151909091,168.95532626067802,0.0,1,False,43.314,False
E4-candidate_0292,E4,complete,,Re4Os,10,520.0,245,candidate_0292,screened,-0.6438093576265245,337.2114703494536,-122.07999363,-12.207999363,148.90687798458927,0.0036788100000009647,14,True,340.532,False,-122.08456796,-12.208456796,148.90687798458927,0.0,1,False,57.909,False
E4-candidate_0294,E4,complete,,Re2Ir3,15,520.0,128,candidate_0294,screened,-0.6876460174279266,349.91122384071224,-153.59851527,-10.239901018000001,229.31872217293449,0.007348486666667971,13,True,470.977,False,-153.59562558,-10.239708371999999,229.31872217293449,0.0,1,False,100.294,False
E4-candidate_0299,E4,complete,,Ir5Os7,12,520.0,168,candidate_0299,priority,-0.5003320831437847,420.5135276301135,-122.86336541,-10.238613784166667,172.94526713294707,0.0010460966666663296,8,True,151.703,False,-122.87006982,-10.239172485,172.94526713294707,0.0,1,False,38.636,False
E4-candidate_0300,E4,complete,,Os3W,8,520.0,231,candidate_0300,control,0.9565047237786374,352.4601136077887,-93.05592508,-11.631990635,118.51670078007638,0.0007808874999994941,6,True,96.514,False,-93.05661065,-11.63207633125,118.51670078007638,0.0,1,False,30.931,False
E4-candidate_0301,E4,complete,,IrOs5,6,520.0,308,candidate_0301,priority,-0.4984738412908558,422.3838668156426,-65.0219887,-10.836998116666665,86.24833184234484,0.0006476883333329889,6,True,70.081,False,-65.03409777,-10.839016295,86.24833184234484,0.0,1,False,21.634,False
E4-candidate_0305,E4,complete,,Ir4Os14W,19,520.0,126,candidate_0305,screened,-0.649880430596925,367.7547750727399,-203.61469584,-10.716562938947368,284.29562172981497,0.011798068947368128,16,True,791.547,False,-203.61480021,-10.716568432105262,284.29562172981497,0.0,1,False,106.42,False
E4-candidate_0311,E4,complete,,Os7W3,10,520.0,220,candidate_0311,screened,-0.6502883917910348,371.46621479740264,-115.97010546,-11.597010546,150.83200107678053,0.003682114999999442,10,True,214.363,False,-115.97068838,-11.597068838,150.83200107678053,0.0,1,False,46.033,False
E4-candidate_0312,E4,complete,,Ir2Os3,5,520.0,363,candidate_0312,priority,0.7504143896754285,402.31014609721126,-51.19417572,-10.238835144,72.22096434926578,0.00191506999999973,6,True,65.481,False,-51.17722778,-10.235445556,72.22096434926578,0.0,1,False,19.753,False
E4-candidate_0313,E4,complete,,Ir5Os11,16,520.0,196,candidate_0313,priority,0.28054793971167036,416.97644763860154,-166.74265278,-10.42141579875,230.93305563374417,0.001196989999998621,10,True,493.505,False,-166.74274525,-10.421421578125,230.93305563374417,0.0,1,False,102.024,False
E4-candidate_0320,E4,complete,,Re6Ir8W,15,520.0,128,candidate_0320,screened,-0.7476025485281531,319.85769980688207,-157.53936215,-10.502624143333332,230.35602702079854,0.013552543333332778,16,True,653.063,False,-157.53782697,-10.502521798,230.35602702079854,0.0,1,False,85.097,False
E4-candidate_0330,E4,complete,,IrOs3,4,520.0,648,candidate_0330,priority,0.2784471758815492,400.0689048486388,-42.21069663,-10.5526741575,57.657990880738794,0.000135345000000342,3,True,40.442,False,-42.19979609,-10.5499490225,57.657990880738794,0.0,1,False,21.602,False
E4-candidate_0331,E4,complete,,Ir5Os11,16,520.0,196,candidate_0331,priority,0.279214363869438,416.6979107383102,-166.74869163,-10.421793226875,230.79498683111774,0.0013281037499996984,8,True,394.29,False,-166.74205858,-10.42137866125,230.79498683111774,0.0,1,False,93.693,False
E4-candidate_0332,E4,complete,,IrOs4,5,520.0,363,candidate_0332,control,0.7337737080611444,387.3497241060197,-53.37116356,-10.674232712,72.13989727715399,0.0004161159999995334,6,True,66.264,False,-53.34549385,-10.66909877,72.13989727715399,0.0,1,False,18.642,False
E4-candidate_0336,E4,complete,,Re5Ir4,18,520.0,128,candidate_0336,screened,-0.7143268569758725,320.16356574272135,-195.68502876,-10.871390486666666,273.0376171379226,0.01815026555555556,17,True,1240.8,False,-195.68349793,-10.871305440555554,273.0376171379226,0.0,1,False,190.892,False
E4-candidate_0339,E4,complete,,IrOs3,4,520.0,539,candidate_0339,priority,0.2627098099232428,400.94745796844614,-42.51014667,-10.6275366675,57.54822549434929,0.0005208474999989221,8,True,59.335,False,-42.50854981,-10.6271374525,57.54822549434929,0.0,1,False,18.079,False
E4-candidate_0342,E4,complete,,ReOs3,4,520.0,462,candidate_0342,priority,-0.5245485402398359,400.4851582314579,-46.36235927,-11.5905898175,57.995883459802826,0.0008693050000001534,7,True,69.171,False,-46.36146342,-11.590365855,57.995883459802826,0.0,1,False,18.178,False
E4-candidate_0343,E4,complete,,IrOs,12,520.0,168,candidate_0343,priority,1.049519583443765,409.68963353587446,-120.34439536,-10.028699613333332,173.26613881699544,0.0004615933333328807,8,True,139.191,False,-120.34675873,-10.028896560833333,173.26613881699544,0.0,1,False,39.251,False
E4-candidate_0355,E4,complete,,Ir2Os,12,520.0,168,candidate_0355,priority,1.0576734440507987,416.5712976755134,-115.4383888,-9.619865733333333,173.70915498301227,0.0019705874999994912,13,True,209.851,False,-115.40320826,-9.616934021666667,173.70915498301227,0.0,1,False,23.31,False
E4-candidate_0357,E4,complete,,Re5(Ir2Os3)3,20,520.0,126,candidate_0357,control,-0.5435687418387056,386.12703433429743,-218.89192661,-10.944596330500001,290.01881573018,0.0032506660000009902,10,True,690.633,False,-218.8882298,-10.94441149,290.01881573018,0.0,1,False,151.972,False
E4-candidate_0367,E4,complete,,IrOs3,16,520.0,196,candidate_0367,priority,0.8680993606440656,421.22518372156924,-169.11054383,-10.569408989375,230.6103177967009,0.0009471112500012424,8,True,397.354,False,-169.11391368,-10.569619605,230.6103177967009,0.0,1,False,105.188,False
E4-candidate_0369,E4,complete,,IrOs3,8,520.0,256,candidate_0369,control,1.045862993564568,383.3257906442982,-84.44227797,-10.55528474625,115.32248105309309,0.00047476750000008394,13,True,153.192,False,-84.45418309,-10.55677288625,115.32248105309309,0.0,1,False,29.078,False
E4-candidate_0370,E4,complete,,Cr3Os13,16,520.0,196,candidate_0370,priority,1.1585917410627256,420.03481994589384,-173.66802533,-10.854251583125,223.21762314544742,0.0003375987500007227,9,True,985.665,False,-173.66914733,-10.854321708125,223.21762314544742,0.0,1,False,288.279,False
E4-candidate_0374,E4,complete,,Ir7Os5,12,520.0,192,candidate_0374,priority,-0.5041182958500053,400.74125261840004,-117.83583169,-9.819652640833334,173.46610579365634,0.0009070525000005603,8,True,189.558,False,-117.83575161,-9.8196459675,173.46610579365634,0.0,1,False,44.779,False
E4-candidate_0376,E4,complete,,ReOs5,12,520.0,196,candidate_0376,priority,-0.5394506711894144,420.8132960018495,-136.79447592,-11.39953966,173.9412562859556,0.0009839583333336084,9,True,276.875,False,-136.79379531,-11.3994829425,173.9412562859556,0.0,1,False,61.85,False
E4-candidate_0377,E4,complete,,IrOs2,6,520.0,343,candidate_0377,priority,1.5753145217182007,401.922128248243,-62.68666408,-10.447777346666667,86.34849348565749,0.0003313216666664213,8,True,73.462,False,-62.69108855,-10.448514758333333,86.34849348565749,0.0,1,False,19.777,False
E4-candidate_0383,E4,complete,,Ir4OsRuW4,10,520.0,252,candidate_0383,screened,-0.6479950960649324,344.55076931611376,-108.83782639,-10.883782639,150.72341545593773,0.0035819450000005304,13,True,257.26,False,-108.83927713,-10.883927713,150.72341545593773,0.0,1,False,46.101,False
E4-candidate_0388,E4,complete,,ReOs,10,520.0,198,candidate_0388,priority,-0.5711806825511836,412.9511350529911,-118.1458786,-11.81458786,147.02754296725928,0.003210995999999966,22,True,351.988,False,-118.14412691,-11.814412691,147.02754296725928,0.0,1,False,47.541,False
E4-candidate_0393,E4,complete,,Ir4W,15,520.0,144,candidate_0393,control,1.317127085690156,301.5424283625603,-146.54109982,-9.769406654666666,231.52674829268489,0.005867828666667189,7,True,227.147,False,-146.53324199,-9.768882799333333,231.52674829268489,0.0,1,False,57.831,False
E4-candidate_0396,E4,complete,,ReOs5,6,520.0,343,candidate_0396,priority,1.042829241458977,400.4138234700916,-68.86570525,-11.477617541666667,86.66630802699522,0.0002759516666680876,7,True,76.987,False,-68.86855609,-11.478092681666666,86.66630802699522,0.0,1,False,22.076,False
E4-candidate_0397,E4,complete,,ReOs7,16,520.0,144,candidate_0397,priority,1.2370665438992354,428.0691363194475,-181.03024206,-11.31439012875,231.55945034444744,0.0008848431250001454,16,True,619.917,False,-181.03879571,-11.314924731875,231.55945034444744,0.0,1,False,108.746,False
E4-candidate_0399,E4,complete,,IrOs2,6,520.0,343,candidate_0399,priority,1.0519907490928802,408.8149839775375,-62.61552337,-10.435920561666666,86.35503033303503,9.908666666665529e-05,12,True,83.784,False,-62.6147785,-10.435796416666667,86.35503033303503,0.0,1,False,19.962,False
E4-candidate_0400,E4,incomplete,stage static never ran,ReIr(Os3W)4,18,520.0,128,candidate_0400,screened,-0.6699776003735006,362.4332700305499,-204.05931725,-11.33662873611111,273.30222719175316,0.01923593944444393,10,False,,False,,,,,,,,
E4-candidate_0403,E4,complete,,Ir5Os11,16,520.0,196,candidate_0403,priority,-0.4902039228194933,431.27415514063335,-166.89119914,-10.43069994625,230.77866668682222,0.002590919999999386,14,True,609.761,False,-166.88621589,-10.430388493125,230.77866668682222,0.0,1,False,97.541,False
E4-candidate_0404,E4,complete,,IrOs,12,520.0,176,candidate_0404,priority,-0.502044675559934,401.3331565759696,-120.01122948,-10.00093579,173.35217707667215,0.001260686666666307,10,True,253.918,False,-120.01035045,-10.0008625375,173.35217707667215,0.0,1,False,54.418,False
E4-candidate_0407,E4,complete,,Ir3Os,12,520.0,216,candidate_0407,priority,-0.4871027458922782,416.9474214294954,-113.33919378,-9.444932815,173.76417751161048,0.005058711666666937,8,True,201.241,False,-113.33868483,-9.4448904025,173.76417751161048,0.0,1,False,45.682,False
E4-candidate_0411,E4,complete,,ReOs5,12,520.0,192,candidate_0411,priority,-0.5229113639155969,406.52252816488414,-135.85027963,-11.320856635833332,174.04992959846533,0.0006950108333327876,8,True,276.025,False,-135.83843337,-11.319869447499999,174.04992959846533,0.0,1,False,68.021,False
E4-candidate_0412,E4,complete,,IrOs3,4,520.0,676,candidate_0412,priority,0.29163143865173236,430.4122802136181,-42.20954007,-10.5523850175,57.73556342684106,0.0022994575000012674,6,True,89.806,False,-42.22155049,-10.5553876225,57.73556342684106,0.0,1,False,27.89,False
E4-candidate_0413,E4,complete,,ReOs6,14,520.0,175,candidate_0413,priority,1.0585924601858192,413.8343111960106,-160.09242685,-11.435173346428572,202.09637377028298,0.0009972564285720051,6,True,268.002,False,-160.09032716,-11.435023368571427,202.09637377028298,0.0,1,False,92.154,False
E4-candidate_0414,E4,complete,,IrOs3,16,520.0,144,candidate_0414,priority,-0.5210636457932174,401.6661802982257,-169.00194631,-10.562621644375,230.80332730386772,0.0012328625000002091,9,True,350.939,False,-169.00222259,-10.562638911875,230.80332730386772,0.0,1,False,79.872,False
E4-candidate_0416,E4,complete,,Ir5Os7,12,520.0,168,candidate_0416,priority,-0.5019974758614074,419.0448484240044,-122.84690012,-10.237241676666667,172.85479768891022,0.000969167500000386,9,True,163.926,False,-122.85359642,-10.237799701666667,172.85479768891022,0.0,1,False,36.001,False
E4-candidate_0433,E4,complete,,Re3Ir5Os11,19,520.0,126,candidate_0433,screened,-0.6390871824484389,375.13831959053135,-203.99979937,-10.736831545789475,283.798225289784,0.016029852631579376,22,True,1148.412,False,-203.9988751,-10.7367829,283.798225289784,0.0,1,False,130.748,False
E4-candidate_0435,E4,complete,,Ir6Ru4Rh,11,520.0,160,candidate_0435,screened,-0.7000882741482589,277.54823430452484,-95.59067053,-8.690060957272728,165.60796045571982,0.006838279090908889,12,True,237.254,False,-95.58208986,-8.689280896363636,165.60796045571982,0.0,1,False,36.379,False
E4-candidate_0440,E4,complete,,B2IrOs3,12,520.0,294,candidate_0440,control,-0.08560331491091688,330.3532004136114,-111.65619666,-9.304683055,147.1144339064582,0.01701455833333417,12,True,249.762,False,-111.65536547,-9.304613789166668,147.1144339064582,0.0,1,False,39.034,False
E4-candidate_0446,E4,complete,,Re,3,520.0,720,candidate_0446,control,0.4082247428434046,384.20140959902346,-37.16236506,-12.387455019999999,45.09732558559603,0.0008553699999988377,6,True,69.201,False,-37.15473232,-12.384910773333333,45.09732558559603,0.0,1,False,20.619,False
E4-candidate_0451,E4,complete,,Re4Os11,15,520.0,144,candidate_0451,screened,-0.7013278422721831,373.8984334171052,-169.64633404,-11.309755602666666,228.3416970353072,0.008964730000000525,48,True,2150.171,False,-169.64504068,-11.309669378666666,228.3416970353072,0.0,1,False,89.876,False
E4-candidate_0460,E4,complete,,Re3Ir8,11,520.0,196,candidate_0460,control,-0.5566021394639371,366.3557230042426,-109.40480806,-9.94589164181818,160.56809435408516,0.001726472727271626,9,True,159.721,False,-109.40515549,-9.945923226363636,160.56809435408516,0.0,1,False,40.869,False
E4-candidate_0473,E4,complete,,B4OsW2,14,520.0,242,candidate_0473,control,0.392303338279108,319.97868424326595,-128.29022628,-9.163587591428572,141.0830014581826,0.1575727614285723,112,True,2345.763,False,-128.3038008,-9.1645572,141.0830014581826,0.0,1,False,45.066,False
E4-candidate_0477,E4,complete,,Ir5Os10Ru3,18,520.0,147,candidate_0477,priority,-0.48450397793244293,403.1658725607475,-184.6437716,-10.257987311111112,257.11892617862117,0.0008136300000008608,13,True,484.306,False,-184.65053698,-10.258363165555556,257.11892617862117,0.0,1,False,103.837,False
E4-candidate_0479,E4,complete,,Re3Os13,16,520.0,144,candidate_0479,control,-0.5287126331426486,394.4014253859223,-184.03994303,-11.502496439375,231.38005011905025,0.0010503118749998208,10,True,425.827,False,-184.06121103,-11.503825689375,231.38005011905025,0.0,1,False,97.483,False
E4-candidate_0482,E4,complete,,B6IrOs5,12,520.0,264,candidate_0482,control,0.3657254723053539,375.5055930922535,-105.08388128,-8.756990106666667,124.10670908392791,0.06559742166666638,32,True,536.045,False,-105.10032347,-8.758360289166667,124.10670908392791,0.0,1,False,33.126,False
E4-candidate_0484,E4,complete,,Re8Ir4W,13,520.0,154,candidate_0484,screened,-0.6497395950235363,344.06021127312863,-149.09912574,-11.469163518461539,194.53440268929933,0.003251185384615295,16,True,496.447,False,-149.09309643,-11.468699725384615,194.53440268929933,0.0,1,False,83.327,False
E4-candidate_0486,E4,complete,,Ir6Os5,11,520.0,192,candidate_0486,screened,-0.7085437544786457,347.3150100564409,-106.32668522,-9.666062292727274,167.88142797866624,0.008184536363636787,12,True,271.373,False,-106.33063356,-9.666421232727272,167.88142797866624,0.0,1,False,43.467,False
E4-candidate_0489,E4,complete,,ReIr2Os13,16,520.0,196,candidate_0489,priority,-0.5077194878597371,432.4214897942888,-175.19969904,-10.94998119,231.19972320141912,0.0024981781250001944,18,True,875.658,False,-175.21774538,-10.95110908625,231.19972320141912,0.0,1,False,116.314,False
E4-candidate_0492,E4,complete,,MoOs4,10,520.0,245,candidate_0492,priority,1.3140687730688385,410.26928409603397,-109.699838,-10.9699838,149.3516637766988,0.01122931900000026,14,True,316.293,False,-109.70038633,-10.970038633,149.3516637766988,0.0,1,False,49.429,False
E4-candidate_0493,E4,complete,,IrOs3,12,520.0,192,candidate_0493,priority,-0.49644311424115384,406.16752197663027,-126.64973767,-10.554144805833333,173.03182660749616,0.0014519108333329218,12,True,319.024,False,-126.66821428,-10.555684523333333,173.03182660749616,0.0,1,False,51.45,False
E4-candidate_0494,E4,complete,,Re11Os5,16,520.0,126,candidate_0494,control,-0.610075009053409,348.7961978314971,-193.41328332,-12.0883302075,236.84951839318242,0.0015607593749997761,9,True,352.637,False,-193.41826374,-12.08864148375,236.84951839318242,0.0,1,False,104.019,False
E4-candidate_0502,E4,complete,,Os5Ru,12,520.0,168,candidate_0502,priority,1.087439420028757,408.4764717306419,-130.87930649,-10.906608874166666,171.00828312802142,0.00017615583333470872,5,True,112.647,False,-130.87365877,-10.906138230833333,171.00828312802142,0.0,1,False,43.098,False
E4-candidate_0508,E4,complete,,Re2Os7,9,520.0,225,candidate_0508,control,1.196646887197623,392.9266232005005,-102.54028549,-11.393365054444445,130.94106512653929,0.0007095311111113586,6,True,128.577,False,-102.53551184,-11.392834648888888,130.94106512653929,0.0,1,False,36.57,False
E4-candidate_0515,E4,complete,,Re5Ir6,11,520.0,192,candidate_0515,screened,-0.6999761799169648,360.08247137496323,-114.39316443,-10.399378584545454,170.22773268263487,0.00850660363636409,17,True,368.209,False,-114.39333801,-10.399394364545454,170.22773268263487,0.0,1,False,85.683,False
E4-candidate_0516,E4,complete,,Re3Ir9Os7,19,520.0,144,candidate_0516,screened,-0.6495381340556532,358.0824341006568,-193.72494622,-10.19604980105263,285.9470317100768,0.005890721052631869,15,True,1048.716,False,-193.72898243,-10.196262233157896,285.9470317100768,0.0,1,False,169.629,False
E4-candidate_0517,E4,complete,,ReIr2Os,4,520.0,648,candidate_0517,control,0.23712988946405536,376.1281850022172,-41.56968006,-10.392420015,58.18665470407966,0.0001831575000004193,5,True,57.881,False,-41.55770492,-10.38942623,58.18665470407966,0.0,1,False,23.286,False
E4-candidate_0522,E4,complete,,Ir3Os8,11,520.0,196,candidate_0522,control,-0.5107567635256135,394.82666540818906,-115.55399896,-10.504908996363637,158.71595911160725,0.0007024199999999713,9,True,162.983,False,-115.5583566,-10.505305145454544,158.71595911160725,0.0,1,False,37.849,False
E4-candidate_0523,E4,complete,,Re2Mo3Os5,10,520.0,245,candidate_0523,control,-0.634448657945506,326.5121025405314,-113.79525184,-11.379525184,149.08031447987628,0.0037131600000009255,12,True,337.677,False,-113.79418536,-11.379418536,149.08031447987628,0.0,1,False,53.748,False
E4-candidate_0539,E4,complete,,Ir3Os13,16,520.0,196,candidate_0539,priority,0.2674498932903233,413.5321388859416,-171.47326771,-10.717079231875,230.61261101728496,0.0014877024999986332,12,True,574.737,False,-171.48355982,-10.71772248875,230.61261101728496,0.0,1,False,60.531,False
E4-candidate_0542,E4,complete,,IrOs3,16,520.0,144,candidate_0542,priority,-0.5088345908035797,409.69230699016623,-170.14144572,-10.6338403575,230.17641446673673,0.0005784362500005358,8,True,309.666,False,-170.10592796,-10.6316204975,230.17641446673673,0.0,1,False,77.692,False
E4-candidate_0543,E4,complete,,Re7W3,10,520.0,192,candidate_0543,screened,-0.7256820093166555,361.85897013711514,-124.28528238,-12.428528238,154.63394852864906,0.002057340999999724,9,True,184.991,False,-124.27928289,-12.427928289,154.63394852864906,0.0,1,False,38.94,False
E4-candidate_0549,E4,complete,,Re5Ir4W,10,520.0,242,candidate_0549,control,-0.6104570860347079,356.8466678745009,-110.96389311,-11.096389311,148.86370353562745,0.0013944850000001453,16,True,468.629,False,-110.96709945,-11.096709945,148.86370353562745,0.0,1,False,96.67,False
E4-candidate_0550,E4,complete,,Ir9OsW5,15,520.0,128,candidate_0550,screened,-0.7670457971995124,318.48596366545456,-156.14791052,-10.409860701333335,233.97466504373295,0.012510930000000068,19,True,619.725,False,-156.1549423,-10.410329486666665,233.97466504373295,0.0,1,False,65.317,False
E4-candidate_0554,E4,complete,,Re2(Os3W)3,14,520.0,140,candidate_0554,screened,-0.7233104254658657,351.39116953153643,-161.12337383,-11.50881241642857,218.01130539415848,0.041519094285713924,77,True,2231.41,False,-161.12360534,-11.508828952857144,218.01130539415848,0.0,1,False,64.329,False
E4-candidate_0560,E4,complete,,IrOs15,16,520.0,196,candidate_0560,priority,0.29859220925786734,453.68529843986425,-175.81912603,-10.988695376875,230.422344892449,0.0019652275000012764,9,True,435.68,False,-175.85480084,-10.9909250525,230.422344892449,0.0,1,False,100.564,False
E4-candidate_0563,E4,complete,,IrOs,4,520.0,539,candidate_0563,priority,1.039409273159444,404.5366638626629,-40.05975301,-10.0149382525,57.73348768640768,0.0006216949999995336,9,True,63.257,False,-40.05166732,-10.01291683,57.73348768640768,0.0,1,False,16.803,False
E4-candidate_0565,E4,complete,,IrOs2,12,520.0,192,candidate_0565,priority,-0.4960590165144736,406.77699087819866,-124.41754627,-10.368128855833334,173.07157572941725,0.0012825475000006747,9,True,226.667,False,-124.42600029,-10.3688333575,173.07157572941725,0.0,1,False,45.06,False
E4-candidate_0568,E4,complete,,Ir5Os11,16,520.0,168,candidate_0568,priority,0.6791160859857076,424.9168593128116,-166.78672918,-10.42417057375,230.73162088516048,0.0019346506250013107,8,True,330.52,False,-166.78334478,-10.42395904875,230.73162088516048,0.0,1,False,74.202,False
E4-candidate_0574,E4,complete,,Os5Ru,6,520.0,330,candidate_0574,priority,-0.47798311346107314,410.1146795396092,-65.42172129,-10.903620214999998,85.56962771900461,0.00030681833333308833,8,True,78.08,False,-65.4204314,-10.903405233333332,85.56962771900461,0.0,1,False,22.157,False
E4-candidate_0583,E4,complete,,IrOs2,6,520.0,330,candidate_0583,priority,1.0640351549372196,416.22683375317837,-62.60740914,-10.43456819,86.43471821547736,0.0006102533333335695,7,True,67.569,False,-62.61373167,-10.435621945,86.43471821547736,0.0,1,False,21.181,False
E4-candidate_0591,E4,complete,,Ir3Os13,16,520.0,196,candidate_0591,priority,0.8637378873472993,424.63709174538695,-171.46546357,-10.716591473125,230.57062147856524,0.0007368574999997435,11,True,522.498,False,-171.48256735,-10.717660459375,230.57062147856524,0.0,1,False,61.459,False
E4-candidate_0594,E4,complete,,Re2(IrOs2)3,11,520.0,192,candidate_0594,screened,-0.6876469597602612,360.8613018960714,-116.02932528,-10.54812048,168.6494837767638,0.01978792090909048,16,True,402.175,False,-116.02882998,-10.548075452727273,168.6494837767638,0.0,1,False,59.807,False
E4-candidate_0595,E4,complete,,Re3W2,10,520.0,210,candidate_0595,screened,-0.7766575251424206,325.2438222470385,-124.96013026,-12.496013026,156.0681409362688,0.017315555000000416,40,True,809.497,False,-124.96348139,-12.496348139,156.0681409362688,0.0,1,False,48.774,False
E4-candidate_0603,E4,complete,,IrOs2,12,520.0,192,candidate_0603,priority,-0.4978772219088261,403.6537642292547,-124.42916191,-10.369096825833333,173.09385565435238,0.0009499800000002759,6,True,174.986,False,-124.44584472,-10.37048706,173.09385565435238,0.0,1,False,47.633,False
E4-candidate_0619,E4,complete,,Re2Ir7,18,520.0,150,candidate_0619,control,-0.5649170808798281,364.937590272913,-175.28510794,-9.738061552222222,262.83236854866675,0.006349546111110271,13,True,614.736,False,-175.28556466,-9.738086925555557,262.83236854866675,0.0,1,False,119.603,False
E4-candidate_0625,E4,complete,,IrOs,6,520.0,330,candidate_0625,priority,-0.5176184202460222,401.3407587876167,-60.15146989,-10.025244981666667,86.69132975953639,0.0005370350000006852,9,True,84.082,False,-60.15443721,-10.025739535,86.69132975953639,0.0,1,False,21.629,False
E4-candidate_0629,E4,complete,,Re2Ir2Os,5,520.0,432,candidate_0629,control,-0.5745948058939147,376.49148594505454,-53.92271655,-10.78454331,73.46497914667538,0.0029002099999999587,10,True,136.686,False,-53.92272811,-10.784545622,73.46497914667538,0.0,1,False,35.523,False
E4-candidate_0631,E4,complete,,ReOs,4,520.0,462,candidate_0631,control,1.0269051696632818,397.21601238360034,-47.51592897,-11.8789822425,58.6357425121856,0.00012019999999957065,6,True,41.532,False,-47.51096219,-11.8777405475,58.6357425121856,0.0,1,False,18.578,False
E4-candidate_0632,E4,complete,,Re2Ir2Os,10,520.0,176,candidate_0632,screened,-0.759635916515615,313.1912267246808,-104.78347478,-10.478347478,153.732641794338,0.021681204000000776,11,True,209.633,False,-104.77850564,-10.477850564,153.732641794338,0.0,1,False,40.785,False
E4-candidate_0633,E4,complete,,Re5Os11,16,520.0,144,candidate_0633,priority,0.23782573779282815,425.41897038564986,-185.46305967,-11.591441229375,233.11906346818057,0.0002618818749997587,12,True,513.18,False,-185.47336357,-11.592085223125,233.11906346818057,0.0,1,False,102.684,False
E4-candidate_0635,E4,complete,,ReIr5,6,520.0,330,candidate_0635,control,-0.5589247834116714,369.8085292891852,-57.05940329,-9.509900548333333,87.58483138815366,0.0010972516666664471,11,True,103.697,False,-57.06351808,-9.510586346666667,87.58483138815366,0.0,1,False,21.2,False
E4-candidate_0636,E4,complete,,Os3W,16,520.0,144,candidate_0636,priority,0.1984893959529537,405.1652661799253,-187.16060464,-11.69753779,236.5228599709217,0.00023740062500010595,6,True,252.723,False,-187.15652899,-11.697283061875,236.5228599709217,0.0,1,False,78.237,False
E4-candidate_0639,E4,complete,,Re2Os,12,520.0,192,candidate_0639,control,-0.5984483762159701,388.9341282521252,-143.49914527,-11.958262105833334,178.0612061664727,0.0017045500000018403,16,True,358.018,False,-143.51336391,-11.9594469925,178.0612061664727,0.0,1,False,81.539,False
E4-candidate_0641,E4,complete,,Os7Ru,16,520.0,196,candidate_0641,priority,1.0726209867541021,424.2867577780877,-174.18638148,-10.8866488425,229.29812092218785,0.0004539981249997993,8,True,403.14,False,-174.21358965,-10.888349353125,229.29812092218785,0.0,1,False,117.442,False
E4-candidate_0648,E4,complete,,Os7W,16,520.0,144,candidate_0648,priority,0.22710689750983196,409.4264236231187,-182.68316427,-11.417697766875,233.5342860859762,0.00038991999999993254,9,True,325.677,False,-182.69487112,-11.418429445,233.5342860859762,0.0,1,False,82.582,False
E4-candidate_0655,E4,complete,,Os3W,12,520.0,192,candidate_0655,control,-0.6082792789298163,373.74222818458196,-139.14668385,-11.595556987499998,178.47737096042994,0.0030466058333331603,13,True,321.594,False,-139.14906382,-11.595755318333334,178.47737096042994,0.0,1,False,57.848,False
E4-candidate_0656,E4,complete,,Re,3,520.0,704,candidate_0656,control,1.424148614466443,366.61113822047497,-36.2262266,-12.075408866666665,45.55154418544486,0.0002271933333328017,4,True,41.606,False,-36.23056142,-12.076853806666668,45.55154418544486,0.0,1,False,17.947,False
E4-candidate_0679,E4,complete,,Re2Os3,10,520.0,231,candidate_0679,priority,-0.5527498515431837,400.57604424810165,-117.20873618,-11.720873618,146.23924728540734,0.0020888139999996726,21,True,349.835,False,-117.20648128,-11.720648128,146.23924728540734,0.0,1,False,51.179,False
E4-candidate_0680,E4,complete,,ReOs5,12,520.0,168,candidate_0680,priority,-0.5165936437560955,406.3306418543264,-137.71924993,-11.476604160833332,173.37099334114626,0.0006261533333334531,8,True,183.647,False,-137.74090379,-11.478408649166667,173.37099334114626,0.0,1,False,50.599,False
E4-candidate_0682,E4,complete,,IrOs15,16,520.0,144,candidate_0682,priority,-0.5192342114020828,419.96463057279897,-175.86325961,-10.991453725625,230.57226219467205,0.0019357099999997018,19,True,643.595,False,-175.86910736,-10.99181921,230.57226219467205,0.0,1,False,78.357,False
E4-candidate_0687,E4,complete,,Ir5Os11,16,520.0,196,candidate_0687,priority,-0.49137461081349876,430.0516920116176,-166.86419726,-10.42901232875,230.95704002873927,0.0029589374999989815,11,True,546.084,False,-166.85954638,-10.42872164875,230.95704002873927,0.0,1,False,105.661,False
E4-candidate_0691,E4,complete,,Re3(IrW)2,7,520.0,280,candidate_0691,screened,-0.6848512613709719,347.56271721574626,-81.2658354,-11.609405057142856,106.40118578699065,0.004050305714285075,12,True,157.759,False,-81.2662115,-11.609458785714285,106.40118578699065,0.0,1,False,28.8,False
E4-candidate_0704,E4,complete,,Re4Ir7,11,520.0,196,candidate_0704,control,0.8519906085771699,363.31116858424633,-113.01259501,-10.273872273636364,160.98218380933028,0.004319760000000047,11,True,226.236,False,-113.01347257,-10.273952051818183,160.98218380933028,0.0,1,False,45.477,False
E4-candidate_0706,E4,complete,,Re2Os5W3,20,520.0,108,candidate_0706,screened,-0.6543868059452417,365.2207773369966,-238.06871024,-11.903435512,301.8202453458156,0.003968382000000758,23,True,1286.28,False,-238.07238824,-11.903619412000001,301.8202453458156,0.0,1,False,126.992,False
E4-candidate_0709,E4,complete,,Re9Os,10,520.0,242,candidate_0709,screened,-0.6759276400293289,351.89298716054424,-122.14952828,-12.214952828,150.00446075932805,0.007754294000000073,16,True,608.407,False,-122.15593659,-12.215593659,150.00446075932805,0.0,1,False,150.555,False
E4-candidate_0713,E4,complete,,IrOs8,9,520.0,240,candidate_0713,priority,0.8896879494288886,404.1500511466153,-97.72920346,-10.858800384444443,129.70394885758142,0.0009920033333325289,8,True,130.071,False,-97.72421777,-10.85824641888889,129.70394885758142,0.0,1,False,30.675,False
E4-candidate_0714,E4,complete,,IrOs3,16,520.0,196,candidate_0714,priority,-0.5199036507024094,407.0598386762846,-169.62613218,-10.60163326125,230.65346880369302,0.002499205624999945,12,True,624.094,False,-169.61171101,-10.600731938125,230.65346880369302,0.0,1,False,104.653,False
E4-candidate_0715,E4,complete,,Ir5Os,18,520.0,128,candidate_0715,screened,-0.7430144102587691,324.8360072238298,-161.95279781,-8.99737765611111,278.02072637344355,0.007842923888888877,18,True,835.53,False,-161.94971516,-8.997206397777779,278.02072637344355,0.0,1,False,92.978,False
E4-candidate_0716,E4,complete,,Re5B2,7,520.0,384,candidate_0716,control,-0.12875841370179864,370.53138701420517,-75.27046035,-10.752922907142857,89.76747590028472,0.1524138642857135,69,True,1057.255,False,-75.27387094,-10.753410134285714,89.76747590028472,0.0,1,False,31.598,False
E4-candidate_0719,E4,complete,,Re5Os4,18,520.0,128,candidate_0719,screened,-0.6842002380496742,360.4829949402498,-210.59853042,-11.699918356666666,272.80906506165536,0.008990625000000326,20,True,1508.543,False,-210.6056009,-11.700311161111111,272.80906506165536,0.0,1,False,211.674,False
E4-candidate_0721,E4,complete,,Ir3Os7,10,520.0,242,candidate_0721,priority,-0.4999211084752423,401.29236015118266,-104.50164124,-10.450164124,144.28600010297697,0.001599365999999236,13,True,388.709,False,-104.4709861,-10.447098610000001,144.28600010297697,0.0,1,False,74.799,False
E4-candidate_0730,E4,complete,,Os3W2,10,520.0,240,candidate_0730,screened,-0.6664619650254573,363.5366861007763,-118.05013209,-11.805013209,151.7851220561161,0.005197297000000845,19,True,387.035,False,-118.05067799,-11.805067799,151.7851220561161,0.0,1,False,46.611,False
E4-candidate_0731,E4,complete,,IrOs3,16,520.0,196,candidate_0731,priority,1.0719149786770044,409.6537315912379,-168.92654763,-10.557909226875,230.6389754999476,0.0015262256249997108,8,True,415.631,False,-168.93039502,-10.55814968875,230.6389754999476,0.0,1,False,94.334,False
E4-candidate_0735,E4,complete,,ReIr2Os5,8,520.0,252,candidate_0735,priority,-0.5118408711778853,416.21035759653876,-86.78878951,-10.84859868875,115.48499742456383,0.00034822625000074936,7,True,110.28,False,-86.78214142,-10.8477676775,115.48499742456383,0.0,1,False,36.959,False
E4-candidate_0736,E4,complete,,IrOs3,12,520.0,168,candidate_0736,priority,0.5395067148509108,415.82008284517804,-127.69617102,-10.641347585,172.53361477313413,0.0005764491666665114,9,True,155.388,False,-127.68869784,-10.64072482,172.53361477313413,0.0,1,False,35.754,False
E4-candidate_0737,E4,complete,,Os5W,12,520.0,192,candidate_0737,priority,1.0251889261101532,414.95615560391366,-137.09222999,-11.424352499166666,176.57661670211263,0.004096106666665378,12,True,322.248,False,-137.09155589,-11.424296324166667,176.57661670211263,0.0,1,False,59.47,False
E4-candidate_0744,E4,complete,,Os13W2,15,520.0,144,candidate_0744,screened,-0.7216996947647664,360.0618549430205,-168.29924088,-11.219949392,229.04805554967555,0.01040851000000013,29,True,1085.488,False,-168.29606501,-11.219737667333334,229.04805554967555,0.0,1,False,83.091,False
E4-candidate_0750,E4,complete,,Re2Os3,10,520.0,245,candidate_0750,control,0.9969591581388687,368.0135732018135,-117.77629401,-11.777629401,145.91423639333877,0.001390813999999807,8,True,194.123,False,-117.76539213,-11.776539213,145.91423639333877,0.0,1,False,58.241,False
E4-candidate_0751,E4,complete,,Re4B4(IrOs)5,18,520.0,176,candidate_0751,control,-0.20911625335238837,358.38512870612095,-176.35337446,-9.797409692222223,232.62887537747216,0.02955191888888938,64,True,3217.256,False,-176.35215,-9.797341666666666,232.62887537747216,0.0,1,False,122.172,False
E4-candidate_0752,E4,complete,,Re4B,20,520.0,140,candidate_0752,priority,-0.2721844811352866,403.77728590338876,-225.57279237,-11.2786396185,266.0012898654314,0.10900398800000062,67,True,3247.229,False,-225.5745936,-11.27872968,266.0012898654314,0.0,1,False,106.263,False
E4-candidate_0774,E4,complete,,ReIr3,8,520.0,252,candidate_0774,priority,1.8120148391647761,404.5977746233244,-78.93532148,-9.866915185,116.58872207605582,0.0007362112500004514,6,True,83.68,False,-78.93475382,-9.8668442275,116.58872207605582,0.0,1,False,34.803,False
E4-candidate_0775,E4,complete,,Ir5Os7,12,520.0,192,candidate_0775,control,-0.5061633194209088,396.0239282494798,-122.29673054,-10.191394211666667,173.22049556302838,0.0004066974999995902,8,True,193.863,False,-122.29781861,-10.191484884166666,173.22049556302838,0.0,1,False,47.457,False
E4-candidate_0782,E4,complete,,IrOs,6,520.0,308,candidate_0782,control,-0.5279782827046814,394.81649091161495,-60.19440473,-10.032400788333334,86.62721526747904,0.0005842916666670325,7,True,80.165,False,-60.19267236,-10.032112060000001,86.62721526747904,0.0,1,False,21.514,False
E4-candidate_0785,E4,complete,,Re3Os4,7,520.0,315,candidate_0785,control,-0.5907228478830111,373.71516311331504,-81.59239002,-11.656055717142857,102.79988497905579,0.0021949914285711103,12,True,179.17,False,-81.5926527,-11.656093242857143,102.79988497905579,0.0,1,False,35.307,False
E4-candidate_0788,E4,complete,,Ir8Os5,13,520.0,154,candidate_0788,control,-0.5619188521476908,373.4969239627637,-125.50294274,-9.654072518461538,190.40437880249138,0.0031343646153837532,17,True,441.59,False,-125.50782488,-9.654448067692307,190.40437880249138,0.0,1,False,59.273,False
E4-candidate_0796,E4,complete,,Ir4Os,5,520.0,363,candidate_0796,control,0.7254109889501423,373.6266222599208,-46.57551307,-9.315102614,72.46117043564168,0.00012015199999950709,5,True,49.171,False,-46.59073175,-9.318146350000001,72.46117043564168,0.0,1,False,18.439,False
E4-candidate_0801,E4,complete,,Ir2Os7,9,520.0,225,candidate_0801,priority,1.2454389808758966,408.6764202943424,-95.58228465,-10.620253850000001,129.80745702735877,0.0014003633333332902,7,True,111.835,False,-95.58496333,-10.62055148111111,129.80745702735877,0.0,1,False,31.568,False
E4-candidate_0802,E4,complete,,Ir3Os5,16,520.0,196,candidate_0802,priority,0.27595973739147983,409.70798124996986,-164.43515125,-10.277196953125,230.77739120505734,0.0004394849999993511,6,True,324.978,False,-164.43419388,-10.2771371175,230.77739120505734,0.0,1,False,100.851,False
E4-candidate_0803,E4,complete,,Re(BOs2)2,7,520.0,385,candidate_0803,control,-0.02482880337746385,366.93300061494483,-70.7877687,-10.112538385714286,84.29151023135461,0.008642122857143672,19,True,239.068,False,-70.79413301,-10.113447572857142,84.29151023135461,0.0,1,False,32.551,False
E4-candidate_0806,E4,complete,,Ir4Os7,11,520.0,196,candidate_0806,control,-0.5059632371810382,397.6302658923715,-113.37512262,-10.30682932909091,158.701873121614,0.001208211818182163,9,True,171.757,False,-113.37926412,-10.30720582909091,158.701873121614,0.0,1,False,37.941,False
E4-candidate_0809,E4,complete,,Os7Ru,16,520.0,196,candidate_0809,priority,0.3206287701651346,457.7658821146176,-174.20486487,-10.887804054375,229.23166011295342,0.0030565418749990414,9,True,451.898,False,-174.2327873,-10.88954920625,229.23166011295342,0.0,1,False,114.395,False
E4-candidate_0814,E4,complete,,Ir7Os9,16,520.0,126,candidate_0814,priority,-0.5017922055481195,420.8544680358122,-162.85966127,-10.178728829375,230.66214300744744,0.001212075625000253,9,True,235.302,False,-162.86325914,-10.17895369625,230.66214300744744,0.0,1,False,58.892,False
E4-candidate_0817,E4,complete,,Re2Ir3Os7,12,520.0,168,candidate_0817,priority,-0.5203523022798532,408.67023611186113,-131.11577601,-10.9263146675,173.40829169425044,0.0007876524999990883,10,True,191.027,False,-131.10600132,-10.92550011,173.40829169425044,0.0,1,False,50.05,False
E4-candidate_0819,E4,complete,,Ir2OsW,4,520.0,462,candidate_0819,control,-0.5933427563741899,362.20497139266723,-42.82207103,-10.7055177575,59.03817250319343,0.0004639074999985837,8,True,51.663,False,-42.81941227,-10.7048530675,59.03817250319343,0.0,1,False,14.126,False
E4-candidate_0821,E4,complete,,Re3Os13,16,520.0,144,candidate_0821,priority,0.2543025728127285,433.6169811580709,-182.58447118,-11.41152944875,232.04633791002541,0.0007160043750005229,13,True,582.662,False,-182.58867227,-11.411792016875,232.04633791002541,0.0,1,False,151.097,False
E4-candidate_0824,E4,complete,,IrOs3,16,520.0,196,candidate_0824,priority,1.454226122165073,420.79627287293033,-169.20664609,-10.575415380625,230.62101489787815,0.0016960624999988738,13,True,587.105,False,-169.20243781,-10.575152363125,230.62101489787815,0.0,1,False,62.725,False
E4-candidate_0825,E4,complete,,ReIr2W,4,520.0,462,candidate_0825,screened,-0.6378226740167241,343.5379605398997,-44.33219737,-11.0830493425,59.49175817374733,0.0017941325000006003,8,True,55.397,False,-44.33429331,-11.0835733275,59.49175817374733,0.0,1,False,17.018,False
E4-candidate_0832,E4,complete,,Os5Ru,6,520.0,308,candidate_0832,priority,-0.4800321926691026,408.57827918420344,-65.42773785,-10.904622975,85.53556686793382,0.0003603050000009489,7,True,71.241,False,-65.43012992,-10.905021653333334,85.53556686793382,0.0,1,False,24.928,False
E4-candidate_0834,E4,complete,,ReOs3,12,520.0,192,candidate_0834,priority,-0.5720042860596031,409.94217536906933,-135.33026725,-11.277522270833332,178.54436641229273,0.0033783483333328,13,True,296.305,False,-135.33194356,-11.277661963333335,178.54436641229273,0.0,1,False,64.861,False
E4-candidate_0838,E4,complete,,ReIr3Os2,12,520.0,192,candidate_0838,control,-0.5664423323748581,354.56874205600093,-123.33661146,-10.278050955,174.49222417073562,0.0034818441666667845,11,True,277.876,False,-123.34222636,-10.278518863333334,174.49222417073562,0.0,1,False,53.465,False
E4-candidate_0841,E4,complete,,Ir3Os4Ru,16,520.0,144,candidate_0841,control,-0.506645730369941,374.3035772829658,-160.69253375,-10.043283359375,229.57928753258398,0.0005739737499990127,7,True,264.753,False,-160.69702828,-10.0435642675,229.57928753258398,0.0,1,False,78.514,False
E4-candidate_0844,E4,complete,,Re4IrOs5,10,520.0,242,candidate_0844,priority,-0.5435796096785943,404.6429219249966,-114.27039691,-11.427039691000001,146.6764566702476,0.0025201870000003622,18,True,580.723,False,-114.29353694,-11.429353694,146.6764566702476,0.0,1,False,102.382,False
E4-candidate_0845,E4,complete,,IrOs5,12,520.0,168,candidate_0845,priority,1.0596832630743755,412.0981662675833,-130.0930404,-10.8410867,172.40386338098966,0.0003658425000002315,6,True,127.071,False,-130.07774518,-10.839812098333333,172.40386338098966,0.0,1,False,41.801,False
E4-candidate_0848,E4,complete,,Re2Ir2Os5Ru2,11,520.0,240,candidate_0848,control,-0.5148712367311656,375.4196301862051,-116.8188163,-10.61989239090909,158.62594282299662,0.0010356245454542804,9,True,306.224,False,-116.81798433,-10.619816757272728,158.62594282299662,0.0,1,False,70.075,False
E4-candidate_0851,E4,complete,,ReIr2Os5,16,520.0,144,candidate_0851,priority,-0.5293388265443003,411.6031613376475,-172.20608204,-10.7628801275,231.6357578828364,0.0009653331250003561,14,True,501.724,False,-172.21349874,-10.76334367125,231.6357578828364,0.0,1,False,96.709,False
E4-candidate_0852,E4,complete,,ReIr4,15,520.0,144,candidate_0852,screened,-0.7122638015010184,324.1911155545809,-143.67365478,-9.578243652,228.02994692753586,0.005039053333333262,15,True,459.312,False,-143.68322733,-9.578881822,228.02994692753586,0.0,1,False,77.614,False
E4-candidate_0853,E4,complete,,Re5Os11,16,520.0,144,candidate_0853,priority,-0.5562006693512132,419.77553905909406,-185.29128694,-11.58070543375,233.207359950831,0.0007141131249994714,13,True,582.15,False,-185.28871555,-11.580544721875,233.207359950831,0.0,1,False,105.72,False
E4-candidate_0858,E4,incomplete,stage static never ran,Re4Os11,15,520.0,196,candidate_0858,screened,-0.7128711428390716,361.18315428070196,-168.83664968,-11.255776645333333,229.2947589184799,0.011101987999999589,21,False,,False,,,,,,,,
E4-candidate_0859,E4,complete,,Os11W3,14,520.0,140,candidate_0859,screened,-0.706289540026949,366.85168761066274,-158.64685905,-11.331918503571428,216.31864360437234,0.021147029999998575,25,True,658.656,False,-158.64836853,-11.332026323571428,216.31864360437234,0.0,1,False,58.826,False
E4-candidate_0860,E4,complete,,IrW,2,520.0,968,candidate_0860,screened,-0.6721934767793402,340.70337209278733,-22.40168603,-11.200843015,30.331207627210286,9.471499999946786e-05,5,True,30.308,False,-22.39160131,-11.195800655,30.331207627210286,0.0,1,False,11.145,False
E4-candidate_0862,E4,complete,,Re2Ir7,18,520.0,128,candidate_0862,screened,-0.772116455504549,320.83688277697985,-171.62992647,-9.534995915,280.0365144192526,0.00556983777777652,16,True,939.499,False,-171.62170294,-9.534539052222222,280.0365144192526,0.0,1,False,160.601,False
E4-candidate_0864,E4,complete,,Re4Os,15,520.0,144,candidate_0864,screened,-0.7718544651694711,326.9115014335644,-179.69187588,-11.979458392,233.49380188317878,0.012608978666666342,26,True,1049.872,False,-179.68808938,-11.979205958666666,233.49380188317878,0.0,1,False,120.265,False
E4-candidate_0872,E4,complete,,IrOs6,7,520.0,315,candidate_0872,control,0.8343510446341457,398.5173198175911,-75.51893365,-10.788419092857142,100.89151529365445,0.0010952342857137864,10,True,115.348,False,-75.51839423,-10.788342032857143,100.89151529365445,0.0,1,False,24.997,False
E4-candidate_0879,E4,unconverged,stage relax_cell hit the ionic step limit,Ir5Os3Ru,18,520.0,147,candidate_0879,screened,-0.6772323561429248,316.9990818768201,-169.51095793,-9.417275440555555,270.95621790068924,-0.0907813727777788,34,False,,False,-172.13136504,-9.562853613333333,263.5132908277587,0.0,1,False,101.683,False
E4-candidate_0883,E4,complete,,Mo2Ir11Os2,15,520.0,128,candidate_0883,screened,-0.6861579223501363,329.58816957404565,-140.12429658,-9.341619772,228.40942375388838,0.00712909599999989,13,True,436.006,False,-140.1153324,-9.34102216,228.40942375388838,0.0,1,False,65.745,False
E4-candidate_0884,E4,complete,,IrOs5,12,520.0,168,candidate_0884,priority,1.0562514476255878,408.7077389314087,-130.1113523,-10.842612691666666,172.41210716151815,0.0008098466666671319,8,True,161.525,False,-130.09020067,-10.840850055833334,172.41210716151815,0.0,1,False,38.529,False
E4-candidate_0885,E4,complete,,Ir3Os5,16,520.0,196,candidate_0885,priority,-0.4952894716092565,424.1384508880332,-164.71683832,-10.294802395,230.85677775328364,0.0023078631249990877,11,True,532.106,False,-164.71034111,-10.294396319375,230.85677775328364,0.0,1,False,95.597,False
E4-candidate_0895,E4,incomplete,stage static never ran,Re11B3IrOs2C,18,520.0,144,candidate_0895,priority,-0.18896564053536158,401.9465600254628,-196.97654416,-10.943141342222223,233.66734587755082,0.03205319611111198,9,False,,False,,,,,,,,
E4-candidate_0898,E4,complete,,Re3Ir2,10,520.0,240,candidate_0898,control,0.6649866174986295,364.03497880381684,-110.98860437,-11.098860437,147.45848991529346,0.0008167999999997733,11,True,229.69,False,-110.98888245,-11.098888245000001,147.45848991529346,0.0,1,False,56.373,False
E4-candidate_0899,E4,complete,,ReOs3,12,520.0,192,candidate_0899,priority,-0.5355908601725492,404.161513748667,-137.256323,-11.438026916666667,174.6770050891448,0.0012538775000005369,10,True,326.348,False,-137.22822872,-11.435685726666668,174.6770050891448,0.0,1,False,74.903,False
E4-candidate_0902,E4,complete,,Re3Ir9Os7,19,520.0,126,candidate_0902,screened,-0.6483562898595567,365.04489974138335,-194.72139269,-10.248494352105263,284.62461150897934,0.013046659473683588,20,True,1043.47,False,-194.71522176,-10.24816956631579,284.62461150897934,0.0,1,False,120.895,False
E4-candidate_0908,E4,complete,,Re2Os3,5,520.0,441,candidate_0908,priority,0.7054025069685602,408.382241713351,-58.11542039,-11.623084078,73.35176331255354,0.0011525339999991502,7,True,87.274,False,-58.11901336,-11.623802672,73.35176331255354,0.0,1,False,22.288,False
E4-candidate_0926,E4,complete,,Re3Os13,16,520.0,144,candidate_0926,priority,-0.5307101845828305,428.0372498259663,-182.50712445,-11.406695278125,232.03931556505063,0.001018053124999696,11,True,527.596,False,-182.51865903,-11.407416189375,232.03931556505063,0.0,1,False,97.738,False
E4-candidate_0927,E4,complete,,Ir11Os4Ru,16,520.0,147,candidate_0927,priority,-0.5062376525527389,401.443920336989,-151.19199781,-9.449499863125,231.14038367734693,0.0008189768750010984,10,True,301.377,False,-151.18499635,-9.449062271875,231.14038367734693,0.0,1,False,80.937,False
E4-candidate_0928,E4,complete,,Ir3W2,10,520.0,242,candidate_0928,screened,-0.6501073884196715,335.29725326719915,-107.19392767,-10.719392766999999,150.45489003379586,0.001318300999999167,9,True,187.882,False,-107.17257072,-10.717257071999999,150.45489003379586,0.0,1,False,60.236,False
E4-candidate_0937,E4,complete,,Ir3Os13,16,520.0,144,candidate_0937,priority,0.6746291534844585,406.0339324474145,-171.01455661,-10.688409788125,230.59541154853,0.0004519737499997234,6,True,235.729,False,-170.99403967,-10.687127479375,230.59541154853,0.0,1,False,68.774,False
E4-candidate_0939,E4,complete,,Re2Ir5Os7Ru2,16,520.0,126,candidate_0939,priority,-0.4909360647571053,407.2012966851964,-167.15200343,-10.447000214375,230.0573271006588,0.0020947187500013342,9,True,362.492,False,-167.1490163,-10.44681351875,230.0573271006588,0.0,1,False,76.429,False
E4-candidate_0941,E4,complete,,Ir11Os9,20,520.0,126,candidate_0941,priority,-0.5088437918975932,412.8626273987471,-197.99812263,-9.8999061315,288.98875634946387,0.0009056275000006054,12,True,552.99,False,-198.00834081,-9.900417040499999,288.98875634946387,0.0,1,False,100.496,False
E4-candidate_0944,E4,complete,,Os11W3,14,520.0,140,candidate_0944,screened,-0.6917987974308482,366.6852407650778,-158.60200385,-11.328714560714285,216.88177186572548,0.059315361428569906,40,True,1252.462,False,-158.60399529,-11.328856806428572,216.88177186572548,0.0,1,False,56.609,False
E4-candidate_0946,E4,complete,,Os,5,520.0,507,candidate_0946,priority,-0.49654121310008914,442.0316305319712,-55.70502065,-11.14100413,71.98831940344505,0.0012503320000007534,12,True,135.051,False,-55.71552002,-11.143104004,71.98831940344505,0.0,1,False,28.532,False
E4-candidate_0951,E4,complete,,Re4N,10,520.0,294,candidate_0951,priority,-0.22571113991085323,406.9437265379691,-114.43280772,-11.443280772,132.34156789292751,0.03763985700000063,18,True,365.839,False,-114.43874638,-11.443874638,132.34156789292751,0.0,1,False,45.847,False
E4-candidate_0954,E4,complete,,Os7W3,10,520.0,200,candidate_0954,screened,-0.6469414842948091,356.9435701956783,-116.69301385,-11.669301385,149.7372192214611,0.0026440899999997216,10,True,187.577,False,-116.68998353,-11.668998353000001,149.7372192214611,0.0,1,False,35.592,False
E4-candidate_0959,E4,complete,,ReIrOs,6,520.0,308,candidate_0959,control,-0.5471684423498413,390.3526325801136,-65.57437876,-10.929063126666668,87.52307261387303,0.0003506850000007944,6,True,76.833,False,-65.57564151,-10.929273584999999,87.52307261387303,0.0,1,False,27.271,False
E4-candidate_0961,E4,complete,,Os9W,10,520.0,245,candidate_0961,control,-0.5542698409960802,376.0086065553739,-114.32812354,-11.432812354000001,145.23573039173408,0.002186596000001373,12,True,206.157,False,-114.32855625,-11.432855625,145.23573039173408,0.0,1,False,38.827,False
E4-candidate_0970,E4,complete,,Ir5Os9,14,520.0,175,candidate_0970,priority,-0.5121832681289554,406.0738038493062,-145.27249343,-10.376606673571429,201.66712177472616,0.0018629164285702668,9,True,238.13,False,-145.2731316,-10.376652257142856,201.66712177472616,0.0,1,False,53.212,False
E4-candidate_0979,E4,complete,,IrOs3,12,520.0,192,candidate_0979,priority,-0.4919048127913187,410.92311853282564,-126.59739337,-10.549782780833334,173.01724749473553,0.0015370016666670001,8,True,215.57,False,-126.61262408,-10.551052006666668,173.01724749473553,0.0,1,False,53.797,False
E4-candidate_0980,E4,incomplete,stage static never ran,Re2IrOs6,18,520.0,128,candidate_0980,screened,-0.721460924953197,346.63657128017513,-198.84402529,-11.046890293888888,266.4250911270535,0.0,1,False,,False,,,,,,,,
E4-candidate_0982,E4,complete,,IrOs,8,520.0,231,candidate_0982,priority,-0.5085589605122963,407.688148402518,-80.24497175,-10.03062146875,115.61268502995493,0.0012147425000001988,9,True,108.667,False,-80.25518336,-10.03189792,115.61268502995493,0.0,1,False,26.508,False
E4-candidate_0990,E4,complete,,Re2Os5W3,10,520.0,240,candidate_0990,screened,-0.6745276650292003,352.2977511444656,-119.29760342,-11.929760342,150.90104211122775,0.0022963090000004626,15,True,373.453,False,-119.29462762,-11.929462762,150.90104211122775,0.0,1,False,53.811,False
E4-candidate_0995,E4,complete,,Re7Os3,10,520.0,240,candidate_0995,screened,-0.6381215026456141,360.49798358497105,-119.92462605,-11.992462605,148.69300741698999,0.0024404369999999178,13,True,291.145,False,-119.92504691,-11.992504691,148.69300741698999,0.0,1,False,58.948,False
E4-candidate_1000,E4,complete,,Ir5Os7,12,520.0,168,candidate_1000,control,-0.5238092479187815,395.25786972965744,-122.86005627,-10.2383380225,172.91674854722854,0.0009386158333330267,8,True,164.827,False,-122.86580582,-10.238817151666668,172.91674854722854,0.0,1,False,40.86,False
E4-candidate_1005,E4,complete,,ReOs2,12,520.0,210,candidate_1005,priority,0.2407169863194917,420.8120708972712,-139.86316496,-11.655263746666668,174.87339690434402,0.0010516874999998056,10,True,312.599,False,-139.86629199,-11.6555243325,174.87339690434402,0.0,1,False,64.698,False
E4-candidate_1010,E4,complete,,Os,16,520.0,168,candidate_1010,priority,-0.5024216535900318,442.0475869326971,-178.05243713,-11.128277320625,230.48413506896597,0.002825865624998869,14,True,557.773,False,-178.07358799,-11.129599249375,230.48413506896597,0.0,1,False,82.128,False
E4-candidate_1015,E4,complete,,Re4Ir7,11,520.0,252,candidate_1015,control,-0.5631516816136056,369.4685773417276,-112.88750744,-10.262500676363636,161.27135994017544,0.0019885145454542844,10,True,229.245,False,-112.88673292,-10.262430265454546,161.27135994017544,0.0,1,False,55.288,False
E4-candidate_1016,E4,complete,,Re4C,10,520.0,294,candidate_1016,priority,-0.2450319560512363,403.56685772671386,-116.78641876,-11.678641876,132.5482122517117,0.025468284000000098,17,True,320.843,False,-116.78421307,-11.678421307,132.5482122517117,0.0,1,False,43.253,False
E4-candidate_1019,E4,complete,,IrOs3,16,520.0,196,candidate_1019,priority,0.8555934339506847,408.06060117696853,-169.1358246,-10.5709890375,230.5205824748398,0.0007498075000000881,6,True,319.707,False,-169.13329144,-10.570830715,230.5205824748398,0.0,1,False,91.921,False
E4-candidate_1020,E4,complete,,IrOs7,16,520.0,196,candidate_1020,priority,0.3085504887302052,464.09856397080785,-173.69844787,-10.856152991875,230.52354971789455,0.004746742500000067,15,True,709.465,False,-173.72861583,-10.858038489375,230.52354971789455,0.0,1,False,98.564,False
E4-candidate_1023,E4,complete,,IrOs5,18,520.0,150,candidate_1023,priority,0.8981336094290472,438.292385380694,-194.27335312,-10.792964062222222,259.3916860556667,0.002546630555555238,12,True,562.166,False,-194.27835492,-10.79324194,259.3916860556667,0.0,1,False,86.661,False
E4-candidate_1025,E4,complete,,Os3Ru,12,520.0,196,candidate_1025,priority,-0.46574334690238706,407.6358820966886,-128.89877609,-10.741564674166668,170.41904427485568,0.0003651658333344206,11,True,197.587,False,-128.90260159,-10.741883465833332,170.41904427485568,0.0,1,False,47.123,False
E4-candidate_1029,E4,complete,,Os3Ru,16,520.0,168,candidate_1029,priority,0.7101814071850977,429.11599315693496,-170.33492542,-10.64593283875,228.1056923958537,0.0010302662499999116,9,True,353.569,False,-170.34464976,-10.64654061,228.1056923958537,0.0,1,False,81.464,False
E4-candidate_1031,E4,complete,,Os2W3,10,520.0,245,candidate_1031,screened,-0.757170974847258,338.1593809250562,-121.06537574,-12.106537573999999,156.8641929848978,0.011410956999999656,19,True,376.374,False,-121.06773343,-12.106773343,156.8641929848978,0.0,1,False,42.058,False
E4-candidate_1033,E4,complete,,Os2W13,15,520.0,150,candidate_1033,control,0.6102842221004653,298.858601694658,-189.52246988,-12.634831325333332,239.5998707690085,0.004801739999999199,15,True,507.635,False,-189.5194182,-12.63462788,239.59986992719686,0.0,1,False,65.196,False
E4-candidate_1034,E4,complete,,Ir7Os5,12,520.0,168,candidate_1034,priority,-0.5206233520000773,405.3414176904332,-117.89466747,-9.8245556225,173.50154020288207,0.0006176791666672917,8,True,145.297,False,-117.88588521,-9.8238237675,173.50154020288207,0.0,1,False,34.161,False
E4-candidate_1035,E4,complete,,Re3Ir5,8,520.0,256,candidate_1035,control,-0.5612152464870305,367.67888351631393,-82.61272544,-10.32659068,117.1199709126332,0.0008268987500006375,9,True,123.801,False,-82.61746792,-10.32718349,117.1199709126332,0.0,1,False,31.937,False
E4-candidate_1048,E4,complete,,Ir5Ru,18,520.0,128,candidate_1048,screened,-0.7358405066272429,313.8299939494729,-156.05598163,-8.669776757222222,276.4551106916927,0.009526050555554852,19,True,876.875,False,-156.05618683,-8.669788157222222,276.45510968100643,0.0,1,False,103.318,False
E4-candidate_1050,E4,complete,,ReOs3,16,520.0,144,candidate_1050,priority,0.22255882408694952,407.2320556976568,-183.91060102,-11.49441256375,232.6794556690725,0.001864056249999635,24,True,695.228,False,-183.89721846,-11.49357615375,232.67933019061635,0.0,1,False,101.58,False
E4-candidate_1053,E4,complete,,Re3Os2,10,520.0,240,candidate_1053,control,-0.5932512872195881,387.10497947523936,-118.83191377,-11.883191377,147.89534778363245,0.00035478599999976267,7,True,175.95,False,-118.83922811,-11.883922811,147.89534778363245,0.0,1,False,57.051,False
E4-candidate_1064,E4,complete,,ReOs5,12,520.0,192,candidate_1064,priority,0.26015143484709946,405.49061232454693,-135.93640426,-11.328033688333333,174.07651087221134,0.001155024166666389,10,True,260.985,False,-135.92744614,-11.327287178333334,174.07835597776096,0.0,1,False,76.01,False
E4-candidate_1078,E4,complete,,Re3Os2,15,520.0,144,candidate_1078,screened,-0.7484987047823222,337.47440634378603,-175.82203844,-11.721469229333334,231.22090514705798,0.00495462400000027,31,True,1089.05,False,-175.81937118,-11.721291412,231.220908554491,0.0,1,False,95.075,False
