tau,sat,excl,S1,S2,S3,S4,S5
0.55,0.9972292590246992,0.14016298020954598,0.0031512605042016695,0.014778325123152691,0.6104986876640419,0.0018072289156626509,0.0073568050446662925
0.555,0.9970709309689677,0.14272409778812578,0.0031512605042016695,0.017241379310344862,0.6204724409448819,0.0018072289156626509,0.0073568050446662925
0.56,0.9969126029132362,0.1445867287543655,0.0031512605042016695,0.01806239737274218,0.6283464566929133,0.0018072289156626509,0.0073568050446662925
0.565,0.9968334388853705,0.14749708963911523,0.0031512605042016695,0.02052545155993435,0.6398950131233596,0.0018072289156626509,0.0073568050446662925
0.57,0.9968334388853705,0.15005820721769503,0.0031512605042016695,0.026272577996715896,0.6477690288713911,0.0018072289156626509,0.0073568050446662925
0.575,0.9968334388853705,0.15285215366705474,0.003676470588235281,0.028735632183908066,0.657742782152231,0.002409638554216831,0.0073568050446662925
0.58,0.9967542748575048,0.15436554132712454,0.003676470588235281,0.03284072249589487,0.6619422572178477,0.002409638554216831,0.0073568050446662925
0.585,0.996675110829639,0.15727590221187426,0.004201680672268893,0.03612479474548436,0.6724409448818898,0.002409638554216831,0.0073568050446662925
0.59,0.996675110829639,0.15960419091967404,0.004201680672268893,0.039408866995073843,0.6803149606299213,0.002409638554216831,0.00788229111928529
0.595,0.9965167827739075,0.16123399301513386,0.005252100840336116,0.04022988505747127,0.6860892388451443,0.002409638554216831,0.00788229111928529
0.6,0.9965167827739075,0.16367869615832364,0.006302521008403339,0.04351395730706076,0.6939632545931759,0.002409638554216831,0.00788229111928529
0.605,0.9963584547181761,0.1656577415599534,0.006302521008403339,0.04761904761904767,0.7002624671916011,0.002409638554216831,0.00788229111928529
0.61,0.9963584547181761,0.16868451688009312,0.0068277310924369505,0.05090311986863716,0.7112860892388451,0.002409638554216831,0.00788229111928529
0.615,0.9962792906903103,0.17077997671711287,0.008928571428571397,0.05336617405582922,0.7165354330708662,0.002409638554216831,0.008407777193904398
0.62,0.9962792906903103,0.17334109429569267,0.012079831932773066,0.05582922824302139,0.7228346456692913,0.002409638554216831,0.008933263268523395
0.625,0.9962792906903103,0.17694994179278234,0.014705882352941124,0.06568144499178985,0.7301837270341207,0.002409638554216831,0.008933263268523395
0.63,0.9962001266624446,0.17986030267753206,0.01575630252100846,0.07307060755336614,0.7375328083989501,0.002409638554216831,0.008933263268523395
0.635,0.9961209626345788,0.18277066356228178,0.017857142857142905,0.07635467980295563,0.7464566929133858,0.002409638554216831,0.008933263268523395
0.64,0.9960417986067132,0.18509895227008144,0.017857142857142905,0.08538587848932677,0.7511811023622047,0.002409638554216831,0.008933263268523395
0.645,0.9958834705509816,0.18894062863795114,0.022058823529411797,0.08949096880131358,0.7616797900262468,0.002409638554216831,0.008933263268523395
0.65,0.9957251424952501,0.19348079161816067,0.02626050420168069,0.10016420361247946,0.7695538057742782,0.002409638554216831,0.010509721492380497
0.655,0.9956459784673845,0.1977881257275902,0.028886554621848748,0.10673234811165844,0.7816272965879265,0.002409638554216831,0.011035207566999494
0.66,0.9954084863837872,0.20104772991850994,0.031512605042016806,0.1165845648604269,0.7868766404199475,0.002409638554216831,0.011560693641618491
0.665,0.9952501583280557,0.20512223515715944,0.03623949579831931,0.1239737274220033,0.7952755905511811,0.002409638554216831,0.012086179716237488
0.67,0.9950918302723243,0.20942956926658907,0.03991596638655459,0.13464696223316908,0.8041994750656167,0.002409638554216831,0.012086179716237488
0.675,0.9946960101329956,0.21478463329452857,0.047268907563025264,0.14942528735632188,0.8110236220472441,0.002409638554216831,0.012611665790856597
0.68,0.9946168461051298,0.21955762514551802,0.0535714285714286,0.1617405582922824,0.8183727034120735,0.002409638554216831,0.012611665790856597
0.685,0.9940626979100696,0.2233993015133876,0.060924369747899165,0.17159277504105086,0.8220472440944881,0.002409638554216831,0.012611665790856597
0.69,0.9937460417986067,0.2274738067520372,0.06880252100840334,0.17980295566502458,0.8272965879265092,0.002409638554216831,0.012611665790856597
0.695,0.9934293856871438,0.2338766006984866,0.0798319327731093,0.20114942528735635,0.8309711286089239,0.002409638554216831,0.013137151865475594
0.7,0.9928752374920836,0.2393480791618161,0.09086134453781514,0.2101806239737274,0.8383202099737532,0.002409638554216831,0.01366263794009459
0.705,0.9927169094363522,0.2461001164144354,0.1029411764705882,0.22660098522167482,0.8451443569553806,0.002409638554216831,0.014713610089332585
0.71,0.9924794173527549,0.25203725261932475,0.11502100840336138,0.23891625615763545,0.8509186351706037,0.002409638554216831,0.01576458223857069
0.715,0.9922419252691577,0.25855646100116414,0.12815126050420167,0.2545155993431856,0.8572178477690289,0.002409638554216831,0.01576458223857069
0.72,0.9917669411019633,0.2658905704307334,0.14548319327731096,0.270935960591133,0.8619422572178478,0.002409638554216831,0.016290068313189687
0.725,0.9914502849905004,0.2713620488940629,0.1559873949579832,0.2857142857142857,0.8656167979002625,0.002409638554216831,0.017341040462427793
0.73,0.9910544648511717,0.280558789289872,0.1733193277310925,0.30706075533661736,0.8750656167979003,0.002409638554216831,0.018392012611665787
0.735,0.990025332488917,0.28812572759022115,0.1922268907563025,0.3234811165845649,0.8792650918635171,0.002409638554216831,0.018917498686284784
0.74,0.9894711842938568,0.29464493597206054,0.21165966386554624,0.33333333333333337,0.8818897637795275,0.002409638554216831,0.01996847083552289
0.745,0.9889170360987967,0.30267753201396974,0.2326680672268907,0.34729064039408863,0.8866141732283465,0.002409638554216831,0.02154492905937988
0.75,0.9875712476250792,0.31327124563445863,0.2636554621848739,0.3637110016420362,0.8929133858267717,0.002409638554216831,0.02154492905937988
0.755,0.9865421152628245,0.32118742724097793,0.2820378151260504,0.3825944170771757,0.8965879265091864,0.002409638554216831,0.023121387283236983
0.76,0.9851171627612413,0.3313154831199069,0.31092436974789917,0.39737274220032837,0.9018372703412073,0.002409638554216831,0.025223331581713082
0.765,0.9841671944268524,0.33899883585564605,0.3345588235294118,0.40886699507389157,0.9044619422572179,0.002409638554216831,0.026274303730951076
0.77,0.9833755541481951,0.3477299185098952,0.35924369747899154,0.42610837438423643,0.9070866141732283,0.002409638554216831,0.02732527588018918
0.775,0.9825839138695377,0.35739231664726423,0.38655462184873945,0.44252873563218387,0.9102362204724409,0.002409638554216831,0.029952706253284278
0.78,0.9807631412286257,0.3674039580908033,0.41334033613445376,0.45730706075533667,0.9170603674540683,0.002409638554216831,0.03205465055176038
0.785,0.9790215326155794,0.3774155995343422,0.43960084033613445,0.4770114942528736,0.9202099737532808,0.002409638554216831,0.03520756699947447
0.79,0.9775965801139962,0.3875436554132713,0.4695378151260504,0.49096880131362886,0.9244094488188976,0.002409638554216831,0.03783499737256968
0.795,0.9753008233058899,0.3959254947613504,0.49264705882352944,0.5049261083743842,0.9270341207349081,0.002409638554216831,0.04098791382028377
0.8,0.9728467384420519,0.4064027939464494,0.5215336134453781,0.5262725779967159,0.9291338582677166,0.002409638554216831,0.04361534419337887
0.805,0.9697593413552882,0.4157159487776484,0.5514705882352942,0.5377668308702792,0.9301837270341208,0.002409638554216831,0.04729374671571207
0.81,0.9661177960734643,0.42817229336437723,0.5866596638655462,0.5574712643678161,0.9349081364829397,0.002409638554216831,0.05097214923804516
0.815,0.9631095630145662,0.43771827706635624,0.6123949579831933,0.5755336617405583,0.937007874015748,0.002409638554216831,0.05465055176037836
0.82,0.9585180493983534,0.4466821885913853,0.6355042016806722,0.5927750410509032,0.9396325459317585,0.002409638554216831,0.058328954282711454
0.825,0.9548765041165295,0.45890570430733413,0.6670168067226891,0.6157635467980296,0.9412073490813648,0.002409638554216831,0.06568575932737786
0.83,0.9503641545281823,0.4690337601862631,0.6927521008403361,0.6346469622331692,0.9433070866141733,0.003012048192771122,0.07094062007356805
0.835,0.9456143128562381,0.4784633294528522,0.7179621848739496,0.6543513957307061,0.9454068241469816,0.003012048192771122,0.07356805044666315
0.84,0.9386478784040532,0.49010477299185096,0.7436974789915967,0.6773399014778325,0.946981627296588,0.003012048192771122,0.08407777193904364
0.845,0.9311272957568081,0.49790454016298025,0.766281512605042,0.687192118226601,0.946981627296588,0.003012048192771122,0.09038360483447183
0.85,0.9244775174160861,0.5073341094295692,0.7904411764705882,0.7011494252873562,0.9485564304461942,0.0036144578313253017,0.09774040987913823
0.855,0.9173527549081697,0.5143189755529686,0.8046218487394958,0.7167487684729064,0.9490813648293963,0.0036144578313253017,0.10457172884918553
0.86,0.9078530715642812,0.5227008149010477,0.8224789915966386,0.7282430213464697,0.9501312335958005,0.0036144578313253017,0.11613242249080402
0.865,0.8984325522482584,0.5327124563445867,0.8429621848739496,0.7471264367816092,0.952755905511811,0.0036144578313253017,0.1261166579085654
0.87,0.8878245725142495,0.5413271245634459,0.85609243697479,0.7651888341543513,0.9538057742782152,0.0036144578313253017,0.139253809774041
0.875,0.8748416719442685,0.5511059371362048,0.8728991596638656,0.7816091954022988,0.9553805774278216,0.004216867469879482,0.1539674198633736
0.88,0.8615421152628245,0.559487776484284,0.8876050420168067,0.7955665024630542,0.9574803149606299,0.004216867469879482,0.1660535995796112
0.885,0.8467384420519316,0.5683352735739231,0.8986344537815126,0.8111658456486043,0.9574803149606299,0.004819277108433773,0.18444561219127698
0.89,0.8328055731475618,0.5761350407450524,0.9065126050420168,0.8251231527093597,0.958005249343832,0.004819277108433773,0.20231213872832365
0.895,0.8151519949335022,0.5857974388824214,0.917016806722689,0.8382594417077176,0.9601049868766405,0.005421686746987953,0.22438255386232264
0.9,0.7926694110196327,0.5939464493597206,0.9254201680672269,0.8481116584564861,0.9606299212598425,0.005421686746987953,0.24592748292170252
0.905,0.7704243191893604,0.6018626309662398,0.9301470588235294,0.8571428571428572,0.9606299212598425,0.0060240963855421326,0.2706253284287966
0.91,0.7458043065231159,0.609895227008149,0.9338235294117647,0.867816091954023,0.9611548556430446,0.0060240963855421326,0.2958486600105097
0.915,0.7196010132995567,0.6181606519208382,0.9380252100840336,0.8760262725779967,0.9616797900262467,0.0060240963855421326,0.32317393589069887
0.92,0.6918936035465485,0.6259604190919674,0.9401260504201681,0.8883415435139573,0.9622047244094488,0.0060240963855421326,0.34787178139779296
0.925,0.6594363521215959,0.6360884749708964,0.9417016806722689,0.90311986863711,0.9622047244094488,0.0060240963855421326,0.38255386232264843
0.93,0.6228625712476251,0.6473806752037252,0.9459033613445378,0.9146141215106732,0.9627296587926509,0.0066265060240964235,0.4209143457698371
0.935,0.5758391386953768,0.659720605355064,0.9474789915966386,0.922824302134647,0.9637795275590552,0.0072289156626506035,0.4682080924855492
0.94,0.5320614312856238,0.669150174621653,0.9495798319327731,0.9269293924466339,0.9643044619422572,0.0072289156626506035,0.5055176037834997
0.945,0.4834547181760608,0.681140861466822,0.9506302521008403,0.9359605911330049,0.9648293963254593,0.007831325301204783,0.5517603783499737
0.95,0.4390436985433819,0.6938300349243306,0.9522058823529411,0.9392446633825944,0.9648293963254593,0.008433734939759074,0.6048344718864951
0.955,0.39787840405319824,0.7038416763678697,0.9527310924369747,0.9458128078817734,0.9648293963254593,0.009036144578313254,0.6447714135575408
0.96,0.3552881570614313,0.7125727590221187,0.953781512605042,0.9523809523809523,0.9648293963254593,0.010843373493975905,0.6773515501839201
0.965,0.3125395820139329,0.7231664726426077,0.9553571428571429,0.958128078817734,0.9653543307086614,0.010843373493975905,0.719390436153442
0.97,0.279290690310323,0.7308498253783469,0.9558823529411765,0.9589490968801314,0.9658792650918635,0.012048192771084376,0.7514450867052023
0.975,0.24493350221659277,0.7391152502910361,0.9558823529411765,0.9614121510673235,0.9658792650918635,0.012048192771084376,0.7871781397792958
0.98,0.21057631412286257,0.7469150174621653,0.9574579831932774,0.964696223316913,0.9658792650918635,0.012650602409638556,0.8181818181818181
0.985,0.1815231158961368,0.7536670547147846,0.9574579831932774,0.9696223316912972,0.9658792650918635,0.014457831325301207,0.8439306358381503
0.99,0.15484483850538316,0.760186263096624,0.957983193277311,0.9712643678160919,0.9658792650918635,0.015060240963855387,0.8712559117183395
0.995,0.13236225459151363,0.7648428405122235,0.9585084033613446,0.9720853858784894,0.9658792650918635,0.016867469879518038,0.8896479243300053
1.0,0.11383787207093096,0.7689173457508731,0.9585084033613446,0.9737274220032841,0.9664041994750656,0.01746987951807233,0.905937992643195
