train_200535_1.out	32:[bag 1] DONE best vAUC=0.9779 in 33.5 min
train_200536_10.out	32:[bag 10] DONE best vAUC=0.9760 in 37.2 min
train_200536_11.out	32:[bag 11] DONE best vAUC=0.9771 in 38.4 min
train_200536_12.out	32:[bag 12] DONE best vAUC=0.9765 in 38.2 min
train_200536_13.out	32:[bag 13] DONE best vAUC=0.9766 in 33.8 min
train_200536_14.out	32:[bag 14] DONE best vAUC=0.9762 in 35.0 min
train_200536_15.out	32:[bag 15] DONE best vAUC=0.9749 in 33.9 min
train_200536_16.out	32:[bag 16] DONE best vAUC=0.9772 in 34.4 min
train_200536_17.out	32:[bag 17] DONE best vAUC=0.9766 in 34.2 min
train_200536_18.out	32:[bag 18] DONE best vAUC=0.9774 in 35.7 min
train_200536_19.out	32:[bag 19] DONE best vAUC=0.9753 in 36.9 min
train_200536_20.out	32:[bag 20] DONE best vAUC=0.9766 in 37.9 min
train_200536_21.out	32:[bag 21] DONE best vAUC=0.9772 in 35.3 min
train_200536_22.out	32:[bag 22] DONE best vAUC=0.9754 in 37.6 min
train_200536_23.out	32:[bag 23] DONE best vAUC=0.9766 in 37.7 min
train_200536_24.out	32:[bag 24] DONE best vAUC=0.9764 in 37.5 min
train_200536_25.out	32:[bag 25] DONE best vAUC=0.9780 in 34.2 min
train_200536_2.out	32:[bag 2] DONE best vAUC=0.9763 in 33.7 min
train_200536_3.out	32:[bag 3] DONE best vAUC=0.9768 in 33.5 min
train_200536_4.out	32:[bag 4] DONE best vAUC=0.9765 in 33.6 min
train_200536_5.out	32:[bag 5] DONE best vAUC=0.9749 in 34.8 min
train_200536_6.out	32:[bag 6] DONE best vAUC=0.9762 in 36.1 min
train_200536_7.out	32:[bag 7] DONE best vAUC=0.9778 in 35.7 min
train_200536_8.out	32:[bag 8] DONE best vAUC=0.9756 in 37.4 min
train_200536_9.out	32:[bag 9] DONE best vAUC=0.9771 in 37.7 min
train_200537_26.out	32:[bag 26] DONE best vAUC=0.9759 in 24.1 min
train_200537_27.out	34:[bag 27] DONE best vAUC=0.9760 in 26.4 min
train_200537_28.out	34:[bag 28] DONE best vAUC=0.9770 in 72.8 min
train_200537_29.out	34:[bag 29] DONE best vAUC=0.9772 in 78.1 min
train_200537_30.out	34:[bag 30] DONE best vAUC=0.9765 in 24.8 min
train_200537_31.out	34:[bag 31] DONE best vAUC=0.9764 in 25.0 min
train_200537_32.out	34:[bag 32] DONE best vAUC=0.9771 in 24.9 min
train_200537_33.out	34:[bag 33] DONE best vAUC=0.9764 in 25.5 min
train_200537_34.out	34:[bag 34] DONE best vAUC=0.9769 in 25.9 min
train_200537_35.out	34:[bag 35] DONE best vAUC=0.9755 in 25.4 min
train_200537_36.out	34:[bag 36] DONE best vAUC=0.9763 in 27.0 min
train_200537_37.out	34:[bag 37] DONE best vAUC=0.9768 in 24.7 min
train_200537_38.out	32:[bag 38] DONE best vAUC=0.9758 in 23.5 min
train_200537_39.out	32:[bag 39] DONE best vAUC=0.9758 in 23.4 min
train_200537_40.out	32:[bag 40] DONE best vAUC=0.9762 in 23.6 min
train_200537_41.out	32:[bag 41] DONE best vAUC=0.9774 in 23.3 min
train_200537_42.out	32:[bag 42] DONE best vAUC=0.9759 in 23.7 min
train_200537_43.out	34:[bag 43] DONE best vAUC=0.9768 in 24.5 min
train_200537_44.out	34:[bag 44] DONE best vAUC=0.9770 in 24.4 min
train_200537_45.out	34:[bag 45] DONE best vAUC=0.9766 in 24.4 min
train_200537_46.out	34:[bag 46] DONE best vAUC=0.9771 in 24.6 min
train_200537_47.out	34:[bag 47] DONE best vAUC=0.9753 in 24.3 min
train_200537_48.out	34:[bag 48] DONE best vAUC=0.9775 in 24.4 min
train_200537_49.out	34:[bag 49] DONE best vAUC=0.9781 in 24.1 min
train_200537_50.out	34:[bag 50] DONE best vAUC=0.9763 in 24.5 min
headB_200736.out	1:[headB bag 1] best vAUC=0.9468
headB_200736.out	2:[headB bag 2] best vAUC=0.9479
headB_200736.out	3:[headB bag 3] best vAUC=0.9457
headB_200736.out	4:[headB bag 4] best vAUC=0.9467
headB_200736.out	5:[headB bag 5] best vAUC=0.9449
headB_200736.out	6:[headB bag 6] best vAUC=0.9459
headB_200736.out	7:[headB bag 7] best vAUC=0.9446
headB_200736.out	8:[headB bag 8] best vAUC=0.9465
headB_200736.out	9:[headB bag 9] best vAUC=0.9484
headB_200736.out	10:[headB bag 10] best vAUC=0.9467
headB_200736.out	11:[headB bag 11] best vAUC=0.9470
headB_200736.out	12:[headB bag 12] best vAUC=0.9479
headB_200736.out	13:[headB bag 13] best vAUC=0.9474
headB_200736.out	14:[headB bag 14] best vAUC=0.9470
headB_200736.out	15:[headB bag 15] best vAUC=0.9461
headB_200736.out	16:[headB bag 16] best vAUC=0.9474
headB_200736.out	17:[headB bag 17] best vAUC=0.9465
headB_200736.out	18:[headB bag 18] best vAUC=0.9474
headB_200736.out	19:[headB bag 19] best vAUC=0.9462
headB_200736.out	20:[headB bag 20] best vAUC=0.9469
headB_200736.out	21:[headB bag 21] best vAUC=0.9473
headB_200736.out	22:[headB bag 22] best vAUC=0.9473
headB_200736.out	23:[headB bag 23] best vAUC=0.9486
headB_200736.out	24:[headB bag 24] best vAUC=0.9456
headB_200736.out	25:[headB bag 25] best vAUC=0.9482
headB_200736.out	26:[headB bag 26] best vAUC=0.9468
headB_200736.out	27:[headB bag 27] best vAUC=0.9457
headB_200736.out	28:[headB bag 28] best vAUC=0.9467
headB_200736.out	29:[headB bag 29] best vAUC=0.9446
headB_200736.out	30:[headB bag 30] best vAUC=0.9474
headB_200736.out	31:[headB bag 31] best vAUC=0.9466
headB_200736.out	32:[headB bag 32] best vAUC=0.9464
headB_200736.out	33:[headB bag 33] best vAUC=0.9464
headB_200736.out	34:[headB bag 34] best vAUC=0.9464
headB_200736.out	35:[headB bag 35] best vAUC=0.9465
headB_200736.out	36:[headB bag 36] best vAUC=0.9456
headB_200736.out	37:[headB bag 37] best vAUC=0.9460
headB_200736.out	38:[headB bag 38] best vAUC=0.9454
headB_200736.out	39:[headB bag 39] best vAUC=0.9459
headB_200736.out	40:[headB bag 40] best vAUC=0.9471
headB_200736.out	41:[headB bag 41] best vAUC=0.9471
headB_200736.out	42:[headB bag 42] best vAUC=0.9464
headB_200736.out	43:[headB bag 43] best vAUC=0.9468
headB_200736.out	44:[headB bag 44] best vAUC=0.9459
headB_200736.out	45:[headB bag 45] best vAUC=0.9469
headB_200736.out	46:[headB bag 46] best vAUC=0.9463
headB_200736.out	47:[headB bag 47] best vAUC=0.9465
headB_200736.out	48:[headB bag 48] best vAUC=0.9459
headB_200736.out	49:[headB bag 49] best vAUC=0.9478
headB_200736.out	50:[headB bag 50] best vAUC=0.9443
