task,experiment,status,status_reason,formula,n_atoms,encut_ev,n_kpoints,parent,kind,variant,relax_ions_fixed_cell.energy_ev,relax_ions_fixed_cell.energy_ev_per_atom,relax_ions_fixed_cell.volume_a3,relax_ions_fixed_cell.release_ev_per_atom,relax_ions_fixed_cell.n_ionic_steps,relax_ions_fixed_cell.converged,relax_ions_fixed_cell.elapsed_s,relax_ions_fixed_cell.close_ions_warning,relax_cell.energy_ev,relax_cell.energy_ev_per_atom,relax_cell.volume_a3,relax_cell.release_ev_per_atom,relax_cell.n_ionic_steps,relax_cell.converged,relax_cell.elapsed_s,relax_cell.close_ions_warning,static.energy_ev,static.energy_ev_per_atom,static.volume_a3,static.release_ev_per_atom,static.n_ionic_steps,static.converged,static.elapsed_s,static.close_ions_warning
E3-cod-1001469-P0,E3,complete,,Ba2CePtO6,10,520.0,216,cod-1001469,experimental,P0,-69.41686204,-6.941686204,148.6421839192647,0.04992151499999977,3,True,144.373,False,-69.51130625,-6.951130625,154.06726441927876,1.2267000001031647e-05,2,True,85.771,False,-69.51139398,-6.951139398,154.06726441927876,0.0,1,False,30.373,False
E3-cod-1001469-S1,E3,complete,,Ba2CePtO6,10,520.0,288,cod-1001469,experimental,S1,-56.42636487,-5.642636487,113.39793219118758,0.17794173500000027,43,True,1499.114,False,-68.50341544,-6.850341544,149.49901003245267,1.2077088599999997,33,True,1788.28,False,-69.23750984,-6.923750984,149.49901003245267,0.0,1,False,53.186,False
E3-cod-1001469-S2,E3,complete,,Ba2CePtO6,10,520.0,216,cod-1001469,experimental,S2,-54.8770847,-5.487708469999999,148.6421839192647,0.12088861499999978,4,True,232.945,False,-57.93632179,-5.793632179,188.74848097892993,0.3059229870000003,8,True,632.826,False,-58.14617532,-5.814617532,188.74848097892993,0.0,1,False,97.45,False
E3-cod-1001469-S3,E3,unconverged,stage relax_ions_fixed_cell hit the ionic step limit,Ba2CePtO6,10,520.0,216,cod-1001469,experimental,S3,-10.53406138,-1.0534061380000002,148.6421839192647,16.520278769,200,False,8453.226,True,-65.91774344,-6.591774343999999,187.89525567066048,0.8419970449999994,52,True,4447.392,False,-66.09691867,-6.6096918669999996,187.89525567066048,0.0,1,False,114.559,False
E3-cod-1001469-S4,E3,complete,,Ba2CePtO6,10,520.0,125,cod-1001469,experimental,S4,-52.72066129,-5.272066129000001,325.33537001197925,0.19765992000000027,7,True,793.131,False,-69.66208223,-6.966208223,153.98407666456436,1.6936236329999992,19,True,2630.764,False,-69.5110737,-6.95110737,153.98407666456436,0.0,1,False,54.053,False
E3-cod-1001469-S5,E3,unconverged,stage relax_ions_fixed_cell hit the ionic step limit,Ba2CePtO6,10,520.0,216,cod-1001469,experimental,S5,-69.41608582,-6.941608582000001,148.6421839192647,2.522888736000001,200,False,9936.358,False,-69.50981025,-6.950981025,154.05415042148834,1.528399999983776e-05,2,True,86.492,False,-69.50991122,-6.9509911220000005,154.05415042148834,0.0,1,False,80.575,False
E3-cod-1010052-P0,E3,complete,,Rb2SnI6,9,520.0,125,cod-1010052,experimental,P0,-22.58698792,-2.5096653244444442,390.2239997482446,0.005477715555555405,4,True,78.99,False,-22.64418539,-2.516020598888889,417.29447435877125,0.00635525000000017,7,True,136.869,False,-22.64558894,-2.5161765488888888,417.29447435877125,0.0,1,False,9.68,False
E3-cod-1010052-S1,E3,complete,,Rb2SnI6,9,520.0,150,cod-1010052,experimental,S1,-20.97637574,-2.3307084155555557,330.04443047033953,0.1021202044444445,17,True,246.918,False,-22.63902234,-2.515446926666667,417.25460249538867,0.18473851888888898,22,True,392.601,False,-22.64532606,-2.51614734,417.25460249538867,0.0,1,False,24.988,False
E3-cod-1010052-S2,E3,complete,,Rb2SnI6,9,520.0,125,cod-1010052,experimental,S2,-17.12940267,-1.9032669633333335,390.2239997482446,0.2783088844444445,5,True,106.629,False,-17.21471335,-1.9127459277777779,422.46685250901686,0.009479421111111306,3,True,73.802,False,-17.21409327,-1.91267703,422.46685250901686,0.0,1,False,11.147,False
E3-cod-1010052-S3,E3,complete,,Rb2SnI6,9,520.0,125,cod-1010052,experimental,S3,-22.640962,-2.515662444444444,390.2239997482446,1.428419081111111,39,True,727.381,True,-22.7227715,-2.524752388888889,413.30031533455576,0.009089956666666725,28,True,468.341,False,-22.72380504,-2.5248672266666663,413.30031533455576,0.0,1,False,32.7,False
E3-cod-1010052-S4,E3,complete,,Rb2SnI6,9,520.0,64,cod-1010052,experimental,S4,-20.51927915,-2.2799199055555555,907.0303031733387,0.3983909344444443,9,True,359.591,False,-22.65095871,-2.5167731900000003,418.6908513563852,0.23685336555555578,45,True,1514.419,False,-22.64448622,-2.5160540244444447,418.6908513563852,0.0,1,False,20.562,False
E3-cod-1010052-S5,E3,complete,,Rb2SnI6,9,520.0,125,cod-1010052,experimental,S5,-20.70206079,-2.300228976666667,390.2239997482446,0.16235684000000028,41,True,700.743,False,-21.33122361,-2.3701359566666667,476.06559499363544,0.06990752111111102,50,True,975.273,False,-21.33627309,-2.3706970099999998,476.06559499363544,0.0,1,False,26.233,False
E3-cod-1010053-P0,E3,complete,,Cs2SnI6,9,520.0,125,cod-1010053,experimental,P0,-22.8600978,-2.5400108666666665,393.2594374386805,0.00446410555555548,4,True,79.778,False,-22.98353468,-2.5537260755555558,438.39898367455817,0.013715230000000153,8,True,151.827,False,-22.98638992,-2.5540433244444447,438.39898367455817,0.0,1,False,10.059,False
E3-cod-1010053-S1,E3,complete,,Cs2SnI6,9,520.0,150,cod-1010053,experimental,S1,-17.0340331,-1.8926703444444444,291.80051186896486,0.4481151711111109,53,True,626.217,False,-22.95713777,-2.5507930855555556,438.6375555375321,0.6581226066666667,54,True,782.497,False,-22.98351265,-2.553723627777778,438.6375555375321,0.0,1,False,26.356,False
E3-cod-1010053-S2,E3,complete,,Cs2SnI6,9,520.0,125,cod-1010053,experimental,S2,-16.65842843,-1.8509364922222222,393.2594374386805,0.4048862466666667,5,True,101.732,False,-16.97051073,-1.8856123033333334,451.1650470235377,2.105888888890048e-05,3,True,55.626,False,-16.96797567,-1.8853306300000001,451.1650470235377,0.0,1,False,14.561,False
E3-cod-1010053-S3,E3,complete,,Cs2SnI6,9,520.0,125,cod-1010053,experimental,S3,-22.8591514,-2.539905711111111,393.2594374386805,1.4797965988888886,40,True,703.83,False,-22.98390155,-2.5537668388888886,436.47120880070037,0.013861170000000003,9,True,169.117,False,-22.98662681,-2.554069645555556,436.47120880070037,0.0,1,False,33.109,False
E3-cod-1010053-S4,E3,complete,,Cs2SnI6,9,520.0,64,cod-1010053,experimental,S4,-21.90799168,-2.4342212977777775,707.1340028276295,0.24468410888888867,7,True,186.314,False,-22.99183123,-2.5546479144444443,437.91719174339033,0.12042664,17,True,505.206,False,-22.9857345,-2.5539705,437.91719174339033,0.0,1,False,9.22,False
E3-cod-1010053-S5,E3,complete,,Cs2SnI6,9,520.0,125,cod-1010053,experimental,S5,-20.93217812,-2.325797568888889,393.2594374386805,0.18132590444444455,25,True,460.572,False,-21.63012754,-2.4033475044444446,530.5577629691978,0.07754863777777782,75,True,1433.14,False,-21.65230179,-2.40581131,530.5577629691978,0.0,1,False,83.749,False
E3-cod-1010145-P0,E3,complete,,Cs2AgAuCl6,10,520.0,125,cod-1010145,experimental,P0,-29.10308144,-2.910308144,285.291530856256,0.008353463999999988,4,True,66.478,False,-29.10530908,-2.910530908,283.33889367112545,0.0002228139999999712,5,True,68.84,False,-29.13238772,-2.913238772,283.33889367112545,0.0,1,False,8.282,False
E3-cod-1010145-S1,E3,complete,,Cs2AgAuCl6,10,520.0,175,cod-1010145,experimental,S1,-22.54083447,-2.254083447,207.72859769072616,0.2776716799999999,49,True,592.56,False,-29.62976019,-2.962976019,318.19694932809307,0.7088926729999997,62,True,806.92,False,-29.71977349,-2.9719773490000003,318.19694932809307,0.0,1,False,25.803,False
E3-cod-1010145-S2,E3,complete,,Cs2AgAuCl6,10,520.0,125,cod-1010145,experimental,S2,-29.10309411,-2.910309411,285.291530856256,0.03776800199999997,6,True,99.108,False,-29.10549024,-2.9105490240000003,282.58207361962684,0.00023964700000007612,3,True,48.002,False,-29.13244671,-2.913244671,282.58207361962684,0.0,1,False,8.303,False
E3-cod-1010145-S3,E3,complete,,Cs2AgAuCl6,10,520.0,125,cod-1010145,experimental,S3,-29.4236315,-2.94236315,285.291530856256,1.234375262,45,True,597.285,False,-29.71401677,-2.9714016770000002,319.48168613301067,0.02903856100000013,11,True,164.784,False,-29.72799676,-2.972799676,319.48168613301067,0.0,1,False,30.11,False
E3-cod-1010145-S4,E3,complete,,Cs2AgAuCl6,10,520.0,64,cod-1010145,experimental,S4,-23.92512891,-2.392512891,626.0732158122067,0.24905120099999997,9,True,274.238,False,-29.15960116,-2.915960116,282.95813215205186,0.5234471680000002,27,True,733.773,False,-29.11660396,-2.911660396,282.95813215205186,0.0,1,False,27.104,False
E3-cod-1010145-S5,E3,complete,,Cs2AgAuCl6,10,520.0,125,cod-1010145,experimental,S5,-26.86254908,-2.686254908,285.291530856256,0.20876735900000015,34,True,425.278,False,-27.13956391,-2.713956391,328.17268103170653,0.02770149499999981,14,True,197.173,False,-27.15631743,-2.7156317430000003,328.17268103170653,0.0,1,False,14.542,False
E3-cod-1010173-P0,E3,complete,,K2SnCl6,9,520.0,125,cod-1010173,experimental,P0,-29.98752772,-3.3319475244444443,248.72716663270282,0.0003683722222219564,3,True,33.182,False,-30.0514025,-3.339044722222222,268.30223559856927,0.007097256666666298,7,True,92.195,False,-30.05939018,-3.3399322422222224,268.30223559856927,0.0,1,False,7.099,False
E3-cod-1010173-S1,E3,complete,,K2SnCl6,9,520.0,175,cod-1010173,experimental,S1,-25.06372489,-2.784858321111111,177.62342002841132,0.7352240522222222,48,True,492.554,False,-30.00613216,-3.3340146844444445,272.11828445948026,0.5491563366666665,73,True,756.1,False,-30.10334978,-3.344816642222222,272.11828445948026,0.0,1,False,26.161,False
E3-cod-1010173-S2,E3,complete,,K2SnCl6,9,520.0,125,cod-1010173,experimental,S2,-22.64068456,-2.5156316177777778,248.72716663270282,0.23066405111111107,5,True,70.49,False,-22.67998018,-2.519997797777778,261.42888372967445,0.0043665011111113155,7,True,82.518,False,-22.68113947,-2.5201266077777777,261.42888372967445,0.0,1,False,7.237,False
E3-cod-1010173-S3,E3,complete,,K2SnCl6,9,520.0,125,cod-1010173,experimental,S3,-30.02431425,-3.3360349166666667,248.72716663270282,3.2408549922222223,47,True,517.019,True,-30.112049,-3.345783222222222,272.12095288303766,0.009748305555555467,23,True,245.084,False,-30.12164472,-3.346849413333333,272.12095288303766,0.0,1,False,19.97,False
E3-cod-1010173-S4,E3,complete,,K2SnCl6,9,520.0,125,cod-1010173,experimental,S4,-28.77975273,-3.197750303333333,452.8422315249254,0.37470580555555544,7,True,164.75,False,-30.07258066,-3.341397851111111,269.70902270339514,0.14364754888888875,19,True,446.051,False,-30.05965694,-3.339961882222222,269.70902270339514,0.0,1,False,8.609,False
E3-cod-1010173-S5,E3,complete,,K2SnCl6,9,520.0,125,cod-1010173,experimental,S5,-27.01334618,-3.001482908888889,248.72716663270282,0.32347930999999974,38,True,392.688,False,-28.27757751,-3.141953056666667,356.65431022444943,0.1404707433333334,51,True,556.013,False,-28.32321548,-3.1470239422222224,356.65431022444943,0.0,1,False,25.209,False
E3-cod-1010175-P0,E3,complete,,Rb2SnCl6,9,520.0,125,cod-1010175,experimental,P0,-30.01991533,-3.335546147777778,257.49874972826666,0.005480679999999991,3,True,40.191,False,-30.11608797,-3.3462319966666665,283.41615397531535,0.010685868888888846,9,True,108.287,False,-30.12538822,-3.347265357777778,283.41615397531535,0.0,1,False,7.558,False
E3-cod-1010175-S1,E3,complete,,Rb2SnCl6,9,520.0,175,cod-1010175,experimental,S1,-26.35858516,-2.9287316844444446,200.82775184207625,0.3007139822222224,43,True,412.277,False,-30.07435113,-3.34159457,285.04089623373005,0.4128629033333332,69,True,709.521,False,-30.12461568,-3.34717952,285.04089623373005,0.0,1,False,26.538,False
E3-cod-1010175-S2,E3,complete,,Rb2SnCl6,9,520.0,125,cod-1010175,experimental,S2,-21.94240184,-2.438044648888889,257.49874972826666,0.4208124511111109,5,True,70.906,False,-22.05608582,-2.450676202222222,280.10636177140077,0.012631139999999874,17,True,145.983,False,-22.05723512,-2.4508039022222223,280.10636177140077,0.0,1,False,17.32,False
E3-cod-1010175-S3,E3,complete,,Rb2SnCl6,9,520.0,125,cod-1010175,experimental,S3,-26.17740455,-2.9086005055555555,257.49874972826666,7.2272135411111105,90,True,990.482,True,-27.59184694,-3.065760771111111,330.1039443050692,0.15716027444444455,157,True,1628.47,False,-27.68722679,-3.076358532222222,330.1039443050692,0.0,1,False,28.884,False
E3-cod-1010175-S4,E3,complete,,Rb2SnCl6,9,520.0,64,cod-1010175,experimental,S4,-27.69571203,-3.0773013366666664,673.3876059407243,0.6610878188888888,11,True,371.973,False,-30.12529588,-3.3472550977777775,287.28458183027567,0.00012616444444428035,3,True,25.946,False,-30.12513833,-3.347237592222222,287.28458183027567,0.0,1,False,8.052,False
E3-cod-1010175-S5,E3,complete,,Rb2SnCl6,9,520.0,125,cod-1010175,experimental,S5,-26.97635646,-2.99737294,257.49874972826666,0.3769148111111112,29,True,317.636,False,-28.25276373,-3.1391959700000003,365.23448013545703,0.14182336333333367,59,True,622.972,False,-28.29498982,-3.1438877577777777,365.23448013545703,0.0,1,False,34.852,False
E3-cod-1010177-P0,E3,complete,,Tl2SnCl6,9,520.0,125,cod-1010177,experimental,P0,-28.48267824,-3.1647420266666666,247.75674341553872,0.017580189999999933,4,True,53.172,False,-28.56703619,-3.174115132222222,269.3760035734544,0.009373095555555643,10,True,118.521,False,-28.57685403,-3.1752060033333334,269.3760035734544,0.0,1,False,7.714,False
E3-cod-1010177-S1,E3,complete,,Tl2SnCl6,9,520.0,175,cod-1010177,experimental,S1,-22.94844059,-2.5498267322222223,177.64185803122544,0.9157151711111111,59,True,641.636,False,-28.46723479,-3.163026087777778,278.89897823001365,0.6131993477777777,92,True,960.456,False,-28.57750123,-3.1752779144444445,278.89897823001365,0.0,1,False,21.279,False
E3-cod-1010177-S2,E3,complete,,Tl2SnCl6,9,520.0,125,cod-1010177,experimental,S2,-25.41599491,-2.823999434444444,247.75674341553872,0.13897954888888878,4,True,58.09,False,-25.41680332,-2.8240892577777776,249.24932766073152,8.995222222236205e-05,6,True,64.142,False,-25.41738187,-2.824153541111111,249.24932766073152,0.0,1,False,7.283,False
E3-cod-1010177-S3,E3,complete,,Tl2SnCl6,9,520.0,125,cod-1010177,experimental,S3,-25.34781978,-2.8164244199999997,247.75674341553872,3.0665695355555553,147,True,1742.376,True,-26.19167599,-2.910186221111111,366.7263033107218,0.0937618177777778,125,True,1380.939,False,-26.26837424,-2.9187082488888887,366.7263033107218,0.0,1,False,39.982,False
E3-cod-1010177-S4,E3,complete,,Tl2SnCl6,9,520.0,64,cod-1010177,experimental,S4,-26.27037394,-2.9189304377777776,581.8182576039676,0.5440755466666667,10,True,243.564,False,-28.59848934,-3.177609926666667,271.2580517591013,0.25867949555555547,17,True,366.94,False,-28.57708061,-3.1752311788888887,271.2580517591013,0.0,1,False,14.403,False
E3-cod-1010177-S5,E3,complete,,Tl2SnCl6,9,520.0,125,cod-1010177,experimental,S5,-25.90041632,-2.8778240355555558,247.75674341553872,0.31424496666666674,55,True,599.782,False,-27.57417814,-3.0637975711111114,361.513934093648,0.18597368000000003,154,True,1722.497,False,-27.63470292,-3.0705225466666666,361.513934093648,0.0,1,False,29.343,False
E3-cod-1010179-P0,E3,complete,,Rb2PbCl6,9,520.0,125,cod-1010179,experimental,P0,-28.07178904,-3.119087671111111,264.91204075607675,0.0097940755555553,4,True,49.271,False,-28.17988638,-3.1310984866666667,292.45156160002654,0.012010814444444406,7,True,89.333,False,-28.1898021,-3.1322002333333336,292.45156160002654,0.0,1,False,7.391,False
E3-cod-1010179-S1,E3,complete,,Rb2PbCl6,9,520.0,175,cod-1010179,experimental,S1,-23.02054665,-2.5578385166666666,194.14227276215402,0.5751371055555556,78,True,797.23,False,-28.10408906,-3.1226765622222223,293.16948579522636,0.5648380511111112,80,True,827.794,False,-28.19148128,-3.132386808888889,293.16948579522636,0.0,1,False,18.131,False
E3-cod-1010179-S2,E3,complete,,Rb2PbCl6,9,520.0,125,cod-1010179,experimental,S2,-22.49640505,-2.499600561111111,264.91204075607675,0.28054281000000003,5,True,73.18,False,-22.56006356,-2.506673728888889,282.4604397240485,0.0070729522222221265,11,True,97.306,False,-22.55879092,-2.5065323244444446,282.4604397240485,0.0,1,False,31.186,False
E3-cod-1010179-S3,E3,complete,,Rb2PbCl6,9,520.0,125,cod-1010179,experimental,S3,-28.07172967,-3.1190810744444444,264.91204075607675,0.5807345566666666,29,True,332.967,False,-28.18469246,-3.1316324955555555,293.9846854387332,0.012551451111111334,9,True,109.851,False,-28.19522012,-3.1328022355555554,293.9846854387332,0.0,1,False,20.945,False
E3-cod-1010179-S4,E3,complete,,Rb2PbCl6,9,520.0,64,cod-1010179,experimental,S4,-26.16098624,-2.906776248888889,629.7966701383565,0.4332771177777776,10,True,267.605,False,-28.20583226,-3.1339813622222223,296.07267320492485,0.22720515666666685,30,True,688.657,False,-28.19024428,-3.1322493644444447,296.07267320492485,0.0,1,False,14.37,False
E3-cod-1010179-S5,E3,complete,,Rb2PbCl6,9,520.0,125,cod-1010179,experimental,S5,-25.50608946,-2.8340099399999996,264.91204075607675,0.3456868255555554,29,True,351.174,False,-26.4616539,-2.940183766666667,354.6203336633249,0.1061752700000002,56,True,665.31,False,-26.49517016,-2.9439077955555555,354.6203336633249,0.0,1,False,21.277,False
E3-cod-1010180-P0,E3,complete,,Cs2PbCl6,9,520.0,125,cod-1010180,experimental,P0,-28.27768453,-3.141964947777778,282.5159174972951,0.01214780111111106,4,True,52.943,False,-28.41016259,-3.1566847322222222,317.3877352290866,0.014719816666666614,9,True,109.009,False,-28.42276544,-3.1580850488888887,317.3877352290866,0.0,1,False,8.798,False
E3-cod-1010180-S1,E3,complete,,Cs2PbCl6,9,520.0,175,cod-1010180,experimental,S1,-24.46597538,-2.718441708888889,221.4705359792017,0.2764418944444446,31,True,364.511,False,-28.36594256,-3.1517713955555555,315.3989632350718,0.4333297444444446,64,True,751.608,False,-28.41745099,-3.1574945544444444,315.3989632350718,0.0,1,False,20.472,False
E3-cod-1010180-S2,E3,complete,,Cs2PbCl6,9,520.0,125,cod-1010180,experimental,S2,-22.17132608,-2.4634806755555556,282.5159174972951,0.4805606544444443,5,True,82.875,False,-22.24305454,-2.4714505044444444,302.11565333991666,0.007969761111110942,6,True,77.262,False,-22.2494969,-2.4721663222222223,302.11565333991666,0.0,1,False,18.958,False
E3-cod-1010180-S3,E3,complete,,Cs2PbCl6,9,520.0,125,cod-1010180,experimental,S3,-28.2776696,-3.141963288888889,282.5159174972951,0.6504415711111109,43,True,491.355,False,-28.41017536,-3.1566861511111113,317.38588879876437,0.01472289555555564,9,True,109.024,False,-28.42280454,-3.1580893933333334,317.38588879876437,0.0,1,False,24.316,False
E3-cod-1010180-S4,E3,complete,,Cs2PbCl6,9,520.0,64,cod-1010180,experimental,S4,-26.43409106,-2.937121228888889,688.3199447584759,0.4442593766666667,11,True,394.209,False,-28.44049125,-3.1600545833333333,320.25994254182194,0.22293335111111132,45,True,1144.346,False,-28.42312817,-3.158125352222222,320.25994254182194,0.0,1,False,16.2,False
E3-cod-1010180-S5,E3,complete,,Cs2PbCl6,9,520.0,125,cod-1010180,experimental,S5,-28.27771423,-3.1419682477777777,282.5159174972951,0.7838065911111111,49,True,668.061,False,-28.41016976,-3.1566855288888886,317.39028946424776,0.014717306666666572,9,True,108.292,False,-28.42283065,-3.1580922944444447,317.39028946424776,0.0,1,False,11.076,False
E3-cod-1010182-P0,E3,complete,,Rb2PtCl6,9,520.0,216,cod-1010182,experimental,P0,-30.07731694,-3.3419241044444443,241.40053026841707,0.0014523611111110471,3,True,57.33,False,-30.18345289,-3.353716987777778,266.7186725156469,0.011792907777778083,10,True,180.614,False,-30.19361746,-3.3548463844444445,266.7186725156469,0.0,1,False,9.012,False
E3-cod-1010182-S1,E3,complete,,Rb2PtCl6,9,520.0,216,cod-1010182,experimental,S1,-28.39008533,-3.154453925555556,204.64089919206575,0.13324154222222223,28,True,315.782,False,-30.15884028,-3.350982253333333,267.05345406820163,0.1965283366666668,31,True,404.165,False,-30.19043345,-3.3544926055555555,267.05345406820163,0.0,1,False,21.219,False
E3-cod-1010182-S2,E3,complete,,Rb2PtCl6,9,520.0,216,cod-1010182,experimental,S2,-18.15343688,-2.017048542222222,241.40053026841707,0.6403394411111112,5,True,200.982,False,-18.41696494,-2.0463294377777776,275.76551058402896,0.02928116888888886,4,True,113.618,False,-18.41240182,-2.0458224244444443,275.76551058402896,0.0,1,False,13.097,False
E3-cod-1010182-S3,E3,complete,,Rb2PtCl6,9,520.0,216,cod-1010182,experimental,S3,-26.78946389,-2.976607098888889,241.40053026841707,7.123058181111111,95,True,1549.83,True,-27.91806015,-3.1020066833333333,300.8310561296705,0.12539957999999984,89,True,1330.728,False,-27.94377829,-3.1048642544444447,300.8310561296705,0.0,1,False,38.142,False
E3-cod-1010182-S4,E3,complete,,Rb2PtCl6,9,520.0,64,cod-1010182,experimental,S4,-28.71239176,-3.190265751111111,476.39774958993775,0.5574287400000001,6,True,126.194,False,-30.20705726,-3.3563396955555556,268.24989679203435,0.16607392444444435,17,True,316.404,False,-30.19410016,-3.354900017777778,268.24989679203435,0.0,1,False,7.221,False
E3-cod-1010182-S5,E3,complete,,Rb2PtCl6,9,520.0,216,cod-1010182,experimental,S5,-26.44094821,-2.9378831344444443,241.40053026841707,0.2393898088888887,27,True,465.761,True,-27.36144562,-3.040160624444445,306.25728786547745,0.10227629111111132,71,True,1334.416,False,-27.39628536,-3.044031706666667,306.25728786547745,0.0,1,False,51.344,False
E3-cod-1010193-P0,E3,complete,,Rb2TiCl6,9,520.0,125,cod-1010193,experimental,P0,-36.92779688,-4.103088542222222,244.1955110557503,0.002183270000000132,3,True,86.719,False,-37.01942464,-4.113269404444444,268.3159999088751,0.010180953333333144,10,True,267.963,False,-37.02877005,-4.1143077833333335,268.3159999088751,0.0,1,False,16.283,False
E3-cod-1010193-S1,E3,complete,,Rb2TiCl6,9,520.0,200,cod-1010193,experimental,S1,-31.26807019,-3.474230021111111,173.7347111422033,0.8531113233333332,39,True,1059.907,False,-36.79214352,-4.088015946666667,272.15144482187844,0.6137859266666672,32,True,857.432,False,-36.84629605,-4.094032894444444,272.15144482187844,0.0,1,False,70.439,False
E3-cod-1010193-S2,E3,complete,,Rb2TiCl6,9,520.0,125,cod-1010193,experimental,S2,-35.88692835,-3.987436483333333,244.1955110557503,1.9895839788888887,122,True,5691.692,False,-36.60666007,-4.067406674444444,348.60599869233414,0.07997022444444389,48,True,1161.895,False,-36.65222943,-4.072469936666667,348.60599869233414,0.0,1,False,63.574,False
E3-cod-1010193-S3,E3,complete,,Rb2TiCl6,9,520.0,125,cod-1010193,experimental,S3,-36.92757365,-4.103063738888888,244.1955110557503,0.375127024444444,36,True,842.211,False,-37.0193585,-4.1132620555555555,268.34184369047756,0.010198326666667078,10,True,267.429,False,-37.02869392,-4.114299324444445,268.34184369047756,0.0,1,False,47.375,False
E3-cod-1010193-S4,E3,complete,,Rb2TiCl6,9,520.0,64,cod-1010193,experimental,S4,-35.23579224,-3.915088026666667,533.7294388877863,0.6733906833333335,7,True,385.721,False,-37.0419994,-4.115777711111111,267.81082076851214,0.20068972555555575,10,True,477.724,False,-37.02835108,-4.1142612311111115,267.81082076851214,0.0,1,False,14.719,False
E3-cod-1010193-S5,E3,complete,,Rb2TiCl6,9,520.0,125,cod-1010193,experimental,S5,-34.19948858,-3.7999431755555557,244.1955110557503,0.31487176555555546,36,True,843.152,False,-35.3983445,-3.933149388888889,320.5455822678292,0.13320622555555575,59,True,1481.439,False,-35.4318002,-3.936866688888889,320.5455822678292,0.0,1,False,38.668,False
E3-cod-1010194-P0,E3,complete,,Cs2TiCl6,9,520.0,125,cod-1010194,experimental,P0,-37.09271981,-4.121413312222222,266.78733370309317,0.0003302411111110675,3,True,85.213,False,-37.19542696,-4.132825217777778,295.96899694136806,0.011411935555555728,9,True,240.233,False,-37.20641081,-4.134045645555556,295.96899694136806,0.0,1,False,16.014,False
E3-cod-1010194-S1,E3,complete,,Cs2TiCl6,9,520.0,175,cod-1010194,experimental,S1,-33.29014538,-3.698905042222222,205.62088040894093,0.36452018333333314,26,True,662.499,False,-37.15426913,-4.128252125555556,294.8941786778292,0.42934711111111157,81,True,1993.506,False,-37.20438307,-4.133820341111111,294.8941786778292,0.0,1,False,41.99,False
E3-cod-1010194-S2,E3,complete,,Cs2TiCl6,9,520.0,125,cod-1010194,experimental,S2,-24.00993716,-2.6677707955555556,266.78733370309317,1.026436728888889,6,True,981.932,False,-37.1460606,-4.127340066666666,294.2118159629775,1.4595943788888885,158,True,9891.645,False,-37.19674183,-4.132971314444444,294.2118159629775,0.0,1,False,67.814,False
E3-cod-1010194-S3,E3,complete,,Cs2TiCl6,9,520.0,125,cod-1010194,experimental,S3,-37.0927125,-4.1214125,266.78733370309317,0.3777992177777776,32,True,844.338,False,-37.19543712,-4.132826346666667,295.97524091948003,0.011413883333333609,9,True,240.205,False,-37.20644358,-4.1340492866666665,295.97524091948003,0.0,1,False,47.951,False
E3-cod-1010194-S4,E3,complete,,Cs2TiCl6,9,520.0,64,cod-1010194,experimental,S4,-35.90306293,-3.9892292144444443,518.474544114998,0.5515007044444443,7,True,350.156,False,-37.21916471,-4.1354627455555555,296.4567990631328,0.14623361444444466,16,True,620.667,False,-37.20656446,-4.134062717777778,296.4567990631328,0.0,1,False,14.871,False
E3-cod-1010194-S5,E3,complete,,Cs2TiCl6,9,520.0,125,cod-1010194,experimental,S5,-34.47975639,-3.831084043333333,266.78733370309317,0.37027767222222213,34,True,805.565,False,-35.59026909,-3.954474343333333,346.7580093130034,0.12339035555555553,57,True,1418.824,False,-35.62392957,-3.958214396666667,346.7580093130034,0.0,1,False,78.769,False
E3-cod-1010195-P0,E3,complete,,Rb2ZrCl6,9,520.0,125,cod-1010195,experimental,P0,-39.13540727,-4.3483785855555555,263.5890400570303,0.004344385555555953,3,True,37.382,False,-39.19713373,-4.3552370811111105,285.0016499049247,0.006858516666666346,10,True,115.682,False,-39.20473068,-4.356081186666667,285.0016499049247,0.0,1,False,7.502,False
E3-cod-1010195-S1,E3,complete,,Rb2ZrCl6,9,520.0,175,cod-1010195,experimental,S1,-35.94774883,-3.9941943144444445,205.53208266028065,0.3272465100000004,39,True,384.011,False,-39.15711948,-4.350791053333333,288.36064051327946,0.35659674444444456,92,True,906.372,False,-39.20915666,-4.356572962222222,288.36064051327946,0.0,1,False,27.138,False
E3-cod-1010195-S2,E3,complete,,Rb2ZrCl6,9,520.0,125,cod-1010195,experimental,S2,-26.0299749,-2.892219433333333,263.5890400570303,0.4895991455555553,5,True,94.542,False,-26.06323927,-2.8959154744444446,253.36793655685284,0.003693063333333413,7,True,92.557,False,-26.06291626,-2.8958795844444447,253.36793655685284,0.0,1,False,10.115,False
E3-cod-1010195-S3,E3,complete,,Rb2ZrCl6,9,520.0,125,cod-1010195,experimental,S3,-39.13445836,-4.348273151111112,263.5890400570303,0.8973591655555558,51,True,494.131,False,-39.19865812,-4.355406457777778,285.49527039361396,0.007133321111110844,10,True,116.079,False,-39.20644555,-4.356271727777777,285.49527039361396,0.0,1,False,20.71,False
E3-cod-1010195-S4,E3,complete,,Rb2ZrCl6,9,520.0,64,cod-1010195,experimental,S4,-37.74073468,-4.193414964444445,522.9582343168017,0.6223816666666669,7,True,147.897,False,-39.21896696,-4.357662995555556,286.7073232365354,0.16424800888888946,19,True,340.797,False,-39.20509991,-4.356122212222222,286.7073232365354,0.0,1,False,6.995,False
E3-cod-1010195-S5,E3,complete,,Rb2ZrCl6,9,520.0,125,cod-1010195,experimental,S5,-36.24642674,-4.027380748888889,263.5890400570303,0.3698036288888886,40,True,391.428,False,-37.39495534,-4.154995037777778,359.50751374657915,0.1276143755555555,64,True,661.299,False,-37.43624522,-4.159582802222222,359.50751374657915,0.0,1,False,36.081,False
E3-cod-1010285-P0,E3,complete,,Cs2SiF6,9,520.0,216,cod-1010285,experimental,P0,-46.33126914,-5.147918793333334,175.64884185195902,0.13737694111111173,5,True,50.933,False,-46.36156684,-5.151285204444445,184.77674142888122,0.0033663800000004094,6,True,60.644,False,-46.37766236,-5.153073595555556,184.77674142888122,0.0,1,False,5.872,False
E3-cod-1010285-S1,E3,complete,,Cs2SiF6,9,520.0,252,cod-1010285,experimental,S1,-45.41452307,-5.046058118888889,147.41396619631405,0.14577807222222264,21,True,172.341,False,-46.09900696,-5.122111884444444,175.3339891665824,0.07605365111111063,27,True,218.273,False,-46.24862264,-5.138735848888889,175.3339891665824,0.0,1,False,14.575,False
E3-cod-1010285-S2,E3,complete,,Cs2SiF6,9,520.0,216,cod-1010285,experimental,S2,-27.18441119,-3.020490132222222,175.64884185195902,1.3527125577777777,6,True,94.216,False,-27.18723528,-3.02080392,173.45510150325507,0.00031364777777772207,6,True,66.7,False,-27.18041943,-3.0200466033333333,173.45510150325507,0.0,1,False,19.96,False
E3-cod-1010285-S3,E3,complete,,Cs2SiF6,9,520.0,216,cod-1010285,experimental,S3,-46.33127935,-5.147919927777778,175.64884185195902,4.115229697777778,114,True,1230.988,True,-46.36161076,-5.151290084444444,184.78066622778854,0.003370144444444476,6,True,60.689,False,-46.37771266,-5.153079184444445,184.78066622778854,0.0,1,False,17.008,False
E3-cod-1010285-S4,E3,complete,,Cs2SiF6,9,520.0,125,cod-1010285,experimental,S4,-44.98863259,-4.998736954444444,317.2259420817142,0.943666686666667,9,True,142.281,False,-46.55212927,-5.172458807777778,185.84846111939595,0.17372185333333334,14,True,196.22,False,-46.37989925,-5.153322138888889,185.84846111939595,0.0,1,False,6.136,False
E3-cod-1010285-S5,E3,complete,,Cs2SiF6,9,520.0,216,cod-1010285,experimental,S5,-46.33131663,-5.14792407,175.64884185195902,2.2914066188888893,73,True,916.647,False,-46.3616465,-5.151294055555556,184.7900483065479,0.003369964444444583,6,True,60.477,False,-46.37775784,-5.153084204444444,184.7900483065479,0.0,1,False,16.748,False
E3-cod-1010286-P0,E3,complete,,Cs2GeF6,9,520.0,216,cod-1010286,experimental,P0,-41.94641547,-4.66071283,181.64317450422777,0.012200829999999977,3,True,39.78,False,-41.97970066,-4.664411184444444,191.68347103321514,0.003698361111110968,7,True,88.717,False,-41.99781114,-4.666423460000001,191.68347103321514,0.0,1,False,6.474,False
E3-cod-1010286-S1,E3,complete,,Cs2GeF6,9,520.0,252,cod-1010286,experimental,S1,-40.89970509,-4.544411676666666,150.95728613344295,0.3056863511111108,23,True,219.794,False,-41.68045029,-4.631161143333333,180.80243455853724,0.0867494466666672,33,True,329.587,False,-41.84843511,-4.649826123333333,180.80243455853724,0.0,1,False,17.023,False
E3-cod-1010286-S2,E3,complete,,Cs2GeF6,9,520.0,216,cod-1010286,experimental,S2,-27.69427034,-3.077141148888889,181.64317450422777,1.887918737777778,6,True,95.382,False,-27.71519316,-3.0794659066666665,175.13454038699828,0.0023246977777774524,8,True,97.544,False,-27.70270188,-3.0780779866666665,175.13454038699828,0.0,1,False,6.741,False
E3-cod-1010286-S3,E3,complete,,Cs2GeF6,9,520.0,216,cod-1010286,experimental,S3,-41.94623608,-4.6606928977777775,181.64317450422777,6.306646300000001,122,True,1538.857,True,-41.9796357,-4.664403966666667,191.73726901642152,0.0037110700000005815,6,True,74.426,False,-41.99789659,-4.666432954444445,191.73726901642152,0.0,1,False,20.293,False
E3-cod-1010286-S4,E3,complete,,Cs2GeF6,9,520.0,125,cod-1010286,experimental,S4,-40.62731084,-4.5141456488888885,333.1251957154382,0.42665393111111094,6,True,119.023,False,-42.17167264,-4.685741404444444,193.11199673094342,0.17159574888888882,14,True,252.264,False,-42.00075887,-4.666750985555556,193.11199673094342,0.0,1,False,5.69,False
E3-cod-1010286-S5,E3,complete,,Cs2GeF6,9,520.0,216,cod-1010286,experimental,S5,-38.55007895,-4.283342105555556,181.64317450422777,1.6339540111111108,65,True,709.125,False,-39.34228356,-4.37136484,196.3878136817666,0.08802273333333312,44,True,472.643,False,-39.50614579,-4.389571754444444,196.3878136817666,0.0,1,False,24.581,False
E3-cod-1010888-P0,E3,complete,,K2PdCl6,9,520.0,216,cod-1010888,experimental,P0,-28.73108021,-3.1923422455555555,231.0026061250762,0.0417439077777774,4,True,72.905,False,-28.78080043,-3.1978667144444444,247.0644801064272,0.005524473333333428,9,True,163.883,False,-28.78777073,-3.198641192222222,247.0644801064272,0.0,1,False,8.964,False
E3-cod-1010888-S1,E3,complete,,K2PdCl6,9,520.0,288,cod-1010888,experimental,S1,-23.31756384,-2.5908404266666665,163.87406451215844,1.0525892533333332,51,True,704.598,False,-28.67081625,-3.18564625,244.27884055979075,0.594805871111111,75,True,1066.853,False,-28.77146719,-3.1968296877777775,244.27884055979075,0.0,1,False,26.672,False
E3-cod-1010888-S2,E3,complete,,K2PdCl6,9,520.0,216,cod-1010888,experimental,S2,-19.62809706,-2.1808996733333337,231.0026061250762,0.6946672666666669,5,True,199.211,False,-19.86450568,-2.2071672977777776,262.2724128651873,0.026267705555555427,4,True,130.052,False,-19.85844311,-2.2064936788888887,262.2724128651873,0.0,1,False,15.251,False
E3-cod-1010888-S3,E3,complete,,K2PdCl6,9,520.0,216,cod-1010888,experimental,S3,-28.73142799,-3.192380887777778,231.0026061250762,2.0271861555555555,70,True,1076.31,False,-28.78376123,-3.1981956922222223,247.51244191334524,0.005814821111111239,9,True,163.834,False,-28.79086121,-3.1989845788888887,247.51244191334524,0.0,1,False,32.053,False
E3-cod-1010888-S4,E3,complete,,K2PdCl6,9,520.0,125,cod-1010888,experimental,S4,-27.3088739,-3.0343193222222222,432.2256890573021,0.3011217333333332,7,True,163.982,False,-28.80368244,-3.20040916,247.24537057920605,0.16608985777777757,19,True,441.848,False,-28.78781758,-3.1986463977777775,247.24537057920605,0.0,1,False,9.374,False
E3-cod-1010888-S5,E3,complete,,K2PdCl6,9,520.0,216,cod-1010888,experimental,S5,-25.65763909,-2.8508487877777777,231.0026061250762,0.26557097,34,True,576.445,False,-26.38408637,-2.931565152222222,281.45923084903586,0.08071517444444412,62,True,1222.31,False,-26.41565193,-2.9350724366666667,281.45923084903586,0.0,1,False,38.524,False
E3-cod-1011311-P0,E3,complete,,K2OsCl6,9,520.0,216,cod-1011311,experimental,P0,-34.46737498,-3.8297083311111115,230.2208314542126,0.002778053333333869,3,True,60.816,False,-34.49679274,-3.8329769711111106,242.7509418318962,0.003268718888888442,7,True,129.948,False,-34.50274894,-3.8336387711111106,242.7509418318962,0.0,1,False,8.957,False
E3-cod-1011311-S1,E3,complete,,K2OsCl6,9,520.0,288,cod-1011311,experimental,S1,-29.4636766,-3.2737418444444444,164.71284626778186,0.6569570611111111,50,True,775.179,False,-34.39537765,-3.821708627777778,240.45853432706855,0.5479668611111114,114,True,1650.157,False,-34.48571405,-3.8317460055555554,240.45853432706855,0.0,1,False,36.302,False
E3-cod-1011311-S2,E3,complete,,K2OsCl6,9,520.0,216,cod-1011311,experimental,S2,-21.0569466,-2.3396607333333335,230.2208314542126,0.3857241466666667,4,True,114.34,False,-21.06369007,-2.340410007777778,234.66632619198697,0.0007494811111112338,3,True,80.196,False,-21.06353266,-2.3403925177777776,234.66632619198697,0.0,1,False,11.664,False
E3-cod-1011311-S3,E3,complete,,K2OsCl6,9,520.0,216,cod-1011311,experimental,S3,-34.46687179,-3.829652421111111,230.2208314542126,6.381937968888888,87,True,1357.259,True,-34.49644167,-3.832937963333334,243.35230883958258,0.0032855488888890883,9,True,156.759,False,-34.50259859,-3.8336220655555553,243.35230883958258,0.0,1,False,30.894,False
E3-cod-1011311-S4,E3,complete,,K2OsCl6,9,520.0,125,cod-1011311,experimental,S4,-33.0021027,-3.6669003,426.96799753255925,0.6228958833333336,7,True,180.062,False,-34.51536522,-3.83504058,244.9039149177036,0.1681401099999999,14,True,330.198,False,-34.50121468,-3.8334682977777774,244.9039149177036,0.0,1,False,19.708,False
E3-cod-1011311-S5,E3,complete,,K2OsCl6,9,520.0,216,cod-1011311,experimental,S5,-34.46736022,-3.8297066911111113,230.2208314542126,1.356612245555556,49,True,936.769,False,-34.49680144,-3.8329779377777777,242.6666863641849,0.0032712833333334856,8,True,141.914,False,-34.50270493,-3.833633881111111,242.6666863641849,0.0,1,False,11.144,False
E3-cod-1011312-P0,E3,complete,,K2OsBr6,9,520.0,125,cod-1011312,experimental,P0,-30.89821458,-3.4331349533333335,273.18175042518413,0.0012296533333334815,3,True,36.636,False,-30.92426632,-3.436029591111111,286.37505048219316,0.002894807777778002,7,True,89.739,False,-30.92675344,-3.4363059377777776,286.37505048219316,0.0,1,False,7.651,False
E3-cod-1011312-S1,E3,complete,,K2OsBr6,9,520.0,150,cod-1011312,experimental,S1,-29.27259289,-3.252510321111111,228.57842736061608,0.10005110333333336,58,True,552.753,False,-30.91252899,-3.434725443333333,287.90885215125417,0.18221508444444445,42,True,471.277,False,-30.92961681,-3.43662409,287.90885215125417,0.0,1,False,25.37,False
E3-cod-1011312-S2,E3,complete,,K2OsBr6,9,520.0,125,cod-1011312,experimental,S2,-18.86703399,-2.09633711,273.18175042518413,0.3402420033333333,4,True,74.693,False,-18.88611571,-2.098457301111111,283.2264375233819,0.0021202166666663106,4,True,74.461,False,-18.88958093,-2.0988423255555557,283.2264375233819,0.0,1,False,9.847,False
E3-cod-1011312-S3,E3,complete,,K2OsBr6,9,520.0,125,cod-1011312,experimental,S3,-30.89954107,-3.433282341111111,273.18175042518413,1.579073231111111,42,True,468.352,False,-30.92621204,-3.436245782222222,286.2836844226549,0.002963458888888937,9,True,104.818,False,-30.92954158,-3.436615731111111,286.2836844226549,0.0,1,False,27.377,False
E3-cod-1011312-S4,E3,complete,,K2OsBr6,9,520.0,64,cod-1011312,experimental,S4,-28.97297376,-3.2192193066666666,559.7008788670177,0.6929810355555553,9,True,204.599,False,-30.93453028,-3.437170031111111,287.2720792923678,0.2179506533333336,18,True,375.888,False,-30.92260993,-3.435845547777778,287.2720792923678,0.0,1,False,135.524,False
E3-cod-1011312-S5,E3,complete,,K2OsBr6,9,520.0,125,cod-1011312,experimental,S5,-27.90311697,-3.10034633,273.18175042518413,0.10577238777777767,38,True,416.709,False,-28.87358141,-3.2081757122222223,349.32885084528976,0.1078294644444446,99,True,1114.807,False,-28.90304145,-3.21144905,349.32885084528976,0.0,1,False,30.27,False
E3-cod-1100971-P0,E3,complete,,MnVCuO4,14,520.0,180,cod-1100971,experimental,P0,-106.53705354,-7.6097895385714285,163.34637944347043,0.014268820000000102,15,True,498.343,False,-106.55901622,-7.611358301428572,163.28702826560047,0.0015687478571432426,25,True,819.003,False,-106.55912042,-7.611365744285714,163.28702826560047,0.0,1,False,44.298,False
E3-cod-1100971-S1,E3,complete,,MnVCuO4,14,520.0,252,cod-1100971,experimental,S1,-97.31031903,-6.950737073571429,117.0412839617475,1.5472896471428572,23,True,2202.544,False,-104.00161141,-7.428686529285714,142.5873212295321,0.47555418999999993,17,True,1192.295,False,-104.47157501,-7.462255357857143,142.5873212295321,0.0,1,False,80.29,False
E3-cod-1100971-S2,E3,complete,,MnVCuO4,14,520.0,180,cod-1100971,experimental,S2,-104.88166686,-7.491547632857142,163.34637944347043,0.3165429799999992,34,True,1531.549,False,-104.97644657,-7.4983176121428565,159.98019466000198,0.006769789999999887,19,True,741.611,False,-104.9643795,-7.497455678571429,159.98019466000198,0.0,1,False,57.77,False
E3-cod-1100971-S3,E3,complete,,MnVCuO4,14,520.0,180,cod-1100971,experimental,S3,-104.55275108,-7.468053648571428,163.34637944347043,5.531886425714285,144,True,8050.014,True,-105.22452615,-7.516037582142857,171.4687123205834,0.06266512642857183,109,True,4348.961,False,-103.43517831,-7.388227022142857,171.4687123205834,0.0,1,False,752.346,False
E3-cod-1100971-S4,E3,complete,,MnVCuO4,14,520.0,100,cod-1100971,experimental,S4,-99.86805907,-7.133432790714286,336.00383414815974,1.1870665214285714,113,True,10536.615,False,-106.87123366,-7.633659547142857,163.75828137568516,0.5002267635714281,89,True,5100.794,False,-106.56007546,-7.611433961428571,163.75828137568516,0.0,1,False,61.084,False
E3-cod-1100971-S5,E3,complete,,MnVCuO4,14,520.0,180,cod-1100971,experimental,S5,-104.7646088,-7.4831863428571435,163.34637944347043,0.9640732035714288,168,True,7135.228,False,-104.91092998,-7.493637855714286,174.90816904578082,0.016577435714286333,38,True,1287.623,False,-104.95516205,-7.496797289285714,174.90816904578082,0.0,1,False,85.665,False
E3-cod-1501467-P0,E3,complete,,KTcO4,12,520.0,180,cod-1501467,experimental,P0,-84.04003995,-7.0033366625,203.92200606616413,0.0003585999999996166,3,True,42.796,False,-84.09554366,-7.007961971666667,216.76355018039982,0.004625345000000891,13,True,162.736,False,-84.11280294,-7.009400244999999,216.76355018039982,0.0,1,False,23.216,False
E3-cod-1501467-S1,E3,complete,,KTcO4,12,520.0,210,cod-1501467,experimental,S1,-81.64991842,-6.8041598683333335,161.95352318433146,0.3662263766666669,97,True,914.333,False,-83.62358821,-6.9686323508333325,203.35299952165278,0.1644725341666664,75,True,784.872,False,-83.89787358,-6.991489465,203.35299952165278,0.0,1,False,27.702,False
E3-cod-1501467-S2,E3,complete,,KTcO4,12,520.0,180,cod-1501467,experimental,S2,-84.03996461,-7.0033303841666665,203.92200606616413,2.3939679991666662,72,True,900.438,False,-84.09536677,-7.0079472308333335,216.72347768725064,0.004616854166666684,15,True,178.283,False,-84.11254062,-7.009378385000001,216.72347768725064,0.0,1,False,26.345,False
E3-cod-1501467-S3,E3,unconverged,stage relax_cell hit the ionic step limit,KTcO4,12,520.0,180,cod-1501467,experimental,S3,-79.40379733,-6.616983110833334,203.92200606616413,4.7390640500000005,200,False,2831.492,True,-80.14585578,-6.678821315,205.65980071494096,0.061838617500000005,200,False,2434.915,False,-80.22963081,-6.685802567500001,205.65980071494096,0.0,1,False,27.397,False
E3-cod-1501467-S4,E3,complete,,KTcO4,12,520.0,100,cod-1501467,experimental,S4,-82.5300899,-6.877507491666666,363.2628297089253,0.002403614999999822,53,True,611.966,False,-84.280075,-7.023339583333333,216.77586487438842,0.14583208749999935,70,True,1133.591,False,-84.11308595,-7.009423829166667,216.77586487438842,0.0,1,False,17.594,False
E3-cod-1501467-S5,E3,unconverged,stage relax_cell hit the ionic step limit,KTcO4,12,520.0,180,cod-1501467,experimental,S5,-82.98135068,-6.915112556666667,203.92200606616413,1.5650502625000005,200,False,2698.591,True,-84.0257247,-7.002143725,215.43977690876525,0.08703116749999988,200,False,2396.615,False,-84.04334814,-7.0036123450000005,215.43977690876525,0.0,1,False,26.586,False
E3-cod-1507759-P0,E3,complete,,MnNbF6,8,520.0,294,cod-1507759,experimental,P0,-51.49746486,-6.4371831075,120.5349866373377,0.017816325000000077,8,True,303.44,False,-51.53584803,-6.44198100375,127.82454395210299,0.004797437499999724,38,True,1498.029,False,-51.56243104,-6.44530388,127.82454395210299,0.0,1,False,74.829,False
E3-cod-1507759-S1,E3,complete,,MnNbF6,8,520.0,378,cod-1507759,experimental,S1,-50.39065749,-6.29883218625,96.05314866832286,0.3983837000000001,23,True,584.765,False,-51.19067155,-6.39883394375,112.31366844822614,0.10598522249999931,25,True,838.056,False,-51.35585808,-6.41948226,112.31366844822614,0.0,1,False,57.796,False
E3-cod-1507759-S2,E3,complete,,MnNbF6,8,520.0,294,cod-1507759,experimental,S2,-51.52709954,-6.4408874425,120.5349866373377,0.10840651375000032,13,True,582.817,False,-51.53605207,-6.44200650875,127.99705212295045,0.0052849699999999444,30,True,1298.805,False,-51.56306445,-6.44538305625,127.99705212295045,0.0,1,False,74.435,False
E3-cod-1507759-S3,E3,complete,,MnNbF6,8,520.0,294,cod-1507759,experimental,S3,-50.68383329,-6.33547916125,120.5349866373377,8.89805746875,95,True,2660.877,True,-50.81585514,-6.3519818925,133.399600093431,0.017644079999999285,38,True,899.695,False,-50.86429873,-6.35803734125,133.399600093431,0.0,1,False,47.906,False
E3-cod-1507759-S4,E3,complete,,MnNbF6,8,520.0,180,cod-1507759,experimental,S4,-49.03400432,-6.12925054,226.36187770169698,0.6883949987499998,58,True,1697.63,False,-49.53103965,-6.19137995625,126.53900378197137,0.062129357499999927,43,True,3806.329,False,-49.30577377,-6.16322172125,126.53900378197137,0.0,1,False,49.574,False
E3-cod-1507759-S5,E3,complete,,MnNbF6,8,520.0,294,cod-1507759,experimental,S5,-51.49799144,-6.43724893,120.5349866373377,1.2535083125000002,129,True,3976.619,False,-51.53604033,-6.44200504125,127.63039524702891,0.004758426249999559,34,True,1416.86,False,-51.56191917,-6.44523989625,127.63039524702891,0.0,1,False,73.368,False
E3-cod-1507767-P0,E3,complete,,NaAlF4,12,520.0,216,cod-1507767,experimental,P0,-64.37711941,-5.364759950833334,142.28979077197693,0.02069714333333413,12,True,90.665,False,-64.44568837,-5.370474030833333,148.77604631092427,0.005714048333333703,12,True,90.821,False,-64.46313167,-5.371927639166667,148.77604631092427,0.0,1,False,12.154,False
E3-cod-1507767-S1,E3,complete,,NaAlF4,12,520.0,270,cod-1507767,experimental,S1,-61.04597422,-5.087164518333333,112.13747483834283,0.27799890166666624,17,True,137.16,False,-63.61255674,-5.301046395,138.0943469804218,0.21388188166666686,25,True,200.922,False,-64.08995574,-5.3408296449999995,138.0943469804218,0.0,1,False,14.201,False
E3-cod-1507767-S2,E3,unconverged,stage relax_ions_fixed_cell hit the ionic step limit,NaAlF4,12,520.0,216,cod-1507767,experimental,S2,-63.70602506,-5.308835421666667,142.28979077197693,0.9173884558333333,200,False,1468.527,False,-63.8772336,-5.3231028,153.38144810706598,0.014267381666666523,26,True,178.17,False,-63.91546325,-5.326288604166667,153.38144810706598,0.0,1,False,17.14,False
E3-cod-1507767-S3,E3,complete,,NaAlF4,12,520.0,216,cod-1507767,experimental,S3,-64.37768092,-5.364806743333333,142.28979077197693,5.240058295833333,89,True,762.206,True,-64.44532841,-5.370444034166667,148.68316939430704,0.005637286666666815,42,True,272.859,False,-64.46249686,-5.371874738333333,148.68316939430704,0.0,1,False,16.331,False
E3-cod-1507767-S4,E3,unconverged,stage relax_cell hit the ionic step limit,NaAlF4,12,520.0,72,cod-1507767,experimental,S4,-62.65486622,-5.221238851666667,360.7977575402916,1.373716975,188,True,1785.877,False,-63.51012772,-5.292510643333333,213.80614042920342,0.07127176083333353,200,False,1700.941,False,-63.42679109,-5.285565924166667,213.80614042920342,0.0,1,False,9.944,False
E3-cod-1507767-S5,E3,unconverged,stage relax_ions_fixed_cell hit the ionic step limit,NaAlF4,12,520.0,216,cod-1507767,experimental,S5,-63.71951516,-5.309959596666666,142.28979077197693,2.523484814166667,200,False,1751.609,False,-64.07120321,-5.339266934166666,151.7396177941695,0.029307358333332683,132,True,871.794,False,-64.1853112,-5.348775933333333,151.7396177941695,0.0,1,False,16.425,False
E3-cod-1509200-P0,E3,complete,,AgAsSe2,4,520.0,405,cod-1509200,experimental,P0,-14.67810446,-3.669526115,90.1554202090297,0.014035097499999871,4,True,23.775,False,-14.70329891,-3.6758247275,87.31335189847654,0.006298787500000014,8,True,46.15,False,-14.70248677,-3.6756216925,87.31335189847654,0.0,1,False,7.498,False
E3-cod-1509200-S1,E3,complete,,AgAsSe2,4,520.0,486,cod-1509200,experimental,S1,-12.91825525,-3.2295638125,67.8350654421281,0.07737714499999981,6,True,32.807,False,-14.69258411,-3.6731460275,87.06472375421593,0.44358231000000004,13,True,74.211,False,-14.70208316,-3.67552079,87.06472375421593,0.0,1,False,7.897,False
E3-cod-1509200-S2,E3,complete,,AgAsSe2,4,520.0,405,cod-1509200,experimental,S2,-14.67810041,-3.6695251025,90.1554202090297,0.14568643999999997,6,True,38.223,False,-14.70329699,-3.6758242475,87.31302430050523,0.006299160000000192,8,True,46.385,False,-14.70248372,-3.67562093,87.31302430050523,0.0,1,False,7.704,False
E3-cod-1509200-S3,E3,complete,,AgAsSe2,4,520.0,405,cod-1509200,experimental,S3,-14.67852695,-3.6696317375,90.1554202090297,5.805337175,32,True,181.997,False,-14.70296717,-3.6757417925,87.38782940631687,0.006110117500000012,26,True,120.407,False,-14.70226309,-3.6755657725,87.38782940631687,0.0,1,False,11.228,False
E3-cod-1509200-S4,E3,complete,,AgAsSe2,4,520.0,196,cod-1509200,experimental,S4,-9.454112,-2.363528,238.0809482184804,0.5579885550000001,14,True,119.397,False,-14.46669041,-3.6166726025,107.56287987711372,1.2531444500000002,16,True,115.858,False,-14.4612067,-3.615301675,107.56287987711372,0.0,1,False,5.14,False
E3-cod-1509200-S5,E3,complete,,AgAsSe2,4,520.0,405,cod-1509200,experimental,S5,-13.89110661,-3.4727766525,90.1554202090297,0.05156164749999981,13,True,166.636,False,-13.92737907,-3.4818447675,86.33578018164116,0.009068100000000356,11,True,64.409,False,-13.91639218,-3.479098045,86.33578018164116,0.0,1,False,7.414,False
E3-cod-1509211-P0,E3,complete,,AgBF5,14,520.0,200,cod-1509211,experimental,P0,-66.44973888,-4.74640992,180.05384728289997,0.008220862142857348,16,True,259.944,False,-66.52050957,-4.751464969285714,190.00458047622524,0.005055051428571338,21,True,270.19,False,-66.57269704,-4.755192645714286,190.00458047622524,0.0,1,False,11.765,False
E3-cod-1509211-S1,E3,unconverged,stage relax_ions_fixed_cell hit the ionic step limit,AgBF5,14,520.0,250,cod-1509211,experimental,S1,-62.03044335,-4.430745953571429,137.81253323829034,1.175898849285714,200,False,2209.583,False,-64.264883,-4.590348785714285,171.7747447456067,0.15960296928571388,70,True,674.226,False,-64.65522529,-4.618230377857143,171.7747447456067,0.0,1,False,31.963,False
E3-cod-1509211-S2,E3,complete,,AgBF5,14,520.0,200,cod-1509211,experimental,S2,-65.36595392,-4.668996708571428,180.05384728289997,3.5270653785714283,81,True,982.345,False,-65.55455876,-4.682468482857144,189.6364234640383,0.013471662142857253,80,True,829.472,False,-65.60561719,-4.686115513571429,189.6364234640383,0.0,1,False,28.431,False
E3-cod-1509211-S3,E3,unconverged,stage relax_ions_fixed_cell hit the ionic step limit,AgBF5,14,520.0,200,cod-1509211,experimental,S3,-65.6351286,-4.6882234714285715,180.05384728289997,3.009445932142857,200,False,2792.021,True,-65.94119096,-4.710085068571429,197.90129911466278,0.021861517142857525,121,True,1311.189,False,-66.02899956,-4.716357111428572,197.90129911466278,0.0,1,False,27.774,False
E3-cod-1509211-S4,E3,complete,,AgBF5,14,520.0,96,cod-1509211,experimental,S4,-61.6158619,-4.401132992857143,427.1094824313167,0.9684489449999997,39,True,1060.226,False,-66.97021762,-4.783586972857143,202.38218368582918,0.38244328357142876,43,True,883.188,False,-66.56853325,-4.754895232142857,202.38218368582918,0.0,1,False,9.378,False
E3-cod-1509211-S5,E3,unconverged,stage relax_cell hit the ionic step limit,AgBF5,14,520.0,200,cod-1509211,experimental,S5,-64.78858308,-4.627755934285714,180.05384728289997,0.879635607142857,200,False,2575.987,True,-65.81351806,-4.700965575714286,189.94807608813178,0.07320951000000012,200,False,2417.832,False,-65.88728859,-4.706234899285714,189.94807608813178,0.0,1,False,26.917,False
E3-cod-1509226-P0,E3,complete,,BaYAgTe3,12,520.0,84,cod-1509226,experimental,P0,-56.07146747,-4.672622289166667,377.00570942156065,0.0010371749999998532,6,True,96.718,False,-56.18498873,-4.682082394166667,396.4503490229765,0.009460040833333258,11,True,214.575,False,-56.18638304,-4.682198586666667,396.4503490229765,0.0,1,False,26.422,False
E3-cod-1509226-S1,E3,complete,,BaYAgTe3,12,520.0,105,cod-1509226,experimental,S1,-49.32897377,-4.1107478141666665,294.9497192591466,0.12199237083333318,26,True,319.407,False,-56.15972521,-4.679977100833333,395.9511115953215,0.5692292733333334,31,True,515.428,False,-56.18666744,-4.682222286666667,395.9511115953215,0.0,1,False,29.99,False
E3-cod-1509226-S2,E3,complete,,BaYAgTe3,12,520.0,84,cod-1509226,experimental,S2,-51.80813201,-4.317344334166667,377.00570942156065,0.2826038133333337,58,True,957.338,False,-53.60182305,-4.4668185875,536.0093767581051,0.14947424083333338,39,True,791.903,False,-53.63047343,-4.4692061191666665,536.0093767581051,0.0,1,False,53.363,False
E3-cod-1509226-S3,E3,complete,,BaYAgTe3,12,520.0,84,cod-1509226,experimental,S3,-56.07116667,-4.672597222499999,377.00570942156065,2.165325425,30,True,550.977,True,-56.18467738,-4.682056448333333,396.4874140755819,0.00945915833333307,11,True,215.711,False,-56.18607449,-4.682172874166667,396.4874140755819,0.0,1,False,34.526,False
E3-cod-1509226-S4,E3,complete,,BaYAgTe3,12,520.0,72,cod-1509226,experimental,S4,-52.3456774,-4.362139783333333,689.2630123260968,0.5862784824999997,164,True,5319.714,False,-56.19710249,-4.683091874166666,396.6333508202587,0.32095208666666686,136,True,4738.702,False,-56.18384392,-4.681986993333333,396.6333508202587,0.0,1,False,30.993,False
E3-cod-1509226-S5,E3,complete,,BaYAgTe3,12,520.0,84,cod-1509226,experimental,S5,-55.17222739,-4.597685615833334,377.00570942156065,0.42008403583333376,42,True,725.277,False,-55.56525786,-4.630438155,406.0213710916011,0.032752515000000315,25,True,425.995,False,-55.56709264,-4.630591053333333,406.0213710916011,0.0,1,False,36.152,False
E3-cod-1509232-P0,E3,complete,,AlAgO2,8,520.0,432,cod-1509232,experimental,P0,-48.46619851,-6.05827481375,88.7489884155071,0.0,1,True,16.913,False,-48.4956296,-6.0619537,90.92457333023503,0.003678886250000346,5,True,44.522,False,-48.49827576,-6.06228447,90.92457333023503,0.0,1,False,6.706,False
E3-cod-1509232-S1,E3,complete,,AlAgO2,8,520.0,432,cod-1509232,experimental,S1,-42.52121409,-5.31515176125,74.06993901773089,0.09607589250000004,3,True,32.718,False,-48.34405472,-6.04300684,90.04887591426119,0.7278550787500002,10,True,88.0,False,-48.48580181,-6.06072522625,90.04887591426119,0.0,1,False,6.213,False
E3-cod-1509232-S2,E3,complete,,AlAgO2,8,520.0,432,cod-1509232,experimental,S2,-41.54127469,-5.19265933625,88.7489884155071,0.31301005375000024,18,True,177.532,False,-42.06163516,-5.257704395,99.62198367000191,0.06504509625000043,15,True,152.835,False,-42.07767657,-5.25970957125,99.62198367000191,0.0,1,False,8.883,False
E3-cod-1509232-S3,E3,complete,,AlAgO2,8,520.0,432,cod-1509232,experimental,S3,-48.46617392,-6.05827174,88.7489884155071,3.4500904475000005,154,True,1568.219,True,-48.49561809,-6.06195226125,90.92523695870827,0.003680507500000374,5,True,44.611,False,-48.49826652,-6.062283315,90.92523695870827,0.0,1,False,17.042,False
E3-cod-1509232-S4,E3,complete,,AlAgO2,8,520.0,162,cod-1509232,experimental,S4,-36.27012469,-4.53376558625,188.3232242264513,0.1457208187500001,6,True,52.447,False,-48.60872789,-6.07609098625,91.06320403293161,1.54232555875,17,True,157.628,False,-48.49807023,-6.06225877875,91.06320403293161,0.0,1,False,7.351,False
E3-cod-1509232-S5,E3,complete,,AlAgO2,8,520.0,432,cod-1509232,experimental,S5,-29.2769308,-3.65961635,88.7489884155071,1.0557042599999997,21,True,213.463,False,-31.65388397,-3.95673549625,105.48993199369535,0.2971194699999997,17,True,194.901,False,-31.75756441,-3.96969555125,105.48993199369535,0.0,1,False,25.962,False
E3-cod-1509271-P0,E3,complete,,CrAgSe2,4,520.0,500,cod-1509271,experimental,P0,-19.16356504,-4.79089126,83.45317169140682,0.16491342500000084,8,True,576.758,False,-20.0218194,-5.00545485,84.36917367109203,0.22022630499999973,14,True,611.383,False,-19.41546118,-4.853865295,84.36917367109203,0.0,1,False,154.966,False
E3-cod-1509271-S1,E3,complete,,CrAgSe2,4,520.0,650,cod-1509271,experimental,S1,-18.24602885,-4.5615072125,62.6804909278357,0.8120191999999995,41,True,801.35,False,-20.01908433,-5.0047710825,84.38422668250443,0.4432619399999993,117,True,2163.274,False,-19.41188275,-4.8529706875,84.38422668250443,0.0,1,False,114.306,False
E3-cod-1509271-S2,E3,complete,,CrAgSe2,4,520.0,500,cod-1509271,experimental,S2,-19.20742377,-4.8018559425,83.45317169140682,0.3326897649999996,13,True,211.342,False,-19.54159022,-4.885397555,97.30464206864848,0.08354171750000017,27,True,456.512,False,-19.55010529,-4.8875263225,97.30464206864848,0.0,1,False,24.582,False
E3-cod-1509271-S3,E3,complete,,CrAgSe2,4,520.0,500,cod-1509271,experimental,S3,-20.68405674,-5.171014185,83.45317169140682,5.939590347499999,65,True,2746.955,True,-20.70035114,-5.175087785,85.82861086944963,0.004073487499999473,10,True,159.601,False,-20.70090218,-5.175225545,85.82861086944963,0.0,1,False,34.0,False
E3-cod-1509271-S4,E3,complete,,CrAgSe2,4,520.0,147,cod-1509271,experimental,S4,-18.39259791,-4.5981494775,212.52731467706886,1.1540284174999997,91,True,1231.937,False,-18.98957653,-4.7473941325,199.63710684368775,0.14924417000000023,29,True,406.295,False,-18.98803424,-4.74700856,199.63710684368775,0.0,1,False,29.518,False
E3-cod-1509271-S5,E3,complete,,CrAgSe2,4,520.0,500,cod-1509271,experimental,S5,-17.76452678,-4.441131695,83.45317169140682,0.5537463900000001,13,True,232.508,False,-19.71228157,-4.9280703925,106.30555467126922,0.4869384149999991,68,True,1313.683,False,-19.72744202,-4.931860505,106.30555467126922,0.0,1,False,26.431,False
E3-cod-1509274-P0,E3,complete,,Cr2AgTe4,14,520.0,125,cod-1509274,experimental,P0,-71.46417426,-5.104583875714285,367.5665546074154,0.00024163214285672602,3,True,223.092,False,-71.53272536,-5.109480382857143,379.918936412036,0.004896536428571859,6,True,446.47,False,-71.53209462,-5.109435329999999,379.918936412036,0.0,1,False,32.007,False
E3-cod-1509274-S1,E3,complete,,Cr2AgTe4,14,520.0,150,cod-1509274,experimental,S1,-66.27483194,-4.733916567142857,296.86605598443947,0.28102422785714254,22,True,1313.658,False,-71.44395174,-5.10313941,379.45751796949094,0.3692230985714287,28,True,2125.079,False,-71.5289856,-5.109213257142857,379.45751796949094,0.0,1,False,181.631,False
E3-cod-1509274-S2,E3,complete,,Cr2AgTe4,14,520.0,125,cod-1509274,experimental,S2,-70.04551398,-5.003250998571429,367.5665546074154,0.03146009571428517,15,True,961.027,False,-70.22290835,-5.015922025,383.0705676617328,0.01267097999999984,18,True,1243.036,False,-70.22814623,-5.016296159285714,383.0705676617328,0.0,1,False,111.006,False
E3-cod-1509274-S3,E3,complete,,Cr2AgTe4,14,520.0,125,cod-1509274,experimental,S3,-71.13569668,-5.081121191428571,367.5665546074154,1.1526187049999999,33,True,8386.779,False,-71.53242501,-5.109458929285714,379.98135953432154,0.005082565714285384,12,True,604.427,False,-71.53180477,-5.109414626428571,379.98135953432154,0.0,1,False,149.048,False
E3-cod-1509274-S4,E3,complete,,Cr2AgTe4,14,520.0,64,cod-1509274,experimental,S4,-57.20022849,-4.085730606428571,785.17819211324,0.2212122742857144,9,True,1248.165,False,-71.56326669,-5.111661906428572,380.67574505037646,1.0259323600000003,16,True,3430.862,False,-71.53549736,-5.109678382857142,380.67574505037646,0.0,1,False,35.779,False
E3-cod-1509274-S5,E3,complete,,Cr2AgTe4,14,520.0,125,cod-1509274,experimental,S5,-67.51384059,-4.822417185,367.5665546074154,0.16981526785714302,56,True,4371.626,False,-67.95689396,-4.854063854285714,413.37607245822915,0.031646794285714056,43,True,3198.754,False,-67.97016231,-4.855011593571429,413.37607245822915,0.0,1,False,192.203,False
E3-cod-1509284-P0,E3,complete,,Cs2AgF4,7,520.0,245,cod-1509284,experimental,P0,-26.33763244,-3.76251892,148.91354082330733,0.0023081871428572193,7,True,50.749,False,-26.36619312,-3.7665990171428567,152.34164125952682,0.004080141428571287,10,True,77.615,False,-26.37116374,-3.767309105714286,152.34164125952682,0.0,1,False,10.57,False
E3-cod-1509284-S1,E3,complete,,Cs2AgF4,7,520.0,315,cod-1509284,experimental,S1,-21.14081023,-3.020115747142857,109.25518898863159,0.11972779999999972,20,True,149.73,False,-25.69851044,-3.6712157771428573,142.01946178657488,0.6511000671428572,33,True,254.828,False,-26.08950843,-3.727072632857143,142.01946178657488,0.0,1,False,19.053,False
E3-cod-1509284-S2,E3,complete,,Cs2AgF4,7,520.0,245,cod-1509284,experimental,S2,-23.05075137,-3.2929644814285717,148.91354082330733,0.5830063271428573,34,True,342.585,False,-23.29439502,-3.327770717142857,159.5590685182297,0.034808618571428696,19,True,207.505,False,-23.3450769,-3.3350109857142853,159.5590685182297,0.0,1,False,29.533,False
E3-cod-1509284-S3,E3,complete,,Cs2AgF4,7,520.0,245,cod-1509284,experimental,S3,-26.33741302,-3.7624875742857142,148.91354082330733,0.29498253142857117,26,True,206.332,False,-26.36606418,-3.7665805971428568,152.30092728005857,0.004093072857142792,10,True,78.077,False,-26.37094342,-3.767277631428571,152.30092728005857,0.0,1,False,15.443,False
E3-cod-1509284-S4,E3,complete,,Cs2AgF4,7,520.0,75,cod-1509284,experimental,S4,-23.28321493,-3.3261735614285715,362.111961075187,0.32841791857142866,23,True,222.268,False,-26.48512947,-3.7835899242857143,152.09592286771598,0.4574166085714287,70,True,646.122,False,-26.37791771,-3.768273958571428,152.09592286771598,0.0,1,False,9.133,False
E3-cod-1509284-S5,E3,complete,,Cs2AgF4,7,520.0,245,cod-1509284,experimental,S5,-23.05076682,-3.2929666885714286,148.91354082330733,0.9220677014285715,27,True,291.248,False,-23.29439542,-3.3277707742857143,159.49587977496225,0.03480633999999989,19,True,205.293,False,-23.34506695,-3.335009564285714,159.49587977496225,0.0,1,False,40.489,False
E3-cod-1509287-P0,E3,complete,,Cs2VAgS4,16,520.0,90,cod-1509287,experimental,P0,-75.69234898,-4.73077181125,493.9756921129168,0.00020272562500078806,7,True,354.811,False,-75.77817202,-4.73613575125,523.8175666215186,0.005363996249999836,14,True,1015.991,False,-75.78534902,-4.73658431375,523.8175666215186,0.0,1,False,156.603,False
E3-cod-1509287-S1,E3,complete,,Cs2VAgS4,16,520.0,90,cod-1509287,experimental,S1,-73.84237821,-4.615148638125,417.14113766308526,0.12163644125000062,45,True,2534.006,False,-75.73336147,-4.733335091875,522.0668717834039,0.11818644687500068,68,True,4041.777,False,-75.78383829,-4.736489893125,522.0668717834039,0.0,1,False,155.602,False
E3-cod-1509287-S2,E3,unconverged,stage relax_ions_fixed_cell hit the ionic step limit,Cs2VAgS4,16,520.0,90,cod-1509287,experimental,S2,-73.4269321,-4.58918325625,493.9756921129168,1.3844979718750001,200,False,21032.628,False,-73.84899055,-4.615561909375,537.1431378821712,0.02637864187499961,94,True,6107.56,False,-73.86972439,-4.616857774375,537.1431378821712,0.0,1,False,175.365,False
E3-cod-1509287-S3,E3,complete,,Cs2VAgS4,16,520.0,90,cod-1509287,experimental,S3,-70.72985668,-4.4206160425,493.9756921129168,5.353340264374999,151,True,17718.979,True,-72.37642908,-4.5235268175,567.8110554369955,0.09745137312499974,182,True,13185.338,False,-72.43472514,-4.52717032125,567.8110554369955,0.0,1,False,192.676,False
E3-cod-1509287-S4,E3,unconverged,stage relax_cell hit the ionic step limit,Cs2VAgS4,16,520.0,40,cod-1509287,experimental,S4,-71.8498483,-4.49061551875,1147.3799337259366,1.0938859481250005,187,True,20472.438,False,-75.79452585,-4.737157865625,529.3738402376946,0.24654242624999956,145,False,,False,-75.78123814,-4.73632738375,526.5157420479254,0.0,1,False,85.216,False
E3-cod-1509287-S5,E3,unconverged,stage relax_ions_fixed_cell hit the ionic step limit,Cs2VAgS4,16,520.0,90,cod-1509287,experimental,S5,-75.63098651,-4.726936656875,493.9756921129168,0.6181092406250004,200,False,17561.495,False,-75.77502718,-4.73593919875,525.3497654237387,0.009002608124999867,83,True,5299.627,False,-75.78256522,-4.73641032625,525.3497654237387,0.0,1,False,163.62,False
E3-gnome-01905f78c6,E3,complete,,Hf4Si4RuRhAu2,12,520.0,160,01905f78c6,gnome,P0,-94.17622339,-7.848018615833333,199.35704161968644,3.164499999996906e-05,4,True,55.231,False,-94.18148805,-7.8484573375,197.95363552248813,9.412500000157328e-06,2,True,37.018,False,-94.1814369,-7.848453074999999,197.95363552248813,0.0,1,False,20.922,False
E3-gnome-028fb5bb24,E3,complete,,DyY3(CdGa2)2,10,520.0,112,028fb5bb24,gnome,P0,-42.78297036,-4.278297036,232.10855926840745,1.5594999999990478e-05,3,True,95.56,False,-42.78361266,-4.278361266,231.1017133992242,6.419800000045939e-05,3,True,118.992,False,-42.80079818,-4.280079818,231.1017133992242,0.0,1,False,45.288,False
E3-gnome-0466bbe21f,E3,complete,,LaPr(Al4Co)2,12,520.0,160,0466bbe21f,gnome,P0,-59.80280649,-4.9835672075,217.29702110137745,0.00016150166666702623,5,True,165.904,False,-59.80347521,-4.983622934166667,217.1371092205644,5.5771666666852106e-05,2,True,94.946,False,-59.79901191,-4.9832509924999995,217.1371092205644,0.0,1,False,47.818,False
E3-gnome-085d6ee4f8,E3,complete,,Tb2ThPt9,12,520.0,147,085d6ee4f8,gnome,P0,-83.88499982,-6.990416651666667,214.21644243491437,6.237833333363103e-05,3,True,127.551,False,-83.89816578,-6.991513815,216.48644508265366,0.0010972491666668323,11,True,287.357,False,-83.93552974,-6.994627478333334,216.48644508265366,0.0,1,False,35.54,False
E3-gnome-08ffff2afe,E3,complete,,Th2CoSi(PIr)3,10,520.0,147,08ffff2afe,gnome,P0,-81.09021419,-8.109021419,165.17959961160696,4.8169999999458923e-05,3,True,93.982,False,-81.09092206,-8.109092206,164.7493477233975,7.087799999965228e-05,3,True,106.769,False,-81.08385583,-8.108385583,164.7493477233975,0.0,1,False,30.909,False
E3-gnome-11c1970495,E3,complete,,ThCdPRuPt,10,520.0,147,11c1970495,gnome,P0,-67.30373204,-6.730373204,191.54045069275207,0.00014501299999949424,5,True,167.117,False,-67.30531011,-6.730531010999999,190.84456634512088,0.0001580909999987057,5,True,192.594,False,-67.31842541,-6.731842541000001,190.84456634512088,0.0,1,False,33.162,False
E3-gnome-16185cb132,E3,complete,,Ti2AlW2C3,16,520.0,242,16185cb132,gnome,P0,-153.93209727,-9.620756079375,187.93069145736413,1.0065000001446833e-05,2,True,210.183,False,-153.93255144,-9.620784465,187.63472058294144,2.8635625000106302e-05,3,True,290.369,False,-153.92811859,-9.620507411875,187.63472058294144,0.0,1,False,44.755,False
E3-gnome-195425d136,E3,complete,,CaPmCdIn,4,520.0,343,195425d136,gnome,P0,-11.72781455,-2.9319536375,113.80421407981065,0.0,1,True,32.762,False,-11.72781455,-2.9319536375,113.80421407981065,0.0,1,True,32.722,False,-11.71864205,-2.9296605125,113.80421407981065,0.0,1,False,11.532,False
E3-gnome-1c2831771d,E3,complete,,Dy9Y3(TcIr)2,16,520.0,80,1c2831771d,gnome,P0,-104.03941033,-6.502463145625,429.11224076487696,0.00037821437499996335,6,True,455.188,False,-104.04062143,-6.502538839375,427.79280827335236,7.574812499999695e-05,2,True,253.335,False,-104.03579385,-6.502237115625,427.79280827335236,0.0,1,False,163.848,False
E3-gnome-2190cc44da,E3,complete,,Tb9Y3(OsRh)2,16,520.0,80,2190cc44da,gnome,P0,-103.42940356,-6.4643377225,433.3412591778728,0.00016752062500025033,8,True,607.86,False,-103.43967948,-6.4649799675,433.22423122293964,0.0006422912499992606,9,True,756.36,False,-103.4386924,-6.464918275,433.22423122293964,0.0,1,False,179.678,False
E3-gnome-2245563081,E3,complete,,ScFeCoMoP2,12,520.0,200,2245563081,gnome,P0,-97.20532613,-8.100443844166668,153.3874327933775,0.00010747250000046431,4,True,191.286,False,-97.20653917,-8.100544930833333,153.28409088050668,0.00010160833333353973,15,True,465.351,False,-97.20651136,-8.100542613333333,153.28409088050668,0.0,1,False,46.657,False
E3-gnome-2446f0e8d9,E3,complete,,DyHo3(TmSn)6,16,520.0,80,2446f0e8d9,gnome,P0,-79.35901078,-4.95993817375,442.29601938771606,8.907125000057192e-05,5,True,397.171,False,-79.36045942,-4.96002871375,441.54422597242535,9.052874999948557e-05,4,True,328.052,False,-79.36625793,-4.960391120625,441.54422597242535,0.0,1,False,196.829,False
E3-gnome-246bffd300,E3,complete,,ThNp(TeAs)2,6,520.0,196,246bffd300,gnome,P0,-41.29396568,-6.8823276133333335,160.18881684463204,0.00732972833333297,10,True,511.778,False,-41.29545045,-6.882575074999999,159.90654077316566,0.00024785166666655795,10,True,549.828,False,-41.29667047,-6.882778411666667,159.90654077316566,0.0,1,False,396.499,False
E3-gnome-24dfbfa4b6,E3,complete,,HoEr2MgCd2Au3,9,526.0,200,24dfbfa4b6,gnome,P0,-32.29808182,-3.5886757577777777,203.69559927721448,0.0006928322222224084,4,True,168.092,False,-32.33932829,-3.5932586988888886,202.95904398772043,0.00458298888888859,16,True,618.831,False,-32.33523372,-3.5928037466666662,202.95904398772043,0.0,1,False,42.18,False
E3-gnome-25c316ed15,E3,complete,,La3TbNi2(AsSe)2,10,520.0,128,25c316ed15,gnome,P0,-61.16232477,-6.116232477,229.08991671347442,0.0001098649999995871,7,True,359.208,False,-61.16269428,-6.116269428,229.81978097697487,3.7097999999957665e-05,2,True,171.176,False,-61.17349304,-6.117349303999999,229.81978097697487,0.0,1,False,60.53,False
E3-gnome-2afa0c9849,E3,complete,,CoB2MoW,5,520.0,880,2afa0c9849,gnome,P0,-46.7509048,-9.35018096,51.91006321564943,9.287600000078556e-05,3,True,90.377,False,-46.75399995,-9.35079999,51.520222582603516,0.0006191000000001168,4,True,127.721,False,-46.75357167,-9.350714334,51.520222582603516,0.0,1,False,55.612,False
E3-gnome-2ca382138b,E3,complete,,Tb2ThSc2AlRh3,9,520.0,175,2ca382138b,gnome,P0,-61.5360369,-6.837337433333333,193.85215292475658,0.0001413355555557574,5,True,164.706,False,-61.53882277,-6.837646974444445,193.93421226533115,0.00030951555555623774,7,True,269.515,False,-61.5374252,-6.837491688888889,193.93421226533115,0.0,1,False,40.364,False
E3-gnome-2ce4cf96b0,E3,complete,,Ho3Mg2ZnGa2Hg,9,526.0,175,2ce4cf96b0,gnome,P0,-28.14803321,-3.1275592455555556,199.1531991394324,3.840999999995789e-05,3,True,96.712,False,-28.1501696,-3.127796622222222,198.53660632134884,0.00023739444444477917,7,True,210.821,False,-28.14850145,-3.1276112722222225,198.53660632134884,0.0,1,False,31.325,False
E3-gnome-2f7949e9f9,E3,complete,,Ce4Pr3Nd3Ru4,14,520.0,100,2f7949e9f9,gnome,P0,-92.69823065,-6.621302189285714,400.35613122427156,0.0006670057142861603,8,True,1618.614,False,-92.70295221,-6.621639443571429,398.16655336284055,0.00033685857142882824,7,True,1513.948,False,-92.70849139,-6.622035099285715,398.16655336284055,0.0,1,False,430.314,False
E3-gnome-312167ea8b,E3,complete,,Sc6As5Se,12,520.0,135,312167ea8b,gnome,P0,-81.70189652,-6.808491376666667,246.8573994556324,0.00016092000000019388,5,True,138.906,False,-81.70494972,-6.8087458100000005,248.03027838284177,0.00025444833333310157,5,True,156.476,False,-81.71486811,-6.8095723425,248.03027838284177,0.0,1,False,62.933,False
