cif_sha256,records,first_record_index,last_record_index,CLscore_A_min,CLscore_A_max,CLscore_B_min,CLscore_B_max,CLscore_jang_min,CLscore_jang_max,CLscore_A_range,CLscore_B_range,CLscore_jang_range
00049b18c8b41f610f1ef746c5ac9f3630f63dc9a0d8e055cb85bd4dc91eeaec,2,26375,102899,0.0,0.0,0.001552,0.001552,0.000137,0.000137,0.0,0.0,0.0
0095af8afea3cad0ac3cde6b3d95e0fc869717072c1bc78d1a6927cf91d3e2e4,2,18383,81022,0.0,0.0,0.002449,0.002454,0.045305,0.045305,0.0,5.00000000000023e-06,0.0
03bea3a896733909d140661dfa949a8b28c342f90ef6a3b0a5acc417d6d9d06f,2,37901,358277,1e-06,1e-06,0.00155,0.00155,0.342946,0.342946,0.0,0.0,0.0
03e2a6f134edc11921e9735f10c3d8d5a4785a366bf60eaafd1678cdb02d0045,2,35129,224746,0.0,0.0,0.000729,0.000731,0.008942,0.008942,0.0,1.99999999999994e-06,0.0
04c3428caa827ce28f8839a2c841905590513bc76ecd81024866833099fd97b1,2,37845,248740,0.0,0.0,0.003841,0.003861,0.043492,0.043492,0.0,2.0000000000000052e-05,0.0
04e63c7d3fd75dae03ce723c9d48acfdd0d5f01aa59822bb20851fd529921c12,2,51666,358629,0.0,0.0,0.00349,0.003521,0.235105,0.235105,0.0,3.099999999999978e-05,0.0
06cd9dbad1f4e4fa6b374f2c604a9d7b63aa0e44170a58ee00bad3ab1d46d787,2,46651,102905,0.0,0.0,0.000101,0.000103,0.148176,0.148176,0.0,1.9999999999999944e-06,0.0
070458bf833299528b3ffb1fa097a3de02adb82de91427d32a4037edbefb50c7,2,43858,143169,1e-06,1e-06,0.003407,0.003407,0.028051,0.028051,0.0,0.0,0.0
08fc8fc9368b3cb55e41cf2508f02fc03769fbc9e3ace3c7ef9638d5e03ddb1d,2,30578,60710,0.0,0.0,0.000404,0.000405,0.141203,0.141203,0.0,9.9999999999997e-07,0.0
0df142d992aab695f9b6ce5a4cc82e4a7c7a34017539d0f0b18fdf263146cf88,2,22652,142585,0.0,0.0,0.003676,0.003676,0.002909,0.002909,0.0,0.0,0.0
0faafffadf34dd518392dba747e78d6785fbd43f5b3e746cb7711334833892c2,2,9803,238432,2e-06,2e-06,0.002838,0.002838,0.025529,0.025529,0.0,0.0,0.0
10c5fa669fc1f3ab99557bf5f7993b7c5fab6df5c0795d069357a09f7a372424,2,11110,228077,0.0,0.0,0.001305,0.001311,0.002301,0.002301,0.0,6.000000000000146e-06,0.0
11504a2bb83f203314de0e289e322894bf6ad30dac37a918abf181b1ac62ac55,2,48593,214070,0.0,0.0,0.001373,0.001379,0.074785,0.074785,0.0,5.999999999999929e-06,0.0
119fffdccdd128faec33de90813a4f4a01b65a21efae0831e085f123f660d52a,2,13666,224296,0.0,0.0,9.3e-05,9.4e-05,0.087107,0.087107,0.0,9.999999999999972e-07,0.0
129fa3d4cfb319dc868e0f679c3c3aba0e7482a110b10165b2266578c253463e,2,50329,242567,3e-06,3e-06,0.004448,0.004464,0.332871,0.332871,0.0,1.600000000000039e-05,0.0
13de120caf0efd133a00bfdbc5b08120a242d639f8269931f07d6e98d85b332a,2,55675,76260,0.0,0.0,0.000551,0.000551,0.228987,0.228987,0.0,0.0,0.0
153ddc9c8ac5145d4980e49cad362be1613ac6f922e4b0bb8bee9786e99199dd,2,24080,81285,0.0,0.0,0.003958,0.00397,0.0,0.0,0.0,1.1999999999999858e-05,0.0
15ba282be58121fd93a9a0180ddd75a0b31c7ed99e7b919faa2a639eb4300af2,2,12663,100937,1e-06,1e-06,0.004452,0.004481,0.052933,0.052933,0.0,2.8999999999999512e-05,0.0
166535a7a1c04178fdb080c3f00f595e1cad3dc2a11bfcdd4d69f8a6a1317e8a,2,17165,136037,0.0,0.0,0.00057,0.000574,0.399446,0.399446,0.0,3.999999999999989e-06,0.0
17ce4a188cdbe3c1109ec4a13d45dbe0dfd2adbe21283403e7e5fd7153438d18,2,47298,90965,0.0,0.0,0.001974,0.001983,0.004651,0.004651,0.0,8.999999999999894e-06,0.0
181010c42e365cf670c8552ee44fc36c39937b6a9a195c5d4af9b9e720644f5e,2,18420,154643,1e-06,1e-06,0.000498,0.000501,0.004271,0.004271,0.0,3.000000000000073e-06,0.0
19c0031905497921f01e3ecbeb5a1588e6c88debcb5d586846179c423f8dbe0b,2,3812,163914,0.0,1e-06,0.000395,0.000396,0.063751,0.063751,1e-06,9.9999999999997e-07,0.0
1a2dccdaedc4012faac468a862e9ba489f6d4eb5616a01f655aa9efd6498900c,2,19705,174073,0.0,0.0,0.000299,0.000299,0.046932,0.046932,0.0,0.0,0.0
1bb7596f7b51398e5c9e23602ac6221dab2e6daa3600ac84e9e0e83b8e179173,2,24113,99367,1e-06,1e-06,0.003003,0.003003,0.033565,0.033565,0.0,0.0,0.0
1cbb0f686ab3dc236c099aad2a596e384c9dbbcc2d0a6a6a3228380d744e9e35,2,12864,195622,0.0,0.0,0.003522,0.003527,0.003899,0.003899,0.0,5.00000000000023e-06,0.0
1d1c3f2fb9a1ed06a1ee8ca84304aa13aefa21a43399f97e21040de4bc937a54,2,17700,90888,0.0,0.0,0.00419,0.004191,0.002242,0.002242,0.0,1.0000000000001327e-06,0.0
1daa35ff283aca0f66e3c85b46f2fec6142bc482acb7c5ef9cba9e95774e9eea,2,49088,152656,0.0,0.0,0.000191,0.000191,0.024647,0.024647,0.0,0.0,0.0
1dfc3c8b1e871b86c428068c61dfff049c93ef284f58ea9a8d0183ea346a7b24,2,45876,145390,1e-06,1e-06,0.002673,0.002683,0.260709,0.260709,0.0,1.0000000000000026e-05,0.0
1eddb48e074183ad675c9f2f5b1db7d9da9b5918516543c801d7a46aab3317eb,2,11025,228890,3e-06,3e-06,0.001013,0.001027,0.046359,0.046359,0.0,1.3999999999999907e-05,0.0
1f00cf9d02c3e2599d89deb61654f94111f893e6ea7d26596a9d3e9b90400b76,2,24412,122208,2e-06,2e-06,0.000576,0.000588,0.163539,0.163539,0.0,1.1999999999999966e-05,0.0
1f7f1e25282f461b8ad4df50bc55e69ef9a669fca0880b90d697c4455504d9d6,2,37721,213299,0.0,0.0,0.004391,0.004403,0.24003,0.24003,0.0,1.1999999999999858e-05,0.0
2008827918ca178862a80ed6ce6e94499d30380d947439da1f91ac38f43fe1e2,2,24180,180490,0.0,0.0,0.001648,0.001648,7e-06,7e-06,0.0,0.0,0.0
213a663e3def7ec049aa74a0e329a6220966677660cd9a8343c9455e81b54398,2,15416,103062,0.0,0.0,0.000405,0.000405,7e-06,7e-06,0.0,0.0,0.0
253c9581dd25477f8eb537de9734badcae9874b18902ed336dad2107928b97d9,2,29724,153584,0.0,0.0,0.003013,0.003013,0.043098,0.043098,0.0,0.0,0.0
265aeab977592aa3ff81b20920e6874ef85245711fdbc4d5f238e444e6763ad7,2,202451,347024,0.0,0.0,0.000222,0.000225,0.123989,0.123989,0.0,2.9999999999999916e-06,0.0
266ea2b4f0a9787cd331bbeda8eb05bb4a29c48457f0ac536ffa0f7317d69860,2,19781,88121,0.0,0.0,0.000561,0.000561,0.257945,0.257945,0.0,0.0,0.0
2849ab85771757ef631bfd18016d43f12aed33867f147b35c618781994d4fefa,2,10501,355797,1e-06,1e-06,0.000442,0.000445,0.013744,0.013744,0.0,2.9999999999999645e-06,0.0
28a7a7720da08b2c668785a9ed0ced5c728acea9a7f6da7d5ecb3320d3babbb7,2,75234,349232,6e-06,6e-06,0.003074,0.003133,0.216695,0.216695,0.0,5.9000000000000025e-05,0.0
292e78111701fbd6ecb1e72299ec4757b952860170b20840afa474bb77c80765,2,220722,347689,0.0,0.0,0.001088,0.001116,0.073523,0.073523,0.0,2.800000000000003e-05,0.0
2bf25ee7eabe120303b0ae52cd101d2eda0c326888f11bfcaf4279649e73ecf1,2,19024,230181,0.0,0.0,0.003039,0.003154,0.002177,0.002177,0.0,0.00011500000000000008,0.0
2edc1628e31934016526ddd307fe29e41bea3d13263eb353db91493800f5b35a,2,33557,230173,0.0,0.0,0.002198,0.002207,0.015033,0.015033,0.0,9.000000000000327e-06,0.0
2fb74c67d58246f214bd6fae7520bf804a5ad353e3fedc7b3534665d90fe8b67,2,12921,218880,0.0,0.0,0.000298,0.000298,0.035421,0.035421,0.0,0.0,0.0
2fde54a06d0bea405e9c1c179b29afea1da68e3ec451c12d562b9d1d82639559,2,29461,142172,0.0,0.0,0.000289,0.000289,0.090077,0.090077,0.0,0.0,0.0
35982938801dbdd4ff152a15291eabe908cb3651a8bf5ac4a44932501c7257d4,2,20962,96525,4e-06,5e-06,0.002086,0.002099,0.278613,0.278613,1.0000000000000006e-06,1.299999999999999e-05,0.0
36a22c72e370d64796d5e64862ef9ec6248789f3898a6038a4a43ef9a35554e3,2,30574,165509,0.0,0.0,0.003853,0.003853,0.007709,0.007709,0.0,0.0,0.0
370067a0bbd4a70e6f095fcab9c81f6a5df2969f74a6fca254350f26c897abb9,2,45417,139045,0.0,0.0,0.002818,0.002818,0.655164,0.655164,0.0,0.0,0.0
37323e12df57079c74ff19f6c86a7f1dfd046cf4a0404ed31e241f058865b21d,2,142591,347665,0.0,0.0,0.000566,0.000568,0.028465,0.028465,0.0,2.0000000000000486e-06,0.0
39d57d56ae1687106d4523777fc5e873ebf16eb0cec305dc51c074bf937c3846,2,32618,68969,3e-06,3e-06,0.000436,0.000436,0.120007,0.120007,0.0,0.0,0.0
3e5dd7c2b3c3ea65beaec3bc16884b803af593e49fb49a3bd6e9eb78c26aec1e,2,21917,69240,4e-06,4e-06,0.003114,0.003223,0.021095,0.021095,0.0,0.00010900000000000016,0.0
42210c695b3573a6b8f985b23915de5faaca4d618e2626b88cf03ae5d19db730,2,36314,237522,3e-06,3e-06,0.002868,0.002875,0.11751,0.11751,0.0,7.000000000000062e-06,0.0
437c36a60aebdd46576240f4dedf251da32f02064bdf3d56acbbb3af259514d9,2,22160,233135,1e-06,1e-06,0.000758,0.000768,0.009271,0.009271,0.0,1.0000000000000026e-05,0.0
4430e9e0657fd2fa4b0ca1b5bcd86a54dfb2e520c207375cb964da7fe990aae1,2,26905,351290,4e-06,4e-06,0.002511,0.002511,0.111853,0.111853,0.0,0.0,0.0
460efe62716463682189ea971ad545eddf189345ad7d9c70ceb387eaec48f4b0,2,38013,170714,0.0,0.0,0.001059,0.001059,0.032353,0.032353,0.0,0.0,0.0
46aa663060d905e43189796171a49ddd8ad5397f53fde2f3b12925bacf07157e,2,48316,173826,4e-06,4e-06,0.004786,0.004786,0.198292,0.198292,0.0,0.0,0.0
47d07de764d70773fc4fec3f360c66326d54997100c98540907e55beb8698fc8,2,1115,83786,0.0,0.0,0.001049,0.001049,0.020839,0.020839,0.0,0.0,0.0
48a3d6b6941d86fe833cb6ced5a3e04ae35240e282d44c0320f794e28dd41c4a,2,147335,348714,0.0,0.0,0.001334,0.001335,0.013613,0.013613,0.0,1.0000000000001327e-06,0.0
49497d223822a69274543d19017211372483b7a17bf216724722b5d45b57aa58,2,1751,104406,1e-06,1e-06,0.00133,0.001336,0.327098,0.327098,0.0,5.999999999999929e-06,0.0
4adb70a83b8980f0eef1e5dfd80f6d04eb64dbbcaf990b5e105bcd25a1a0c45f,2,51051,98727,0.0,0.0,0.001632,0.001648,0.001332,0.001332,0.0,1.5999999999999955e-05,0.0
4ae801be04f6f383d080d8206a46919ba1670a7ef9ac76b84ae17c0489fb4476,2,28994,157061,0.0,0.0,0.00113,0.001153,0.094177,0.094177,0.0,2.3000000000000017e-05,0.0
5031e3e591b0960044f4260bf68badd7189fdf57dd999d198c9889ed33092c7c,2,32656,196495,0.0,0.0,0.003461,0.003461,0.000314,0.000314,0.0,0.0,0.0
52c5d0e336eebffca0a6536d254a9acd86c94f343c0ad998d50e442c09f7e9cf,2,15314,245341,5e-06,5e-06,0.00046,0.000461,0.11828,0.11828,0.0,9.9999999999997e-07,0.0
539c398a1da2f0b07542997779776b379e54c44be86dd61a89a10bea58edbb46,2,10755,73253,2e-06,2e-06,0.000522,0.000522,0.055853,0.055853,0.0,0.0,0.0
555a36b0ed503fac8b6b5fd182ee4ad19a065e09b2be0c23908f9c3ae75d613c,2,52983,190362,3e-06,3e-06,5.7e-05,5.8e-05,0.304287,0.304287,0.0,9.999999999999972e-07,0.0
5753a1763e936b708596748e74dd6ee1865d43a5d40daa69024deb7b2750c6a3,2,54380,212761,2e-06,2e-06,0.00031,0.000312,0.01735,0.01735,0.0,1.9999999999999944e-06,0.0
58ca6d2389d7acd1de81346231f0c21cbc173f2d229735db6e4028c9be7029e9,2,54530,69503,0.0,0.0,0.00378,0.003785,0.008587,0.008587,0.0,5.00000000000023e-06,0.0
5a5b687f4737c7c2caa0214d7ff17755413941cfb901c7c62e71f0a30548e2be,2,36982,57864,0.0,0.0,2.5e-05,2.5e-05,0.071304,0.071304,0.0,0.0,0.0
5a83036c96660c0161ba05df0d2ee59e68b593d33bf3f433a0827d9e8cc2a252,2,11075,159813,4e-06,4e-06,0.001624,0.001624,0.126074,0.126074,0.0,0.0,0.0
5b84c6dceb1f7a64529edbdbb078b717638ce435b99208857eca901510d93d45,2,29667,163567,0.0,0.0,0.000874,0.000883,0.018345,0.018345,0.0,9.000000000000002e-06,0.0
5b8702ecc0d2d39db69a678d1f21f2d92d5d97ecb1a6c85c312a27bee7418473,2,56116,244468,0.0,0.0,0.000512,0.000512,0.240544,0.240544,0.0,0.0,0.0
5d88dd66641c9d8740525ba87e36f0116d0a41f3b56662bb9f253c0d867ef5ac,2,15439,57868,0.0,0.0,0.000889,0.000902,0.060677,0.060677,0.0,1.299999999999999e-05,0.0
5dfb453abc061a0c37a5e7b4689109d904281e0e3d1d68c095f2f3123267d371,2,43678,87827,0.0,0.0,0.001486,0.001508,0.025473,0.025473,0.0,2.20000000000001e-05,0.0
5ea36da98b7dfcc81764786f02c7dba646dd7e7389f1908117d3eb9dd590fd8d,2,33824,118537,0.0,0.0,0.000652,0.000656,0.051265,0.051265,0.0,3.999999999999989e-06,0.0
5f88d31596956d08e71c1fb8c4acbaf920151535366947c3254c038693a6a48a,2,28278,227332,2e-06,2e-06,0.002081,0.002083,0.000778,0.000778,0.0,2.0000000000002655e-06,0.0
5ff58a8baec87d2e21e5c2e0a875118135091b137161b04331594c40fe00344a,2,91,100698,0.0,0.0,0.004389,0.004389,0.020223,0.020223,0.0,0.0,0.0
61887ef95f71ee27a8daafa984e892c79d65c3b55af4deaca7b3e4f3704cd321,2,18876,185125,1e-06,1e-06,0.002226,0.002236,0.011547,0.011547,0.0,1.0000000000000026e-05,0.0
6213bfdfdd35c6963a4f2ee193f91c344714e4d8da2c3ecd0b1fd04bb3c3eafd,2,27460,185586,0.0,0.0,0.000797,0.000797,0.00325,0.00325,0.0,0.0,0.0
6425e53c9c12af724213bf928fff5d455b576d3051e5cc8a65560a3e3a14085b,2,22419,184069,0.0,0.0,0.004213,0.004226,0.009307,0.009307,0.0,1.299999999999999e-05,0.0
6723aa29ff734c289f14b2027d092e573ca9f7203a571a6e039b067119ef1403,2,34385,118526,3e-06,3e-06,0.003001,0.003022,0.080124,0.080124,0.0,2.099999999999975e-05,0.0
6a34fb556b8b8216ec80bb3ceb2bc9d3043372153f4e9e05458e3ce5b5a0a4db,2,27144,235232,0.0,0.0,0.001574,0.001574,0.004656,0.004656,0.0,0.0,0.0
6b9a94ca2e1ce16cf28df892e9435ac6ed64edc9cd14cf6ba8502a17e0226df9,2,43144,201957,4e-06,4e-06,0.004216,0.004216,0.005724,0.005724,0.0,0.0,0.0
6cf4933d91895bd9f60f92c54e4eef6fe05376952b91e37f3f7643064ba1602a,2,39624,62755,1e-06,1e-06,0.002013,0.002013,0.002614,0.002614,0.0,0.0,0.0
6d5debeaac0882bf48584c57e2d2328171a49cef31a1d9f1d1cd5f0436840127,2,29947,154640,7e-06,7e-06,0.000387,0.000404,0.04792,0.04792,0.0,1.7000000000000034e-05,0.0
6df53616a03854564481dcb7008ad2b248282b80b47f3fcd189871cf57d37c44,2,29860,210447,0.0,0.0,0.001903,0.001925,0.328077,0.328077,0.0,2.20000000000001e-05,0.0
6f4663e2789cccb4260075aa98a7a712e5c7ee7f2ed9f504f75b6a67d8b6eb2f,2,36477,139147,0.0,0.0,0.004419,0.004432,0.00028,0.00028,0.0,1.299999999999999e-05,0.0
6fa9a327be5290ff49b05c8c08d65cd74c12261250787997ebac520598aded6f,2,32339,130990,0.0,0.0,0.001843,0.00185,0.017872,0.017872,0.0,7.000000000000062e-06,0.0
7045e19156d5d7f155d992fab1739c7f95883d600e01c7a1d28af29514bebf99,2,40612,210957,0.0,0.0,0.003104,0.003131,0.007779,0.007779,0.0,2.7000000000000114e-05,0.0
713570a67803f200e0df11bef471cf81d90ce74995adb4be99134fe90734cfa0,2,51625,190132,0.0,0.0,0.000716,0.000717,4e-05,4e-05,0.0,1.0000000000000243e-06,0.0
742322f277ee754249489d32d0b2ecb734b814bb4d420c61559f56a3d261f439,2,48530,234304,1e-06,1e-06,0.000828,0.000828,0.004598,0.004598,0.0,0.0,0.0
74a0cfc078b945b987cb30e4d591b554dc4227bc34bcfe6fa9420b9e9093ae67,2,32488,350768,1e-06,1e-06,0.003438,0.003459,0.154872,0.154872,0.0,2.099999999999975e-05,0.0
75b18f403594427eeedbe228bbd4f60f5eaf211ef59e5fd9767b47f902c9bb24,2,23634,216324,1e-06,1e-06,0.002871,0.002877,0.012088,0.012088,0.0,5.999999999999929e-06,0.0
7628b2330635ba269e10e418140fd5e9403c5f435ff32124d4e2d5a071e6ccf4,2,47013,117052,0.0,0.0,0.000288,0.0003,0.153606,0.153606,0.0,1.1999999999999966e-05,0.0
76a9073cc5f1a876f3e9f60f6849907068c48f1034dddfbd6688387efca030a5,2,24433,59920,0.0,0.0,0.002194,0.002194,0.329632,0.329632,0.0,0.0,0.0
772004737545731c913becc15e5d8544cae5e35af6ac24abae497bb4c007a1ec,2,12462,145286,0.0,0.0,0.00234,0.00235,0.04809,0.04809,0.0,1.0000000000000026e-05,0.0
787fa785b4a88833d5a2624200314c897cbc87748e1d602857dc6fd350689422,2,25992,116544,0.0,0.0,0.004269,0.004269,0.008823,0.008823,0.0,0.0,0.0
7a7f6eef93c20ba043bd601583b9521ded020180e0626aba4b961e9c857e3ae2,2,17239,234298,3e-06,4e-06,0.002703,0.002722,0.000273,0.000273,9.999999999999997e-07,1.899999999999992e-05,0.0
7b11b37d071f0726bb8d868531a1a3aebddb15c554573860c0b63dc66cd1c48a,2,22345,237281,0.0,0.0,0.002217,0.002254,0.006315,0.006315,0.0,3.700000000000014e-05,0.0
7bcc59cc8b2212136bd83872001f7adf4959cfc5cd9ff29a46fd8d14c1c301be,2,18874,160456,0.0,0.0,0.002408,0.00241,0.518952,0.518952,0.0,1.9999999999998318e-06,0.0
7d92df99b1167247708b8f145ac6dccf509db14cd92fd1298742aeedd455559b,2,3252,232103,1e-06,1e-06,0.004132,0.004166,0.036619,0.036619,0.0,3.4000000000000176e-05,0.0
7fda61f3177d2b67dab8b2435de4927986bd98eb6bb182f9856b22e35e12fa06,2,10482,187349,0.0,0.0,2.5e-05,2.7e-05,0.137574,0.137574,0.0,1.999999999999998e-06,0.0
81bbb3ea8916f97ce1fdf45b1600f6da6a7a2d9f0ae061553eca246915abce64,2,18277,245704,3e-06,3e-06,0.003899,0.003899,0.000683,0.000683,0.0,0.0,0.0
828508c3540bb6777993a56280f32de92ddc7c6561e2a5cdb52a6823096d0c1d,2,23285,173183,0.0,0.0,0.000711,0.000711,0.045748,0.045748,0.0,0.0,0.0
88369cc736b8e825181320209966cb2261b0b053a9fee7be5e65a52d9c6efda9,2,18582,180654,0.0,0.0,0.00175,0.00176,0.015439,0.015439,0.0,1.0000000000000026e-05,0.0
8bd205cfd44a45cffc6ec39981d06ddf01b7d789533306728b0241c8a3936102,2,42873,234552,0.0,0.0,0.003414,0.003432,0.172879,0.172879,0.0,1.800000000000022e-05,0.0
9053502e6ddac857bd9d573b36d99dfc44f27e8438124227ec665fcd60bb68ee,2,51418,209770,0.0,0.0,0.003028,0.003028,0.370241,0.370241,0.0,0.0,0.0
911c171be6d95bf4b21d97109d1aa4ece9328eced4df8063df22efbe3d3f3401,2,42632,58403,0.0,0.0,0.00045,0.00045,0.010159,0.010159,0.0,0.0,0.0
92aba71b6190108d3036b778b01f01547bc9b21c08dd698e195661e6ca7e94f5,2,23920,160452,0.0,0.0,0.0003,0.0003,0.108713,0.108713,0.0,0.0,0.0
934cdbec78981765eec8e2a1a932c6d60dbde9e66690c6259532f8b18da5aca0,2,41679,233700,2e-06,2e-06,0.000202,0.000202,0.131948,0.131948,0.0,0.0,0.0
9371d49683ae8cc63c6266f7215a65f282ad6f6b6566c3b97ad50be4f7543743,2,104149,347587,0.0,0.0,0.003256,0.003257,0.001571,0.001571,0.0,9.99999999999699e-07,0.0
95a10de42305df675ea8c9b570734d5967d31acf081da608ae789cb783e0966f,2,52516,191800,4e-06,4e-06,0.001588,0.001592,0.215022,0.215022,0.0,4.000000000000097e-06,0.0
9acf6b008ec584e243e40a5cf0adcd8c1cbf220b3b4d024d27a918d7dd358a9e,2,39208,74775,1e-06,2e-06,0.001611,0.001631,0.189508,0.189508,1e-06,2.0000000000000052e-05,0.0
9dac8abbe69482b15384ed2161f0708a12932b48342dadd36f72b20868c477d3,2,47345,134327,0.0,0.0,0.004174,0.004195,0.11703,0.11703,0.0,2.1000000000000185e-05,0.0
9e3e5dfcd8f91aeb33efb8b5ff92892cd9b906f2ce492269c4d8e015457711fd,2,33569,154829,0.0,0.0,0.001155,0.00116,0.000935,0.000935,0.0,5.000000000000013e-06,0.0
9ef6a4e247ba91ce20a0f68d71930fd12d341b3dc3f31e049ad08d86a3aa9d96,2,8137,173571,0.0,0.0,0.003371,0.003371,0.267434,0.267434,0.0,0.0,0.0
9ef9a86826f0233adf96918395c527e2769a5cf0e772a80aaa1d467c3b091b10,2,29123,164585,1e-06,1e-06,0.000201,0.000217,0.057063,0.057063,0.0,1.5999999999999982e-05,0.0
9f368e53ca401876f19bdb0f3390dd1b3e9cd9f829a31d55efee305903e9f622,2,18238,162306,4e-06,4e-06,0.00121,0.001212,0.003488,0.003488,0.0,2.0000000000000486e-06,0.0
9f420714a4cb8569f73a4ad879ba4bc5615a05a5e105e726409a9392835fa24a,2,13186,68958,1e-06,1e-06,0.00439,0.004405,0.287792,0.287792,0.0,1.5000000000000256e-05,0.0
9f51d5ec819a304c4229ebd648a6115749b7f9179190f01c20c02c675cf42ccb,2,12366,163028,5e-06,6e-06,0.00149,0.001512,0.005268,0.005268,9.999999999999997e-07,2.20000000000001e-05,0.0
a016fca5dd9493703c5665e179e069b0514f0bb3963b847a421c9c54cd66e158,2,37510,219378,0.0,0.0,0.004232,0.004269,0.010464,0.010464,0.0,3.7000000000000574e-05,0.0
a0fde238aa920fcfba68da8b27ca0a3a7f600535798fc10402076bc3529ff11f,2,41034,180864,1e-06,1e-06,0.00041,0.000415,0.085822,0.085822,0.0,5.000000000000013e-06,0.0
a1150ad3d4c15cae4122e3be9cf4a4eb43627e6eff67c8ae2e955ff89e487352,2,10193,146093,2e-06,2e-06,0.00114,0.00114,0.250837,0.250837,0.0,0.0,0.0
a14d8b1ab3d317d5e652983d3449304b377aecc17aad7f47d84f10077a0b1893,2,7361,227697,2e-06,2e-06,6.5e-05,6.5e-05,0.146754,0.146754,0.0,0.0,0.0
a43d381c27f373953898676f95e4ebba19bed02cb5c4e455bf4bd27d3bd76866,2,44831,353766,0.0,0.0,0.000163,0.000165,0.056971,0.056971,0.0,1.9999999999999944e-06,0.0
a8a2864892cf373dceca192102ce358e25f1c1a362d3f02eb71682b48b9729e2,2,23172,117151,0.0,0.0,0.00016,0.00016,0.399069,0.399069,0.0,0.0,0.0
a91335481e7143d58cb4076700c328b1f524e3fe6edbafb66fcc24e998dfc529,2,23013,145895,0.0,0.0,0.001306,0.001309,0.010071,0.010071,0.0,2.9999999999999645e-06,0.0
a97530eb9019dd4c53a86180a4ddb1e72672a36fd0ef4d598face0783d6d132c,2,31133,76715,0.0,1e-06,0.004729,0.004759,0.67706,0.67706,1e-06,3.0000000000000512e-05,0.0
ac59380675bc136e9cf8509574ac9c86085a1de97f4232de8a783be52f07a213,2,45940,119841,0.0,0.0,0.000662,0.000664,0.04662,0.04662,0.0,1.99999999999994e-06,0.0
ad64282d272dcb3097f3d3e7b2b7d32279b7f8c94587741ddc0a6069d4d2be86,2,7742,186222,0.0,0.0,0.002809,0.002837,0.32813,0.32813,0.0,2.8000000000000247e-05,0.0
adbe82ae0b29b2cae6fc7be0c2f60c25c5f41f50ab8095392242170da61a6c65,2,42197,199009,5e-06,6e-06,0.001054,0.00106,0.109993,0.109993,9.999999999999997e-07,5.999999999999929e-06,0.0
ae911b3407a319d18ec1cd5a36af2e54f070a7407b903d7dd6ce57cc2eb87e0d,2,11081,62275,0.0,0.0,0.001351,0.001377,0.001002,0.001002,0.0,2.599999999999998e-05,0.0
af1291621a329ff0b4a4a3506fcd2031e31deb2fb5c4739cd1a62d1dce3c1ba2,2,11337,94204,0.0,0.0,0.000846,0.000846,0.003492,0.003492,0.0,0.0,0.0
b25ab2dde38e1de54aca42d2e88207d4ca9f583c61430f283ccb32823fadab39,2,17451,178686,8e-06,8e-06,0.002294,0.00233,0.212075,0.212075,0.0,3.600000000000001e-05,0.0
b4d89d8af3bbe1f6fca16e36f9dc0da46716e13c80b4266a532b65d67e72e303,2,33774,168263,2e-06,2e-06,0.000425,0.000431,0.252588,0.252588,0.0,6.000000000000037e-06,0.0
b55ef62fe413390efe54a52589f048af3fd9fd79c5c158fb9d3ec57f2abdd651,2,49066,180177,0.0,0.0,0.002941,0.002941,0.037456,0.037456,0.0,0.0,0.0
b58d9a0233d18d10a4c55a73b8e73d5d9a1f2add29c07bff3052ff766faab094,2,6807,243041,2e-06,3e-06,0.003667,0.003673,0.085761,0.085761,1.0000000000000002e-06,5.999999999999929e-06,0.0
b834b7186564e29364682aab77496908721483b68f1cf4cc408d5f9fae24b0a5,2,19822,153929,0.0,0.0,0.002385,0.002449,0.000585,0.000585,0.0,6.399999999999982e-05,0.0
b8c45755d25cf04291f7885c8bc05addbaa05697c2269e739ea541b3e5752fe5,2,51948,233947,0.0,0.0,0.000521,0.000532,0.068357,0.068357,0.0,1.100000000000005e-05,0.0
bb678ec6d8a20ebe313838fa638f4a136b7e04868c64e437322bb938505a3984,2,21552,167881,8e-06,8e-06,0.000359,0.000365,0.001693,0.001693,0.0,5.999999999999983e-06,0.0
bdf2e7eabd14153a0008fd3bd6a164069aea8e9b969fa374beb8c3c6f346a61a,2,52181,183013,0.0,0.0,0.000608,0.00065,0.019176,0.019176,0.0,4.199999999999994e-05,0.0
be35bb050b9de1db75c47decfd28a4cb2562737e5cb676651a1c422442865715,2,11771,120613,0.0,0.0,0.001133,0.001133,0.026573,0.026573,0.0,0.0,0.0
be57e9bfa19e6994cce504da7a122a14fa7cab65418c16fb0058dd0717065aa3,2,56228,178956,1e-06,1e-06,0.002133,0.002172,0.153132,0.153132,0.0,3.899999999999997e-05,0.0
c04f3530fcf7edaf36de788d2ce15e4b330feb7cec444fb44daf4fac1f573ee0,2,21954,154631,5e-06,5e-06,0.003028,0.003053,0.106837,0.106837,0.0,2.5000000000000282e-05,0.0
c0fccf4346a6c5b077c77b56dc2c151536009cad5c2f353cf54f12fc1ceddc6f,2,6059,233751,3e-06,3e-06,0.00102,0.001025,0.010398,0.010398,0.0,5.000000000000013e-06,0.0
c14f65e80289d9bd54db4b50d4aa93bf3549bc7127f3d8e20870447d6c42e226,2,32896,197532,4e-06,4e-06,0.001824,0.001847,0.745514,0.745514,0.0,2.29999999999998e-05,0.0
c307f1066069673fc1f1b0f323902658e15aa837ffd163dd174cfef2c290b64c,2,234077,349299,0.0,0.0,0.000106,0.000107,0.059161,0.059161,0.0,9.999999999999972e-07,0.0
c3563fcc769369e8bae442ed659f3b279f16c2f4cb496453c191a028dbc99849,2,25780,119256,3e-06,3e-06,0.001932,0.001967,0.191219,0.191219,0.0,3.500000000000009e-05,0.0
c3dc05dc2c864b0ce6d3b7a0152031fde7ab48628caee122fa444971a6c50412,2,17794,111421,0.0,0.0,0.000289,0.000294,0.102208,0.102208,0.0,5.000000000000013e-06,0.0
c5b59dc8463a30698a35a84bc4899727394c604799f9b33f793b6c3dd74702ad,2,42376,359288,0.0,0.0,0.00322,0.003232,0.004044,0.004044,0.0,1.1999999999999858e-05,0.0
c6d150bf549a17d0c49a736fdbe2ad67403ea09510556f6dbebdc7ba1927ab1f,2,44589,225388,2e-06,2e-06,0.002788,0.002788,0.005738,0.005738,0.0,0.0,0.0
c9225303852d9736f2443aff6d6808d171cbb1c5c9ed99ac7afcbdb7b686e2ef,2,52379,194601,0.0,0.0,0.001644,0.001653,0.395523,0.395523,0.0,8.999999999999894e-06,0.0
c9a0ef39f5271ae935cf7a6053049c4aa3677530eebc5ea060673e25c927e64b,2,7220,60968,0.0,3e-06,0.000888,0.00089,0.124615,0.124615,3e-06,1.99999999999994e-06,0.0
ce8faf480258a2a182c1f29ef6123ce7ce6403f9f85f679b741fa52106154f2c,2,40016,180667,0.0,0.0,0.001362,0.00137,0.058976,0.058976,0.0,7.999999999999978e-06,0.0
cfcfa0ee28178bbb640c06f1f3aaa24975e2c011d9f75cf6936e7afd2cfb73bd,2,23233,212938,0.0,0.0,0.003636,0.003672,0.003006,0.003006,0.0,3.600000000000001e-05,0.0
d025c3021ed6db78015061b7bfdf30a8e7aeb6c851c278fb5677b6956f330542,2,14298,187183,4e-06,4e-06,0.001934,0.001941,0.302416,0.302416,0.0,7.000000000000062e-06,0.0
d0580db3eb5ae5673a721c22a9aba17c1a7614672e1ba1c8d6c922b4f6b61ed4,2,56326,182064,0.0,0.0,0.002221,0.002243,0.180568,0.180568,0.0,2.2000000000000318e-05,0.0
d126315415ef9eb424a426478ba9513ef7ac9761cd14e88617d503dab74379bd,2,2457,97587,0.0,0.0,0.001684,0.001684,0.051982,0.051982,0.0,0.0,0.0
d3419fed2fcd1590023fb34bbb2adc74b6af0d2bddb5db15d8a0ba306224eb4b,2,8116,169129,4e-06,4e-06,0.001633,0.001644,0.031376,0.031376,0.0,1.1000000000000159e-05,0.0
d75e7096f81abe6c8323a07ceb20bd2b4bc0fdb5788156102fedfb7fdd9dc69d,2,23122,98589,0.0,0.0,0.002455,0.002455,0.001149,0.001149,0.0,0.0,0.0
d7f056351f2e6040e9ff071de952288d0221bac3a32c0e71c695aa3bf2192fb1,2,14759,138328,0.0,0.0,0.002419,0.002446,0.017166,0.017166,0.0,2.699999999999968e-05,0.0
daa5427bf9d24e51ad515da622fc878cd1e6b31789c583301be97a099acb8565,2,30346,56825,0.0,0.0,0.000185,0.000192,1.1e-05,1.1e-05,0.0,7.0000000000000075e-06,0.0
db7352d24852b5ff21f2d9b290f19255f9a3cfbf00f0653d0dff30f1736d9e75,2,43169,61201,0.0,0.0,0.004288,0.004288,0.023564,0.023564,0.0,0.0,0.0
dc29f8c6d0bb974db5edbcc7ddd41de934dbefb08d448884a5ab2537d5fd0ea5,2,44380,227002,6e-06,6e-06,0.001487,0.001487,0.162515,0.162515,0.0,0.0,0.0
ddeb77c80d8c2fe9a151861023982f2a41ab97cf7fca0208cde62a1fcf151a1f,2,11273,144855,4e-06,4e-06,0.000819,0.000825,0.03749,0.03749,0.0,6.000000000000037e-06,0.0
ddf471b2cfa2b75d671f6e1427eb9ee9c71858949b8831f77ad7167129f95820,2,50888,170341,0.0,0.0,0.002611,0.00262,0.221261,0.221261,0.0,8.999999999999894e-06,0.0
e1c749ad7db3cfedf7da813d80e5fafa3eb495917cc099377c96a8a4f434d70c,2,3428,95493,0.0,0.0,0.002249,0.00225,0.013812,0.013812,0.0,9.99999999999699e-07,0.0
e7367caa388dcd3ed4fa6cbf142fdd0c062d896e9249ed51593f9de9e6fad27c,2,28354,120782,4e-06,4e-06,0.002903,0.002903,0.013456,0.013456,0.0,0.0,0.0
e84d0d679b10bb5adf6ad9f629aa29cd1576a827d13c52f492f63f77f6f97b57,2,50218,172033,0.0,0.0,0.002553,0.002558,0.395117,0.395118,0.0,4.999999999999796e-06,1.0000000000287557e-06
eb2f1d0b7bfd59123a9badef3caf2f7cc806e05fd0513901ebe867ebfbe1963f,2,31861,80229,0.0,0.0,6.6e-05,6.7e-05,0.007828,0.007828,0.0,9.999999999999972e-07,0.0
eb86c067b101d0325fe57fc52c7ed26825193a56a457a309490489224e0cea25,2,25343,193560,3e-06,3e-06,0.003421,0.003442,0.484777,0.484777,0.0,2.1000000000000185e-05,0.0
ec39192657eeab99f0ab5f902055affb8d62fd8297d2a344e2289cb46243c596,2,31569,199036,5e-06,5e-06,0.000637,0.000637,0.336662,0.336662,0.0,0.0,0.0
ec61deee4014f75e2377dfdcf5bf9f5b2bd578e42e90c1b73336446a54843ab3,2,21503,137561,0.0,0.0,0.004326,0.004355,0.130204,0.130204,0.0,2.900000000000038e-05,0.0
edf833cf6a4a5fa28d4a1585ce54a7ee47a414dbc8c718114cdfbabfd3cdcd9d,2,17680,229548,2e-06,2e-06,0.000215,0.000215,0.142568,0.142568,0.0,0.0,0.0
f1c70c1df61bfb4945fee961aab6d56909b831c135e0f966b68c413e1c16b54e,2,13370,144336,0.0,0.0,0.003361,0.003365,9.5e-05,9.5e-05,0.0,4.000000000000097e-06,0.0
f5670d85e1d83f4a4a88943a986354d90234d31cbacda2440dfbaade07b21548,2,20872,185355,1e-06,1e-06,0.001212,0.001224,0.46774,0.46774,0.0,1.2000000000000075e-05,0.0
f5788af6b773414768159568f9edc17d75fdbc3dcc8ee0dfa33e28f9d9596265,2,2456,185864,0.0,0.0,0.003123,0.003164,0.121359,0.121359,0.0,4.100000000000024e-05,0.0
f72d986879f7d979cb1f3e9369e881274b929eccc33a05b9b38b87dcac842aa2,2,35684,105945,0.0,0.0,2.8e-05,2.9e-05,0.13269,0.13269,0.0,1.0000000000000006e-06,0.0
f9f0309b4c2706e38e3bec06825ea1f3b42086610a5b289c95c6fee4f195babe,2,2797,226084,0.0,0.0,0.000328,0.000331,0.021427,0.021427,0.0,3.0000000000000187e-06,0.0
fb64b648622fcbcda66d878a988be34435ca236268ffb401d4b0ce0c58067844,2,52901,84028,0.0,0.0,0.004704,0.004726,0.01705,0.01705,0.0,2.2000000000000318e-05,0.0
fe137bcb88e14b0334c4bbb71935f0a101614113fd81eb7f153ee4b37ff3d9c2,2,42462,189205,1e-06,1e-06,0.00076,0.000763,0.472392,0.472392,0.0,2.9999999999999645e-06,0.0
fee3e41061e28fe53f210f5ff9f125d61abd06c1a136677bf067e5fe77362137,2,18978,68118,0.0,0.0,0.001271,0.001273,0.217915,0.217915,0.0,2.0000000000000486e-06,0.0
