task,experiment,status,status_reason,formula,n_atoms,encut_ev,n_kpoints,entry,kind,merge_class,ordering_index,is_released_ordering,relax_cell.energy_ev,relax_cell.energy_ev_per_atom,relax_cell.volume_a3,relax_cell.release_ev_per_atom,relax_cell.n_ionic_steps,relax_cell.converged,relax_cell.elapsed_s,relax_cell.close_ions_warning,static.energy_ev,static.energy_ev_per_atom,static.volume_a3,static.release_ev_per_atom,static.n_ionic_steps,static.converged,static.elapsed_s,static.close_ions_warning
E2-0466bbe21f-o00,E2,complete,,LaPr(Al4Co)2,12,520.0,160,0466bbe21f,gnome,RE,0,True,-59.80353052,-4.983627543333333,217.2267409412988,0.00022183750000041394,8,True,267.074,False,-59.79917106,-4.983264255,217.2267409412988,0.0,1,False,47.689,False
E2-0466bbe21f-o01,E2,complete,,LaPr(Al4Co)2,12,520.0,160,0466bbe21f,gnome,RE,1,False,-59.80364601,-4.9836371675,217.09714631600497,0.00047336166666648677,13,True,410.093,False,-59.79923571,-4.9832696425,217.09714631600497,0.0,1,False,47.276,False
E2-08ffff2afe-o00,E2,complete,,Th2CoSi(PIr)3,10,520.0,147,08ffff2afe,gnome,G9,0,True,-81.09088093,-8.109088093,164.7811042593821,0.00011484399999943662,8,True,188.637,False,-81.08378449,-8.108378449,164.7811042593821,0.0,1,False,30.76,False
E2-08ffff2afe-o01,E2,complete,,Th2CoSi(PIr)3,10,520.0,147,08ffff2afe,gnome,G9,1,False,-80.52018791,-8.052018791,168.27145892426157,0.05689458200000104,15,True,397.279,False,-80.52526566,-8.052526566000001,168.27145892426157,0.0,1,False,104.343,False
E2-08ffff2afe-o02,E2,complete,,Th2CoSi(PIr)3,10,520.0,147,08ffff2afe,gnome,G9,2,False,-80.94158942,-8.094158942,164.7954897411888,0.061783843000000616,16,True,422.861,False,-80.93380988,-8.093380988,164.7954897411888,0.0,1,False,29.07,False
E2-1d214d5c6e-o00,E2,complete,,Y3Ho(RhO3)4,20,520.0,120,1d214d5c6e,gnome,RE,0,True,-156.1810837,-7.809054184999999,232.32583478540428,0.0023556469999988392,7,True,436.753,False,-156.17575932,-7.808787966,232.32583478540428,0.0,1,False,90.474,False
E2-1d214d5c6e-o01,E2,complete,,Y3Ho(RhO3)4,20,520.0,120,1d214d5c6e,gnome,RE,1,False,-156.18123986,-7.809061993,232.347739484841,0.0027718794999998407,10,True,602.391,False,-156.17593085,-7.8087965425,232.347739484841,0.0,1,False,91.07,False
E2-1d214d5c6e-o02,E2,complete,,Y3Ho(RhO3)4,20,520.0,120,1d214d5c6e,gnome,RE,2,False,-156.1813383,-7.809066915,232.309870961477,0.0027436574999995856,12,True,642.397,False,-156.17599123,-7.8087995615,232.309870961477,0.0,1,False,90.359,False
E2-1d214d5c6e-o03,E2,complete,,Y3Ho(RhO3)4,20,520.0,120,1d214d5c6e,gnome,RE,3,False,-156.18134019,-7.8090670095,232.31230052426352,0.0027059934999996925,12,True,641.299,False,-156.17599079,-7.808799539499999,232.31230052426352,0.0,1,False,90.657,False
E2-246bffd300-o00,E2,complete,,ThNp(TeAs)2,6,520.0,196,246bffd300,gnome,G3,0,True,-41.29530869,-6.882551448333333,159.8790418835412,0.007553563333332865,19,True,592.489,False,-41.29555592,-6.882592653333333,159.8790418835412,0.0,1,False,183.297,False
E2-246bffd300-o01,E2,complete,,ThNp(TeAs)2,6,520.0,196,246bffd300,gnome,G3,1,False,-41.2953092,-6.882551533333333,159.94338026410824,0.015390191666665961,13,True,634.081,False,-41.2910577,-6.88184295,159.94338026410824,0.0,1,False,389.13,False
E2-25c316ed15-o00,E2,complete,,La3TbNi2(AsSe)2,10,520.0,128,25c316ed15,gnome,RE,0,True,-61.16343708,-6.1163437080000005,229.50153834463632,7.28729999998734e-05,10,True,421.508,False,-61.17384243,-6.117384243,229.50153834463632,0.0,1,False,63.097,False
E2-25c316ed15-o01,E2,complete,,La3TbNi2(AsSe)2,10,520.0,128,25c316ed15,gnome,RE,1,False,-61.16288886,-6.116288886,229.58713959890304,0.038801331000000515,47,True,1917.892,False,-61.17308877,-6.117308877,229.58713959890304,0.0,1,False,56.519,False
E2-25c316ed15-o02,E2,complete,,La3TbNi2(AsSe)2,10,520.0,128,25c316ed15,gnome,RE,2,False,-61.16264081,-6.116264081,229.46313019984598,0.03963783499999991,22,True,1300.669,False,-61.17322893,-6.117322893,229.46313019984598,0.0,1,False,65.074,False
E2-25c316ed15-o03,E2,complete,,La3TbNi2(AsSe)2,10,520.0,128,25c316ed15,gnome,RE,3,False,-61.16270804,-6.116270804,229.6160380034704,0.038916583999999685,36,True,1514.414,False,-61.17396362,-6.117396362,229.6160380034704,0.0,1,False,65.219,False
E2-28ace91038-o00,E2,complete,,Dy3Er(Si4Tc3)2,18,520.0,125,28ace91038,gnome,RE,0,True,-136.69120751,-7.593955972777778,291.4795310685603,0.0016055672222216168,35,True,2033.011,False,-136.69037874,-7.59390993,291.4795310685603,0.0,1,False,125.268,False
E2-28ace91038-o01,E2,complete,,Dy3Er(Si4Tc3)2,18,520.0,125,28ace91038,gnome,RE,1,False,-136.66745103,-7.592636168333333,291.30038289502266,0.0005420733333336455,9,True,539.963,False,-136.66545392,-7.592525217777778,291.30038289502266,0.0,1,False,123.652,False
E2-28ace91038-o02,E2,complete,,Dy3Er(Si4Tc3)2,18,520.0,125,28ace91038,gnome,RE,2,False,-136.69083104,-7.593935057777778,291.406541709148,0.0019138355555554654,36,True,2177.249,False,-136.68995824,-7.593886568888889,291.406541709148,0.0,1,False,129.614,False
E2-28ace91038-o03,E2,complete,,Dy3Er(Si4Tc3)2,18,520.0,125,28ace91038,gnome,RE,3,False,-136.66721836,-7.5926232422222215,291.316846794367,0.0006765127777773235,7,True,476.617,False,-136.66524476,-7.592513597777778,291.316846794367,0.0,1,False,127.527,False
E2-2afa0c9849-o00,E2,complete,,CoB2MoW,5,520.0,880,2afa0c9849,gnome,G6,0,True,-46.75400244,-9.350800488,51.51665740182154,0.000712404000000788,4,True,128.909,False,-46.75357771,-9.350715542,51.51665740182154,0.0,1,False,54.679,False
E2-2afa0c9849-o01,E2,complete,,CoB2MoW,5,520.0,880,2afa0c9849,gnome,G6,1,False,-46.75401655,-9.35080331,51.51883447992972,0.0011206600000008393,5,True,154.342,False,-46.75358421,-9.350716842,51.51883447992972,0.0,1,False,54.572,False
E2-534b96980f-o00,E2,complete,,Dy9Ho3InCo4Ir,18,520.0,125,534b96980f,gnome,G9,0,True,-100.13566325,-5.5630924027777775,436.6978369895521,0.0004658388888887859,17,True,2843.322,False,-100.13744236,-5.563191242222222,436.6978369895521,0.0,1,False,285.902,False
E2-534b96980f-o01,E2,complete,,Dy9Ho3InCo4Ir,18,520.0,125,534b96980f,gnome,G9,1,False,-99.70630842,-5.539239356666666,439.74032038396126,0.013396274999999649,18,True,3601.865,False,-99.70868119,-5.539371177222222,439.74032038396126,0.0,1,False,378.196,False
E2-534b96980f-o02,E2,complete,,Dy9Ho3InCo4Ir,18,520.0,125,534b96980f,gnome,G9,2,False,-99.70678583,-5.539265879444445,440.0777678511879,0.013397081111111535,24,True,4188.962,False,-99.70922802,-5.539401556666666,440.0777678511879,0.0,1,False,425.404,False
E2-534b96980f-o03,E2,complete,,Dy9Ho3InCo4Ir,18,520.0,125,534b96980f,gnome,G9,3,False,-99.81853873,-5.545474373888889,437.4762029445268,0.013547283333333363,28,True,5264.533,False,-99.81592361,-5.5453290894444445,437.4762029445268,0.0,1,False,287.78,False
E2-534b96980f-o04,E2,complete,,Dy9Ho3InCo4Ir,18,520.0,125,534b96980f,gnome,G9,4,False,-99.81160593,-5.545089218333334,436.6051966920544,0.01353640944444439,27,True,5225.57,False,-99.80876499,-5.5449313883333335,436.6051966920544,0.0,1,False,288.685,False
E2-564c88516a-o00,E2,complete,,Ho2Er2Ru7W,12,520.0,196,564c88516a,gnome,RE,0,True,-99.49337796,-8.29111483,215.34112504282714,0.0005526341666666212,11,True,958.856,False,-99.49637266,-8.291364388333333,215.34112504282714,0.0,1,False,106.991,False
E2-564c88516a-o01,E2,complete,,Ho2Er2Ru7W,12,520.0,196,564c88516a,gnome,RE,1,False,-99.4933727,-8.291114391666666,215.29111780370815,0.000834076666665832,9,True,852.245,False,-99.49639359,-8.2913661325,215.29111780370815,0.0,1,False,106.546,False
E2-564c88516a-o02,E2,complete,,Ho2Er2Ru7W,12,520.0,196,564c88516a,gnome,RE,2,False,-99.49260995,-8.291050829166666,215.3557872051848,0.0006216216666672381,9,True,811.454,False,-99.49565142,-8.291304285,215.3557872051848,0.0,1,False,115.375,False
E2-564c88516a-o03,E2,complete,,Ho2Er2Ru7W,12,520.0,196,564c88516a,gnome,RE,3,False,-99.48904481,-8.290753734166666,215.4187093984154,0.0006110816666667537,8,True,759.489,False,-99.49214106,-8.291011755,215.4187093984154,0.0,1,False,105.684,False
E2-564c88516a-o04,E2,complete,,Ho2Er2Ru7W,12,520.0,196,564c88516a,gnome,RE,4,False,-99.49621798,-8.291351498333333,215.33840840886623,0.0006528133333330762,12,True,997.707,False,-99.49921126,-8.291600938333334,215.33840840886623,0.0,1,False,106.92,False
E2-564c88516a-o05,E2,complete,,Ho2Er2Ru7W,12,520.0,196,564c88516a,gnome,RE,5,False,-99.49266544,-8.291055453333334,215.3632367986626,0.0006319549999993512,12,True,983.607,False,-99.4956679,-8.291305658333334,215.3632367986626,0.0,1,False,106.526,False
E2-5aa0e511e1-o00,E2,complete,,Hf3Zr(CuSi)4,12,520.0,160,5aa0e511e1,gnome,G4,0,True,-82.50252885,-6.875210737500001,183.61366720377885,0.00014724333333404616,6,True,225.364,False,-82.50096534,-6.875080444999999,183.61366720377885,0.0,1,False,60.805,False
E2-5aa0e511e1-o01,E2,complete,,Hf3Zr(CuSi)4,12,520.0,160,5aa0e511e1,gnome,G4,1,False,-82.5026052,-6.8752171,183.65408970575524,0.0007808241666668417,8,True,308.634,False,-82.50091227,-6.8750760225,183.65408970575524,0.0,1,False,61.077,False
E2-5aa0e511e1-o02,E2,complete,,Hf3Zr(CuSi)4,12,520.0,160,5aa0e511e1,gnome,G4,2,False,-82.50261816,-6.87521818,183.6088595002339,0.0009559399999995813,17,True,451.565,False,-82.50104244,-6.8750868700000005,183.6088595002339,0.0,1,False,60.825,False
E2-5aa0e511e1-o03,E2,complete,,Hf3Zr(CuSi)4,12,520.0,160,5aa0e511e1,gnome,G4,3,False,-82.50245839,-6.875204865833333,183.71659296077664,0.0011818549999998613,12,True,360.093,False,-82.50129148,-6.875107623333334,183.71659296077664,0.0,1,False,61.46,False
E2-6e68f02c05-o00,E2,complete,,Pr3Nd(GaIr)4,12,520.0,140,6e68f02c05,gnome,RE,0,True,-74.95658775,-6.2463823125,248.7973307423934,0.00048010499999998996,10,True,421.923,False,-74.96460586,-6.2470504883333335,248.7973307423934,0.0,1,False,59.85,False
E2-6e68f02c05-o01,E2,complete,,Pr3Nd(GaIr)4,12,520.0,140,6e68f02c05,gnome,RE,1,False,-74.95661945,-6.246384954166667,248.83752316962415,0.0008687500000010099,15,True,474.381,False,-74.96459839,-6.2470498658333335,248.83752316962415,0.0,1,False,60.143,False
E2-6e68f02c05-o02,E2,complete,,Pr3Nd(GaIr)4,12,520.0,140,6e68f02c05,gnome,RE,2,False,-74.95654058,-6.246378381666666,248.85108652075183,0.0007393800000000302,9,True,394.764,False,-74.96457771,-6.2470481425,248.85108652075183,0.0,1,False,59.557,False
E2-6e68f02c05-o03,E2,complete,,Pr3Nd(GaIr)4,12,520.0,140,6e68f02c05,gnome,RE,3,False,-74.95660906,-6.2463840883333335,248.76982900097133,0.0006965333333338227,10,True,437.34,False,-74.96459545,-6.247049620833334,248.76982900097133,0.0,1,False,59.635,False
E2-71535fbd12-o00,E2,complete,,SmY(GaPt)4,10,520.0,147,71535fbd12,gnome,RE,0,True,-56.52275153,-5.652275153,188.81319385562531,0.0006102949999998941,18,True,469.415,False,-56.53942358,-5.653942358,188.81319385562531,0.0,1,False,31.044,False
E2-71535fbd12-o01,E2,complete,,SmY(GaPt)4,10,520.0,147,71535fbd12,gnome,RE,1,False,-56.52295702,-5.652295702,188.73458468183085,0.0014326150000002259,19,True,499.683,False,-56.53990612,-5.653990611999999,188.73458468183085,0.0,1,False,31.222,False
E2-796ac4663f-o00,E2,complete,,Y9Tm(AlSb)3,16,520.0,80,796ac4663f,gnome,RE,0,True,-96.79071525,-6.049419703125,440.0508941243285,0.00012865062500022617,5,True,391.47,False,-96.79121502,-6.04945093875,440.0508941243285,0.0,1,False,145.973,False
E2-796ac4663f-o01,E2,complete,,Y9Tm(AlSb)3,16,520.0,80,796ac4663f,gnome,RE,1,False,-96.7902359,-6.04938974375,440.01012853774716,0.00048231812499999194,7,True,560.764,False,-96.79092373,-6.049432733125,440.01012853774716,0.0,1,False,192.815,False
E2-796ac4663f-o02,E2,complete,,Y9Tm(AlSb)3,16,520.0,80,796ac4663f,gnome,RE,2,False,-96.78347224,-6.048967015,440.3500190595508,0.0005226124999992976,7,True,554.467,False,-96.7841092,-6.049006825,440.3500190595508,0.0,1,False,146.569,False
E2-796ac4663f-o03,E2,complete,,Y9Tm(AlSb)3,16,520.0,80,796ac4663f,gnome,RE,3,False,-96.78357243,-6.048973276875,439.82653580978547,0.0007835262500002216,9,True,672.04,False,-96.78427409,-6.049017130625,439.82653580978547,0.0,1,False,189.639,False
E2-796ac4663f-o04,E2,complete,,Y9Tm(AlSb)3,16,520.0,80,796ac4663f,gnome,RE,4,False,-96.74210658,-6.04638166125,440.62773899218183,0.0004896900000002091,6,True,496.752,False,-96.74252115,-6.046407571875,440.62773899218183,0.0,1,False,167.972,False
E2-796ac4663f-o05,E2,complete,,Y9Tm(AlSb)3,16,520.0,80,796ac4663f,gnome,RE,5,False,-96.7309315,-6.04568321875,440.59979150480586,0.0005076481249997045,6,True,498.322,False,-96.73152614,-6.04572038375,440.59979150480586,0.0,1,False,160.026,False
E2-796ac4663f-o06,E2,complete,,Y9Tm(AlSb)3,16,520.0,80,796ac4663f,gnome,RE,6,False,-96.72355368,-6.045222105,440.7153586895019,0.0005384924999995988,6,True,483.346,False,-96.72366872,-6.045229295,440.7153586895019,0.0,1,False,155.409,False
E2-796ac4663f-o07,E2,complete,,Y9Tm(AlSb)3,16,520.0,80,796ac4663f,gnome,RE,7,False,-96.70624503,-6.044140314375,440.7312818573562,0.000497826875000662,6,True,502.716,False,-96.70640861,-6.044150538125,440.7312818573562,0.0,1,False,185.217,False
E2-796ac4663f-o08,E2,complete,,Y9Tm(AlSb)3,16,520.0,80,796ac4663f,gnome,RE,8,False,-96.69973863,-6.043733664375,440.6824352492943,0.000533291250000012,6,True,491.674,False,-96.69971427,-6.043732141875,440.6824352492943,0.0,1,False,180.35,False
E2-796ac4663f-o09,E2,complete,,Y9Tm(AlSb)3,16,520.0,80,796ac4663f,gnome,RE,9,False,-96.72417665,-6.045261040625,440.24396005766044,0.000496321249999987,7,True,562.469,False,-96.7244271,-6.04527669375,440.24396005766044,0.0,1,False,175.75,False
E2-7faf28fa5d-o00,E2,complete,,Y3HoTiPd15,20,520.0,98,7faf28fa5d,gnome,RE,0,True,-126.34704367,-6.317352183500001,340.3974172391377,0.0006776085000005594,5,True,818.761,False,-126.3374117,-6.316870585,340.3974172391377,0.0,1,False,181.574,False
E2-7faf28fa5d-o01,E2,complete,,Y3HoTiPd15,20,520.0,98,7faf28fa5d,gnome,RE,1,False,-126.34245733,-6.3171228665,340.371998947423,0.0010356980000004513,9,True,1169.765,False,-126.33339138,-6.316669569,340.371998947423,0.0,1,False,292.173,False
E2-7faf28fa5d-o02,E2,complete,,Y3HoTiPd15,20,520.0,98,7faf28fa5d,gnome,RE,2,False,-126.34266389,-6.3171331945,340.33807541379065,0.000916490999999553,11,True,1375.116,False,-126.33349039,-6.316674519499999,340.33807541379065,0.0,1,False,223.769,False
E2-7faf28fa5d-o03,E2,complete,,Y3HoTiPd15,20,520.0,98,7faf28fa5d,gnome,RE,3,False,-126.34687055,-6.3173435275,340.21909083317036,0.0008952825000001496,9,True,1168.945,False,-126.3372059,-6.316860295,340.21909083317036,0.0,1,False,186.923,False
E2-84b0225bbe-o00,E2,incomplete,stage static never ran,TbEuY5NiI12,20,520.0,64,84b0225bbe,gnome,RE,0,True,-91.85406477,-4.5927032384999995,789.4394378295755,0.0,1,False,,False,,,,,,,,
E2-84b0225bbe-o01,E2,incomplete,stage static never ran,TbEuY5NiI12,20,520.0,64,84b0225bbe,gnome,RE,1,False,-85.08710672,-4.254355336,1040.970361831224,0.03165391949999972,3,False,,False,,,,,,,,
E2-84b0225bbe-o02,E2,incomplete,stage static never ran,TbEuY5NiI12,20,520.0,64,84b0225bbe,gnome,RE,2,False,-73.76073188,-3.6880365939999997,503.0866339314547,-0.8181619935000001,2,False,,False,,,,,,,,
E2-84b0225bbe-o03,E2,incomplete,stage static never ran,TbEuY5NiI12,20,520.0,64,84b0225bbe,gnome,RE,3,False,-90.40571755,,789.44,,0,False,,False,,,,,,,,
E2-84b0225bbe-o04,E2,incomplete,stage static never ran,TbEuY5NiI12,20,520.0,64,84b0225bbe,gnome,RE,4,False,-76.36552606,,789.4394378295755,,0,False,,False,,,,,,,,
E2-84b0225bbe-o05,E2,incomplete,stage static never ran,TbEuY5NiI12,20,520.0,64,84b0225bbe,gnome,RE,5,False,-91.06849352,-4.553424676000001,789.4394378295755,0.0,1,False,,False,,,,,,,,
E2-84b0225bbe-o06,E2,unconverged,stage relax_cell hit the ionic step limit,TbEuY5NiI12,20,520.0,64,84b0225bbe,gnome,RE,6,False,-95.10465068,-4.755232534,789.4394378295755,0.2032603080000001,200,False,47257.076,False,-90.67703297,-4.5338516485,789.4394378295755,0.0,1,False,4233.624,False
E2-a96b08ccec-o00,E2,complete,,LaSm3(AuO3)4,20,520.0,144,a96b08ccec,gnome,RE,0,True,-128.94374021,-6.4471870104999995,293.7891269347628,0.0012632154999991485,9,True,648.444,False,-128.94196565,-6.447098282499999,293.7891269347628,0.0,1,False,117.982,False
E2-a96b08ccec-o01,E2,complete,,LaSm3(AuO3)4,20,520.0,144,a96b08ccec,gnome,RE,1,False,-128.94430957,-6.4472154785,293.82735884179755,0.011231791000000158,23,True,1570.851,False,-128.94265115,-6.4471325575,293.82735884179755,0.0,1,False,118.159,False
E2-a96b08ccec-o02,E2,complete,,LaSm3(AuO3)4,20,520.0,144,a96b08ccec,gnome,RE,2,False,-128.94397387,-6.447198693500001,293.78321753194024,0.011020303000000809,22,True,1464.245,False,-128.94220667,-6.4471103334999995,293.78321753194024,0.0,1,False,117.919,False
E2-a96b08ccec-o03,E2,complete,,LaSm3(AuO3)4,20,520.0,144,a96b08ccec,gnome,RE,3,False,-128.94348729,-6.4471743645,293.73891093403086,0.0119071445000003,20,True,1409.123,False,-128.94172336,-6.447086168,293.73891093403086,0.0,1,False,117.518,False
E2-b3980e2566-o00,E2,complete,,Ho3Tm(Pd2Pb)2,10,520.0,128,b3980e2566,gnome,RE,0,True,-54.44041202,-5.444041201999999,224.169607660495,0.00018162899999936145,9,True,220.742,False,-54.44691193,-5.444691193,224.169607660495,0.0,1,False,33.243,False
E2-b3980e2566-o01,E2,complete,,Ho3Tm(Pd2Pb)2,10,520.0,128,b3980e2566,gnome,RE,1,False,-54.44041058,-5.444041058,224.25522835387673,0.0007177209999994716,8,True,249.668,False,-54.44651266,-5.444651266,224.25522835387673,0.0,1,False,36.043,False
E2-b3980e2566-o02,E2,complete,,Ho3Tm(Pd2Pb)2,10,520.0,128,b3980e2566,gnome,RE,2,False,-54.44042125,-5.444042125,224.30450625825412,0.0007707289999999035,8,True,251.533,False,-54.44662708,-5.444662708,224.30450625825412,0.0,1,False,47.009,False
E2-c8a57ff7e1-o00,E2,complete,,NdDy(SiRu)2,6,520.0,245,c8a57ff7e1,gnome,RE,0,True,-43.26775967,-7.211293278333333,119.89423430954834,0.0003599333333331363,13,True,163.011,False,-43.27062666,-7.21177111,119.89423430954834,0.0,1,False,13.89,False
E2-c8a57ff7e1-o01,E2,complete,,NdDy(SiRu)2,6,520.0,245,c8a57ff7e1,gnome,RE,1,False,-43.2678711,-7.21131185,120.04227405906457,0.027008131666666674,19,True,255.353,False,-43.27070688,-7.2117844799999995,120.04227405906457,0.0,1,False,13.642,False
E2-cod-1511279-o00,E2,complete,,Tl3BO3,14,520.0,128,cod-1511279,experimental,G13,0,True,-75.36655297,-5.383325212142857,299.69831853082826,0.007787315714285877,22,True,329.689,False,-75.38384274,-5.384560195714286,299.69831853082826,0.0,1,False,30.664,False
E2-cod-1511279-o01,E2,unconverged,stage relax_cell hit the ionic step limit,Tl3BO3,14,520.0,128,cod-1511279,experimental,G13,1,False,-71.67857069,-5.119897906428571,350.63877281871453,6.822657595714285,200,False,3963.936,True,-71.83130437,-5.130807455,350.63877281871453,0.0,1,False,50.702,False
E2-cod-1511279-o02,E2,unconverged,stage relax_cell hit the ionic step limit,Tl3BO3,14,520.0,128,cod-1511279,experimental,G13,2,False,-71.91968273,-5.1371201950000005,332.2487207117698,6.823018707857143,200,False,3933.11,True,-72.05622798,-5.146873427142857,332.2487207117698,0.0,1,False,46.564,False
E2-cod-1511279-o03,E2,unconverged,stage relax_cell hit the ionic step limit,Tl3BO3,14,520.0,128,cod-1511279,experimental,G13,3,False,-64.53035572,-4.609311122857143,336.064563596573,6.307250185714286,200,False,3839.691,True,-64.68490713,-4.620350509285714,336.064563596573,0.0,1,False,38.83,False
E2-cod-1511279-o04,E2,unconverged,stage relax_cell hit the ionic step limit,Tl3BO3,14,520.0,128,cod-1511279,experimental,G13,4,False,-72.32870119,-5.166335799285714,317.13252839068,3.376912200714286,200,False,3450.467,True,-72.40889708,-5.172064077142857,317.13252839068,0.0,1,False,41.188,False
E2-cod-1511279-o05,E2,unconverged,stage relax_cell hit the ionic step limit,Tl3BO3,14,520.0,128,cod-1511279,experimental,G13,5,False,-68.6779843,-4.905570307142858,339.8713508221869,3.143049912857143,200,False,3520.062,True,-68.87376881,-4.919554915,339.8713508221869,0.0,1,False,45.867,False
E2-cod-1532896-o00,E2,complete,,LaYbS3,10,520.0,160,cod-1532896,experimental,RE,0,True,-55.41468993,-5.5414689930000005,249.59028714124585,0.054798364999999905,39,True,1712.76,False,-55.43591812,-5.543591812,249.59028714124585,0.0,1,False,86.69,False
E2-cod-1532896-o01,E2,complete,,LaYbS3,10,520.0,160,cod-1532896,experimental,RE,1,False,-56.01495554,-5.601495554,259.341476723371,0.2319432490000004,40,True,1480.385,False,-56.0212751,-5.60212751,259.341476723371,0.0,1,False,72.343,False
E2-cod-1532896-o02,E2,complete,,LaYbS3,10,520.0,160,cod-1532896,experimental,RE,2,False,-54.71933737,-5.471933737,260.7872682709048,0.19571656500000004,24,True,877.992,False,-54.72587367,-5.472587367,260.7872682709048,0.0,1,False,59.299,False
E2-cod-1532898-o00,E2,complete,,LaYbSe3,10,520.0,120,cod-1532898,experimental,RE,0,True,-50.7536851,-5.07536851,283.91451204776797,0.05354887299999973,41,True,1414.718,False,-50.75655571,-5.075655571,283.91451204776797,0.0,1,False,60.273,False
E2-cod-1532898-o01,E2,complete,,LaYbSe3,10,520.0,120,cod-1532898,experimental,RE,1,False,-50.96109727,-5.096109727,294.7085729293529,0.18677697399999998,41,True,1312.762,False,-50.96367162,-5.096367162,294.7085729293529,0.0,1,False,67.617,False
E2-cod-1532898-o02,E2,complete,,LaYbSe3,10,520.0,120,cod-1532898,experimental,RE,2,False,-50.03231196,-5.003231196,294.31905879158035,0.18970593200000038,32,True,1292.944,False,-50.03698251,-5.003698251,294.31905879158035,0.0,1,False,51.081,False
E2-cod-1532899-o00,E2,complete,,YbCeSe3,10,520.0,120,cod-1532899,experimental,RE,0,True,-53.24297676,-5.324297676,267.5151392909627,0.054871333999999904,16,True,1059.731,False,-53.24621224,-5.3246212239999995,267.5151392909627,0.0,1,False,270.824,False
E2-cod-1532899-o01,E2,complete,,YbCeSe3,10,520.0,120,cod-1532899,experimental,RE,1,False,-52.9962753,-5.29962753,275.34449278389565,0.030218187999999913,15,True,679.21,False,-53.00208565,-5.300208565,275.34449278389565,0.0,1,False,117.188,False
E2-cod-1532899-o02,E2,complete,,YbCeSe3,10,520.0,120,cod-1532899,experimental,RE,2,False,-52.89931231,-5.289931231,275.9677423686129,0.06783675299999956,34,True,2025.972,False,-52.90546367,-5.290546367,275.9677423686129,0.0,1,False,363.271,False
E2-cod-1532901-o00,E2,complete,,YbPrSe3,10,520.0,120,cod-1532901,experimental,RE,0,True,-49.77420138,-4.977420138,279.44725730354486,0.05080227600000029,29,True,672.34,False,-49.77854408,-4.977854408000001,279.44725730354486,0.0,1,False,36.992,False
E2-cod-1532901-o01,E2,complete,,YbPrSe3,10,520.0,120,cod-1532901,experimental,RE,1,False,-49.6645538,-4.96645538,293.3618708107855,0.20063391999999994,79,True,1991.012,False,-49.66616758,-4.966616758,293.3618708107855,0.0,1,False,49.012,False
E2-cod-1532901-o02,E2,complete,,YbPrSe3,10,520.0,120,cod-1532901,experimental,RE,2,False,-49.99894317,-4.999894317,289.7069653400812,0.16284186799999958,41,True,987.856,False,-50.00046396,-5.000046396,289.7069653400812,0.0,1,False,49.446,False
E2-da3fc5fe3a-o00,E2,complete,,Er4CuPdPt2,8,520.0,210,da3fc5fe3a,gnome,G10,0,True,-47.00810989,-5.87601373625,172.3516025364489,0.0009852437499997535,17,True,433.682,False,-47.00665241,-5.87583155125,172.3516025364489,0.0,1,False,59.368,False
E2-da3fc5fe3a-o01,E2,complete,,Er4CuPdPt2,8,520.0,210,da3fc5fe3a,gnome,G10,1,False,-46.95584044,-5.869480055,173.05615812892853,0.0036118175000003916,15,True,454.149,False,-46.95518593,-5.86939824125,173.05615812892853,0.0,1,False,57.617,False
E2-da3fc5fe3a-o02,E2,complete,,Er4CuPdPt2,8,520.0,210,da3fc5fe3a,gnome,G10,2,False,-47.04432348,-5.880540435,172.01676423511347,0.0021657775000001322,13,True,448.141,False,-47.04285091,-5.88035636375,172.01676423511347,0.0,1,False,61.698,False
E2-e26e41e868-o00,E2,complete,,ErTmCu2(AsP)2,8,520.0,192,e26e41e868,gnome,G15,0,True,-43.5040693,-5.4380086625,139.42815824819837,0.0011181049999997583,5,True,117.133,False,-43.53191679,-5.44148959875,139.42815824819837,0.0,1,False,26.185,False
E2-e26e41e868-o01,E2,complete,,ErTmCu2(AsP)2,8,520.0,192,e26e41e868,gnome,G15,1,False,-43.19344435,-5.39918054375,139.67415543784315,0.017746676249999815,16,True,327.86,False,-43.23182924,-5.403978655,139.67415543784315,0.0,1,False,32.99,False
E2-e26e41e868-o02,E2,complete,,ErTmCu2(AsP)2,8,520.0,192,e26e41e868,gnome,G15,2,False,-43.19072215,-5.39884026875,139.54918214440326,0.020003879999999974,13,True,299.511,False,-43.22881773,-5.40360221625,139.54918214440326,0.0,1,False,34.142,False
E2-e26e41e868-o03,E2,complete,,ErTmCu2(AsP)2,8,520.0,192,e26e41e868,gnome,G15,3,False,-42.80233159,-5.35029144875,140.19005244583784,0.04584246624999988,16,True,354.095,False,-42.85456908,-5.356821135,140.19005244583784,0.0,1,False,26.265,False
E2-e486492e85-o00,E2,complete,,AcAl2ZnGa,5,520.0,294,e486492e85,gnome,G13,0,True,-17.78021139,-3.5560422780000005,107.17185680712724,0.00021246800000014333,5,True,92.303,False,-17.77316081,-3.554632162,107.17185680712724,0.0,1,False,22.383,False
E2-e486492e85-o01,E2,complete,,AcAl2ZnGa,5,520.0,294,e486492e85,gnome,G13,1,False,-17.61684375,-3.5233687500000004,108.76069261278373,0.004381596000000343,8,True,143.782,False,-17.62898532,-3.5257970640000003,108.76069261278373,0.0,1,False,29.9,False
E2-e7fb13c8c6-o00,E2,complete,,Tc4MoPt2W,8,520.0,252,e7fb13c8c6,gnome,G6,0,True,-79.45496173,-9.93187021625,119.83861902069519,9.438374999959365e-05,4,True,56.012,False,-79.45297335,-9.93162166875,119.83861902069519,0.0,1,False,14.665,False
E2-e7fb13c8c6-o01,E2,complete,,Tc4MoPt2W,8,520.0,252,e7fb13c8c6,gnome,G6,1,False,-79.45598198,-9.9319977475,119.8865181433105,0.0020576574999999764,7,True,102.517,False,-79.4528787,-9.9316098375,119.8865181433105,0.0,1,False,14.194,False
E2-ed49d73522-o00,E2,complete,,TbTm4(TcO6)2,19,520.0,180,ed49d73522,gnome,RE,0,True,-158.88543542,-8.362391337894737,244.09847864756162,0.0013527300000003163,15,True,1041.12,False,-158.88549799,-8.362394631052632,244.09847864756162,0.0,1,False,158.679,False
E2-ed49d73522-o01,E2,complete,,TbTm4(TcO6)2,19,520.0,180,ed49d73522,gnome,RE,1,False,-158.88544388,-8.362391783157895,244.0291230378224,0.0058221373684201995,18,True,1189.965,False,-158.88540212,-8.36238958526316,244.0291230378224,0.0,1,False,152.743,False
E2-ed49d73522-o02,E2,complete,,TbTm4(TcO6)2,19,520.0,180,ed49d73522,gnome,RE,2,False,-158.86034856,-8.361070976842106,244.0890287439814,0.006095723684211407,19,True,1232.287,False,-158.86062446,-8.361085497894736,244.0890287439814,0.0,1,False,160.133,False
E2-ed49d73522-o03,E2,complete,,TbTm4(TcO6)2,19,520.0,180,ed49d73522,gnome,RE,3,False,-158.86020314,-8.361063323157895,244.0446397018746,0.006440520000000417,16,True,1137.481,False,-158.86043374,-8.36107546,244.0446397018746,0.0,1,False,99.263,False
E2-ed49d73522-o04,E2,complete,,TbTm4(TcO6)2,19,520.0,180,ed49d73522,gnome,RE,4,False,-158.78977347,-8.357356498421053,244.78617485468493,0.007097164736842088,17,True,1178.18,False,-158.79087419,-8.357414431052632,244.78617485468493,0.0,1,False,158.458,False
E2-ff3318ee91-o00,E2,complete,,TbSm(ScBi)2,6,520.0,196,ff3318ee91,gnome,RE,0,True,-33.3253599,-5.55422665,167.31898609262186,0.00010601666666687493,9,True,129.207,False,-33.32943563,-5.5549059383333335,167.31898609262186,0.0,1,False,19.53,False
E2-ff3318ee91-o01,E2,complete,,TbSm(ScBi)2,6,520.0,196,ff3318ee91,gnome,RE,1,False,-32.34926831,-5.391544718333333,168.25324863787975,0.09281434166666654,15,True,305.32,False,-32.35245542,-5.392075903333333,168.25324863787975,0.0,1,False,25.643,False
E2-ff3318ee91-o02,E2,complete,,TbSm(ScBi)2,6,520.0,196,ff3318ee91,gnome,RE,2,False,-32.79082038,-5.46513673,169.08372373422435,0.020392399999999828,14,True,281.446,False,-32.79554401,-5.465924001666667,169.08372373422435,0.0,1,False,37.694,False
E2-ff3318ee91-o03,E2,complete,,TbSm(ScBi)2,6,520.0,196,ff3318ee91,gnome,RE,3,False,-32.71807699,-5.453012831666666,168.76743387496765,0.03474915333333328,14,True,285.874,False,-32.71947141,-5.453245235,168.76743387496765,0.0,1,False,35.33,False
E2-ff3318ee91-o04,E2,complete,,TbSm(ScBi)2,6,520.0,196,ff3318ee91,gnome,RE,4,False,-32.79079102,-5.465131836666667,169.0670572738155,0.02390392833333384,19,True,333.925,False,-32.79549939,-5.465916565000001,169.0670572738155,0.0,1,False,34.156,False
E2-ff3318ee91-o05,E2,complete,,TbSm(ScBi)2,6,520.0,196,ff3318ee91,gnome,RE,5,False,-33.32537948,-5.554229913333334,167.29020835685643,0.0008031683333342698,9,True,156.109,False,-33.32943,-5.554905000000001,167.29020835685643,0.0,1,False,19.071,False
E2-ff3318ee91-o06,E2,complete,,TbSm(ScBi)2,6,520.0,196,ff3318ee91,gnome,RE,6,False,-32.71808962,-5.4530149366666665,168.79731388702848,0.03750271333333307,15,True,298.586,False,-32.71951816,-5.453253026666666,168.79731388702848,0.0,1,False,45.079,False
E2-exp01-o00,E2,complete,,YbNdS3,10,520.0,160,exp01,experimental,RE,0,True,-54.44246721,-5.444246721,242.49354696857927,0.051778947999999755,29,True,850.785,False,-54.44910242,-5.444910242000001,242.49354696857927,0.0,1,False,53.782,False
E2-exp01-o01,E2,complete,,YbNdS3,10,520.0,160,exp01,experimental,RE,1,False,-53.9090702,-5.39090702,252.2585508162945,0.12697880099999992,24,True,653.919,False,-53.91676878,-5.391676878,252.2585508162945,0.0,1,False,43.788,False
E2-exp01-o02,E2,complete,,YbNdS3,10,520.0,160,exp01,experimental,RE,2,False,-55.08532961,-5.508532961,252.00324590622952,0.19131935099999992,43,True,1156.608,False,-55.09090694,-5.509090694,252.00324590622952,0.0,1,False,52.693,False
E2-exp02-o00,E2,complete,,YbCeS3,10,520.0,160,exp02,experimental,RE,0,True,-58.55164353,-5.855164353,233.2502243175724,0.052799203,23,True,1109.086,False,-58.55287682,-5.855287682,233.2502243175724,0.0,1,False,122.095,False
E2-exp02-o01,E2,complete,,YbCeS3,10,520.0,160,exp02,experimental,RE,1,False,-58.34349813,-5.834349813,241.51059403586615,0.0134987670000001,14,True,613.286,False,-58.34813241,-5.834813241,241.51059403586615,0.0,1,False,114.546,False
E2-exp02-o02,E2,complete,,YbCeS3,10,520.0,160,exp02,experimental,RE,2,False,-58.23043343,-5.823043343,241.46600251977665,0.07325386400000014,41,True,2724.91,False,-58.2349892,-5.8234989200000005,241.46600251977665,0.0,1,False,285.097,False
E2-exp03-o00,E2,complete,,YbPrS3,10,520.0,160,exp03,experimental,RE,0,True,-54.44264019,-5.444264019,245.63542506065392,0.04924112699999981,29,True,823.074,False,-54.45088387,-5.445088387,245.63542506065392,0.0,1,False,61.768,False
E2-exp03-o01,E2,complete,,YbPrS3,10,520.0,160,exp03,experimental,RE,1,False,-53.82264214,-5.382264214,255.85779028433132,0.14940967699999988,25,True,671.573,False,-53.83033162,-5.383033162,255.85779028433132,0.0,1,False,43.894,False
E2-exp03-o02,E2,complete,,YbPrS3,10,520.0,160,exp03,experimental,RE,2,False,-55.04924741,-5.504924741,255.20247425747863,0.20229806799999964,46,True,1219.502,False,-55.05517773,-5.505517772999999,255.20247425747863,0.0,1,False,52.516,False
E2-exp04-o00,E2,complete,,YbNdSe3,10,520.0,120,exp04,experimental,RE,0,True,-49.73266217,-4.973266217,276.2618663462587,0.049505054999999486,32,True,766.478,False,-49.73697109,-4.973697109,276.2618663462587,0.0,1,False,42.936,False
E2-exp04-o01,E2,complete,,YbNdSe3,10,520.0,120,exp04,experimental,RE,1,False,-49.18085432,-4.918085432,286.1398312016831,0.11679488099999986,27,True,764.957,False,-49.19293327,-4.919293327,286.1398312016831,0.0,1,False,57.889,False
E2-exp04-o02,E2,complete,,YbNdSe3,10,520.0,120,exp04,experimental,RE,2,False,-49.98930401,-4.998930401,286.3650622211255,0.14564922399999958,44,True,1048.045,False,-49.99069629,-4.999069629,286.3650622211255,0.0,1,False,48.875,False
E2-exp05-o00,E2,complete,,YbSmSe3,10,520.0,120,exp05,experimental,RE,0,True,-49.55886466,-4.955886466,271.45383725496106,0.04674579399999956,28,True,582.436,False,-49.56324278,-4.956324278,271.45383725496106,0.0,1,False,43.705,False
E2-exp05-o01,E2,complete,,YbSmSe3,10,520.0,120,exp05,experimental,RE,1,False,-49.17103225,-4.917103225,279.2559191673698,0.07172031500000031,30,True,762.913,False,-49.18213207,-4.918213207,279.2559191673698,0.0,1,False,45.154,False
E2-exp05-o02,E2,complete,,YbSmSe3,10,520.0,120,exp05,experimental,RE,2,False,-49.87558133,-4.987558133,281.06860252333735,0.12039371299999999,44,True,961.081,False,-49.87680154,-4.987680154,281.06860252333735,0.0,1,False,46.111,False
