lo,hi,sat,excl
0.6,1.0,0.8852121595946801,0.39476135040745053
0.6,1.05,0.9415769474350855,0.380675203725262
0.6,1.1,0.9485433818872704,0.36961583236321305
0.6,1.15,0.9504433185560481,0.34819557625145514
0.6,1.2,0.9517891070297657,0.3116414435389988
0.6,1.25,0.9523432552248259,0.2689173457508731
0.6,1.3,0.952580747308423,0.22968568102444709
0.6,1.35,0.9526599113362888,0.2046565774155995
0.6,1.4,0.9526599113362888,0.19371362048894059
0.6,1.45,0.9528182393920203,0.19091967403958088
0.6,1.5,0.9528182393920203,0.18940628637951107
0.6,1.55,0.9529765674477517,0.1883585564610012
0.6,1.6,0.9535307156428119,0.1870779976717113
0.6,1.65,0.954401519949335,0.1846332945285215
0.6,1.7,0.9559848005066498,0.18346915017462162
0.6,1.75,0.9571722609246358,0.18207217694994182
0.6,1.8,0.9585180493983534,0.18090803259604193
0.6,1.85,0.9605763141228626,0.17962747380675204
0.6,1.9,0.9634262191260291,0.17857974388824216
0.6,1.95,0.9678594046865104,0.17706635622817224
0.6,2.0,0.9708676377454085,0.17601862630966236
0.6,2.05,0.9742716909436352,0.17485448195576248
0.6,2.1,0.977042431918936,0.1739231664726426
0.6,2.15,0.9802881570614312,0.17287543655413273
0.6,2.2,0.9832963901203293,0.17182770663562286
0.6,2.25,0.9851963267891071,0.1711292200232829
0.6,2.3,0.9874129195693477,0.17077997671711287
0.6,2.35,0.9889962001266625,0.17043073341094295
0.6,2.4,0.9905003166561115,0.169848661233993
0.6,2.45,0.9912127929069031,0.16915017462165305
0.6,2.5,0.9920835972134262,0.16915017462165305
0.6,2.55,0.9924794173527549,0.16880093131548313
0.6,2.6,0.9927960734642178,0.1683352735739232
0.6,2.65,0.9930335655478151,0.16821885913853318
0.6,2.7,0.9932710576314123,0.16763678696158324
0.6,2.75,0.9935877137428752,0.16740395809080322
0.6,2.8,0.9942210259658011,0.16693830034924328
0.6,2.85,0.9946960101329956,0.16658905704307336
0.6,2.9,0.99517099430019,0.16600698486612342
0.6,2.95,0.9953293223559214,0.1657741559953434
0.6,3.0,0.9954084863837872,0.1656577415599534
0.6,3.05,0.9955668144395187,0.16542491268917348
0.6,3.1,0.9956459784673845,0.16484284051222353
0.6,3.15,0.9956459784673845,0.1646100116414435
0.6,3.2,0.9957251424952501,0.1646100116414435
0.6,3.25,0.9958043065231159,0.1644935972060535
0.6,3.3,0.9958043065231159,0.1644935972060535
0.6,3.35,0.9959626345788474,0.16414435389988358
0.6,3.4,0.9959626345788474,0.16414435389988358
0.6,3.45,0.9959626345788474,0.16414435389988358
0.6,3.5,0.9961209626345788,0.16414435389988358
0.6,3.55,0.9962001266624446,0.16414435389988358
0.61,1.0,0.8850538315389487,0.39976717112922
0.61,1.05,0.941418619379354,0.38568102444703145
0.61,1.1,0.9483850538315389,0.3746216530849825
0.61,1.15,0.9502849905003167,0.3532013969732247
0.61,1.2,0.9516307789740343,0.3166472642607684
0.61,1.25,0.9521849271690943,0.2739231664726426
0.61,1.3,0.9524224192526916,0.23469150174621656
0.61,1.35,0.9525015832805573,0.2096623981373691
0.61,1.4,0.9525015832805573,0.19871944121071017
0.61,1.45,0.9526599113362888,0.19592549476135046
0.61,1.5,0.9526599113362888,0.19441210710128054
0.61,1.55,0.9528182393920203,0.19336437718277066
0.61,1.6,0.9533723875870804,0.19208381839348077
0.61,1.65,0.9542431918936035,0.1896391152502911
0.61,1.7,0.9558264724509183,0.1884749708963912
0.61,1.75,0.9570139328689043,0.1870779976717113
0.61,1.8,0.9583597213426219,0.1859138533178114
0.61,1.85,0.9604179860671311,0.1846332945285215
0.61,1.9,0.9632678910702976,0.18358556461001163
0.61,1.95,0.967701076630779,0.18207217694994182
0.61,2.0,0.9707093096896771,0.18102444703143195
0.61,2.05,0.9741133628879037,0.17986030267753206
0.61,2.1,0.9768841038632046,0.17892898719441208
0.61,2.15,0.9801298290056998,0.1778812572759022
0.61,2.2,0.9831380620645979,0.17683352735739233
0.61,2.25,0.9850379987333756,0.17613504074505237
0.61,2.3,0.9872545915136162,0.17578579743888245
0.61,2.35,0.988837872070931,0.17543655413271242
0.61,2.4,0.99034198860038,0.17485448195576248
0.61,2.45,0.9910544648511717,0.17415599534342263
0.61,2.5,0.9919252691576947,0.17415599534342263
0.61,2.55,0.9923210892970235,0.1738067520372526
0.61,2.6,0.9926377454084864,0.17334109429569267
0.61,2.65,0.9928752374920836,0.17322467986030265
0.61,2.7,0.9931127295756809,0.1726426076833527
0.61,2.75,0.9934293856871438,0.1724097788125728
0.61,2.8,0.9940626979100696,0.17194412107101276
0.61,2.85,0.9945376820772641,0.17159487776484283
0.61,2.9,0.9950126662444585,0.1710128055878929
0.61,2.95,0.99517099430019,0.17077997671711287
0.61,3.0,0.9952501583280557,0.17066356228172297
0.61,3.05,0.9954084863837872,0.17043073341094295
0.61,3.1,0.995487650411653,0.169848661233993
0.61,3.15,0.995487650411653,0.1696158323632131
0.61,3.2,0.9955668144395187,0.1696158323632131
0.61,3.25,0.9956459784673845,0.16949941792782308
0.61,3.3,0.9956459784673845,0.16949941792782308
0.61,3.35,0.9958043065231159,0.16915017462165305
0.61,3.4,0.9958043065231159,0.16915017462165305
0.61,3.45,0.9958043065231159,0.16915017462165305
0.61,3.5,0.9959626345788474,0.16915017462165305
0.61,3.55,0.9960417986067132,0.16915017462165305
0.62,1.0,0.884974667511083,0.40442374854481955
0.62,1.05,0.9413394553514883,0.390337601862631
0.62,1.1,0.9483058898036733,0.37927823050058207
0.62,1.15,0.9502058264724509,0.35785797438882416
0.62,1.2,0.9515516149461685,0.32130384167636783
0.62,1.25,0.9521057631412286,0.27857974388824214
0.62,1.3,0.9523432552248259,0.2393480791618161
0.62,1.35,0.9524224192526916,0.21431897555296853
0.62,1.4,0.9524224192526916,0.2033760186263096
0.62,1.45,0.952580747308423,0.2005820721769499
0.62,1.5,0.952580747308423,0.1990686845168801
0.62,1.55,0.9527390753641545,0.1980209545983702
0.62,1.6,0.9532932235592146,0.19674039580908032
0.62,1.65,0.9541640278657378,0.19429569266589053
0.62,1.7,0.9557473084230526,0.19313154831199064
0.62,1.75,0.9569347688410387,0.19173457508731084
0.62,1.8,0.9582805573147561,0.19057043073341096
0.62,1.85,0.9603388220392653,0.18928987194412106
0.62,1.9,0.963188727042432,0.18824214202561118
0.62,1.95,0.9676219126029132,0.18672875436554137
0.62,2.0,0.9706301456618113,0.18568102444703138
0.62,2.05,0.974034198860038,0.1845168800931315
0.62,2.1,0.9768049398353388,0.18358556461001163
0.62,2.15,0.9800506649778341,0.18253783469150175
0.62,2.2,0.9830588980367321,0.18149010477299188
0.62,2.25,0.9849588347055098,0.18079161816065192
0.62,2.3,0.9871754274857505,0.180442374854482
0.62,2.35,0.9887587080430652,0.18009313154831197
0.62,2.4,0.9902628245725142,0.17951105937136203
0.62,2.45,0.9909753008233059,0.17881257275902207
0.62,2.5,0.991846105129829,0.17881257275902207
0.62,2.55,0.9922419252691577,0.17846332945285215
0.62,2.6,0.9925585813806207,0.17799767171129222
0.62,2.65,0.9927960734642178,0.1778812572759022
0.62,2.7,0.9930335655478151,0.17729918509895226
0.62,2.75,0.993350221659278,0.17706635622817224
0.62,2.8,0.993983533882204,0.1766006984866123
0.62,2.85,0.9944585180493983,0.17625145518044238
0.62,2.9,0.9949335022165928,0.17566938300349244
0.62,2.95,0.9950918302723243,0.17543655413271242
0.62,3.0,0.99517099430019,0.17532013969732252
0.62,3.05,0.9953293223559214,0.1750873108265425
0.62,3.1,0.9954084863837872,0.17450523864959255
0.62,3.15,0.9954084863837872,0.17427240977881253
0.62,3.2,0.995487650411653,0.17427240977881253
0.62,3.25,0.9955668144395187,0.17415599534342263
0.62,3.3,0.9955668144395187,0.17415599534342263
0.62,3.35,0.9957251424952501,0.1738067520372526
0.62,3.4,0.9957251424952501,0.1738067520372526
0.62,3.45,0.9957251424952501,0.1738067520372526
0.62,3.5,0.9958834705509816,0.1738067520372526
0.62,3.55,0.9959626345788474,0.1738067520372526
0.63,1.0,0.8848955034832172,0.41094295692665894
0.63,1.05,0.9412602913236225,0.3968568102444703
0.63,1.1,0.9482267257758075,0.38579743888242146
0.63,1.15,0.9501266624445852,0.36437718277066355
0.63,1.2,0.9514724509183027,0.3278230500582072
0.63,1.25,0.9520265991133628,0.28509895227008153
0.63,1.3,0.9522640911969601,0.2458672875436554
0.63,1.35,0.9523432552248259,0.22083818393480792
0.63,1.4,0.9523432552248259,0.209895227008149
0.63,1.45,0.9525015832805573,0.2071012805587893
0.63,1.5,0.9525015832805573,0.20558789289871948
0.63,1.55,0.9526599113362888,0.2045401629802095
0.63,1.6,0.953214059531349,0.2032596041909197
0.63,1.65,0.954084863837872,0.20081490104772992
0.63,1.7,0.9556681443951869,0.19965075669383003
0.63,1.75,0.9568556048131729,0.19825378346915012
0.63,1.8,0.9582013932868905,0.19708963911525024
0.63,1.85,0.9602596580113997,0.19580908032596045
0.63,1.9,0.9631095630145662,0.19476135040745057
0.63,1.95,0.9675427485750475,0.19324796274738065
0.63,2.0,0.9705509816339455,0.19220023282887078
0.63,2.05,0.9739550348321723,0.1910360884749709
0.63,2.1,0.9767257758074731,0.19010477299185102
0.63,2.15,0.9799715009499683,0.18905704307334115
0.63,2.2,0.9829797340088664,0.18800931315483116
0.63,2.25,0.984879670677644,0.18731082654249132
0.63,2.3,0.9870962634578847,0.18696158323632128
0.63,2.35,0.9886795440151995,0.18661233993015136
0.63,2.4,0.9901836605446485,0.18603026775320142
0.63,2.45,0.9908961367954402,0.18533178114086146
0.63,2.5,0.9917669411019633,0.18533178114086146
0.63,2.55,0.992162761241292,0.18498253783469154
0.63,2.6,0.9924794173527549,0.1845168800931315
0.63,2.65,0.9927169094363522,0.1844004656577416
0.63,2.7,0.9929544015199493,0.18381839348079165
0.63,2.75,0.9932710576314123,0.18358556461001163
0.63,2.8,0.9939043698543382,0.1831199068684517
0.63,2.85,0.9943793540215327,0.18277066356228178
0.63,2.9,0.994854338188727,0.18218859138533183
0.63,2.95,0.9950126662444585,0.1819557625145518
0.63,3.0,0.9950918302723243,0.1818393480791618
0.63,3.05,0.9952501583280557,0.1816065192083819
0.63,3.1,0.9953293223559214,0.18102444703143195
0.63,3.15,0.9953293223559214,0.18079161816065192
0.63,3.2,0.9954084863837872,0.18079161816065192
0.63,3.25,0.995487650411653,0.1806752037252619
0.63,3.3,0.995487650411653,0.1806752037252619
0.63,3.35,0.9956459784673845,0.180325960419092
0.63,3.4,0.9956459784673845,0.180325960419092
0.63,3.45,0.9956459784673845,0.180325960419092
0.63,3.5,0.9958043065231159,0.180325960419092
0.63,3.55,0.9958834705509816,0.180325960419092
0.64,1.0,0.8847371754274858,0.41618160651920844
0.64,1.05,0.9411019632678911,0.4020954598370198
0.64,1.1,0.948068397720076,0.39103608847497084
0.64,1.15,0.9499683343888538,0.36961583236321305
0.64,1.2,0.9513141228625712,0.3330616996507567
0.64,1.25,0.9518682710576314,0.2903376018626309
0.64,1.3,0.9521057631412286,0.2511059371362049
0.64,1.35,0.9521849271690943,0.2260768335273574
0.64,1.4,0.9521849271690943,0.2151338766006985
0.64,1.45,0.9523432552248259,0.21233993015133878
0.64,1.5,0.9523432552248259,0.21082654249126886
0.64,1.55,0.9525015832805573,0.209778812572759
0.64,1.6,0.9530557314756175,0.2084982537834692
0.64,1.65,0.9539265357821406,0.20605355064027941
0.64,1.7,0.9555098163394553,0.20488940628637953
0.64,1.75,0.9566972767574414,0.20349243306169962
0.64,1.8,0.958043065231159,0.20232828870779973
0.64,1.85,0.9601013299556681,0.20104772991850994
0.64,1.9,0.9629512349588347,0.19999999999999996
0.64,1.95,0.9673844205193161,0.19848661233993015
0.64,2.0,0.970392653578214,0.19743888242142027
0.64,2.05,0.9737967067764408,0.19627473806752038
0.64,2.1,0.9765674477517416,0.19534342258440052
0.64,2.15,0.9798131728942369,0.19429569266589053
0.64,2.2,0.9828214059531349,0.19324796274738065
0.64,2.25,0.9847213426219126,0.1925494761350407
0.64,2.3,0.9869379354021532,0.19220023282887078
0.64,2.35,0.9885212159594681,0.19185098952270085
0.64,2.4,0.990025332488917,0.1912689173457509
0.64,2.45,0.9907378087397086,0.19057043073341096
0.64,2.5,0.9916086130462318,0.19057043073341096
0.64,2.55,0.9920044331855605,0.19022118742724092
0.64,2.6,0.9923210892970235,0.189755529685681
0.64,2.65,0.9925585813806207,0.1896391152502911
0.64,2.7,0.9927960734642178,0.18905704307334115
0.64,2.75,0.9931127295756809,0.18882421420256112
0.64,2.8,0.9937460417986067,0.1883585564610012
0.64,2.85,0.9942210259658011,0.18800931315483116
0.64,2.9,0.9946960101329956,0.18742724097788122
0.64,2.95,0.994854338188727,0.1871944121071013
0.64,3.0,0.9949335022165928,0.1870779976717113
0.64,3.05,0.9950918302723243,0.18684516880093127
0.64,3.1,0.99517099430019,0.18626309662398133
0.64,3.15,0.99517099430019,0.18603026775320142
0.64,3.2,0.9952501583280557,0.18603026775320142
0.64,3.25,0.9953293223559214,0.1859138533178114
0.64,3.3,0.9953293223559214,0.1859138533178114
0.64,3.35,0.995487650411653,0.18556461001164148
0.64,3.4,0.995487650411653,0.18556461001164148
0.64,3.45,0.995487650411653,0.18556461001164148
0.64,3.5,0.9956459784673845,0.18556461001164148
0.64,3.55,0.9957251424952501,0.18556461001164148
0.65,1.0,0.8844205193160228,0.42456344586728756
0.65,1.05,0.9407853071564282,0.4104772991850989
0.65,1.1,0.9477517416086131,0.3994179278230501
0.65,1.15,0.9496516782773907,0.37799767171129217
0.65,1.2,0.9509974667511083,0.34144353899883584
0.65,1.25,0.9515516149461685,0.29871944121071015
0.65,1.3,0.9517891070297657,0.259487776484284
0.65,1.35,0.9518682710576314,0.23445867287543654
0.65,1.4,0.9518682710576314,0.22351571594877762
0.65,1.45,0.9520265991133628,0.2207217694994179
0.65,1.5,0.9520265991133628,0.2192083818393481
0.65,1.55,0.9521849271690943,0.21816065192083822
0.65,1.6,0.9527390753641545,0.21688009313154832
0.65,1.65,0.9536098796706777,0.21443538998835854
0.65,1.7,0.9551931602279924,0.21327124563445865
0.65,1.75,0.9563806206459785,0.21187427240977885
0.65,1.8,0.957726409119696,0.21071012805587896
0.65,1.85,0.9597846738442052,0.20942956926658907
0.65,1.9,0.9626345788473718,0.2083818393480792
0.65,1.95,0.967067764407853,0.20686845168800927
0.65,2.0,0.9700759974667511,0.2058207217694994
0.65,2.05,0.9734800506649778,0.2046565774155995
0.65,2.1,0.9762507916402786,0.20372526193247964
0.65,2.15,0.9794965167827739,0.20267753201396976
0.65,2.2,0.9825047498416719,0.2016298020954599
0.65,2.25,0.9844046865104497,0.20093131548311993
0.65,2.3,0.9866212792906903,0.2005820721769499
0.65,2.35,0.988204559848005,0.20023282887077998
0.65,2.4,0.9897086763774541,0.19965075669383003
0.65,2.45,0.9904211526282457,0.19895227008149008
0.65,2.5,0.9912919569347688,0.19895227008149008
0.65,2.55,0.9916877770740975,0.19860302677532016
0.65,2.6,0.9920044331855605,0.19813736903376022
0.65,2.65,0.9922419252691577,0.1980209545983702
0.65,2.7,0.9924794173527549,0.19743888242142027
0.65,2.75,0.9927960734642178,0.19720605355064025
0.65,2.8,0.9934293856871438,0.19674039580908032
0.65,2.85,0.9939043698543382,0.1963911525029104
0.65,2.9,0.9943793540215327,0.19580908032596045
0.65,2.95,0.9945376820772641,0.19557625145518043
0.65,3.0,0.9946168461051298,0.19545983701979042
0.65,3.05,0.9947751741608613,0.1952270081490105
0.65,3.1,0.994854338188727,0.19464493597206056
0.65,3.15,0.994854338188727,0.19441210710128054
0.65,3.2,0.9949335022165928,0.19441210710128054
0.65,3.25,0.9950126662444585,0.19429569266589053
0.65,3.3,0.9950126662444585,0.19429569266589053
0.65,3.35,0.99517099430019,0.1939464493597206
0.65,3.4,0.99517099430019,0.1939464493597206
0.65,3.45,0.99517099430019,0.1939464493597206
0.65,3.5,0.9953293223559214,0.1939464493597206
0.65,3.55,0.9954084863837872,0.1939464493597206
0.66,1.0,0.8841038632045598,0.4321303841676368
0.66,1.05,0.9404686510449651,0.41804423748544817
0.66,1.1,0.94743508549715,0.40698486612339935
0.66,1.15,0.9493350221659278,0.38556461001164144
0.66,1.2,0.9506808106396454,0.3490104772991851
0.66,1.25,0.9512349588347055,0.3062863795110594
0.66,1.3,0.9514724509183027,0.2670547147846333
0.66,1.35,0.9515516149461685,0.2420256111757858
0.66,1.4,0.9515516149461685,0.23108265424912688
0.66,1.45,0.9517099430018999,0.22828870779976718
0.66,1.5,0.9517099430018999,0.22677532013969737
0.66,1.55,0.9518682710576314,0.22572759022118738
0.66,1.6,0.9524224192526916,0.2244470314318976
0.66,1.65,0.9532932235592146,0.2220023282887078
0.66,1.7,0.9548765041165295,0.22083818393480792
0.66,1.75,0.9560639645345155,0.219441210710128
0.66,1.8,0.957409753008233,0.21827706635622812
0.66,1.85,0.9594680177327423,0.21699650756693833
0.66,1.9,0.9623179227359088,0.21594877764842846
0.66,1.95,0.9667511082963901,0.21443538998835854
0.66,2.0,0.9697593413552882,0.21338766006984866
0.66,2.05,0.9731633945535149,0.21222351571594877
0.66,2.1,0.9759341355288157,0.2112922002328289
0.66,2.15,0.9791798606713109,0.21024447031431892
0.66,2.2,0.982188093730209,0.20919674039580904
0.66,2.25,0.9840880303989867,0.2084982537834692
0.66,2.3,0.9863046231792274,0.20814901047729917
0.66,2.35,0.9878879037365421,0.20779976717112925
0.66,2.4,0.9893920202659912,0.2072176949941793
0.66,2.45,0.9901044965167828,0.20651920838183935
0.66,2.5,0.9909753008233059,0.20651920838183935
0.66,2.55,0.9913711209626346,0.20616996507566943
0.66,2.6,0.9916877770740975,0.20570430733410938
0.66,2.65,0.9919252691576947,0.20558789289871948
0.66,2.7,0.992162761241292,0.20500582072176954
0.66,2.75,0.9924794173527549,0.20477299185098952
0.66,2.8,0.9931127295756809,0.20430733410942958
0.66,2.85,0.9935877137428752,0.20395809080325955
0.66,2.9,0.9940626979100696,0.2033760186263096
0.66,2.95,0.9942210259658011,0.2031431897555297
0.66,3.0,0.9943001899936669,0.20302677532013969
0.66,3.05,0.9944585180493983,0.20279394644935977
0.66,3.1,0.9945376820772641,0.20221187427240983
0.66,3.15,0.9945376820772641,0.2019790454016298
0.66,3.2,0.9946168461051298,0.2019790454016298
0.66,3.25,0.9946960101329956,0.2018626309662398
0.66,3.3,0.9946960101329956,0.2018626309662398
0.66,3.35,0.994854338188727,0.20151338766006988
0.66,3.4,0.994854338188727,0.20151338766006988
0.66,3.45,0.994854338188727,0.20151338766006988
0.66,3.5,0.9950126662444585,0.20151338766006988
0.66,3.55,0.9950918302723243,0.20151338766006988
0.67,1.0,0.8837872070930969,0.44051222351571595
0.67,1.05,0.9401519949335022,0.4264260768335274
0.67,1.1,0.9471184293856871,0.41536670547147847
0.67,1.15,0.9490183660544649,0.39394644935972056
0.67,1.2,0.9503641545281823,0.35739231664726423
0.67,1.25,0.9509183027232425,0.31466821885913854
0.67,1.3,0.9511557948068398,0.2754365541327125
0.67,1.35,0.9512349588347055,0.2504074505238649
0.67,1.4,0.9512349588347055,0.239464493597206
0.67,1.45,0.951393286890437,0.2366705471478463
0.67,1.5,0.951393286890437,0.2351571594877765
0.67,1.55,0.9515516149461685,0.2341094295692666
0.67,1.6,0.9521057631412286,0.23282887077997672
0.67,1.65,0.9529765674477517,0.23038416763678693
0.67,1.7,0.9545598480050665,0.22922002328288704
0.67,1.75,0.9557473084230526,0.22782305005820724
0.67,1.8,0.9570930968967701,0.22665890570430736
0.67,1.85,0.9591513616212793,0.22537834691501746
0.67,1.9,0.9620012666244458,0.22433061699650758
0.67,1.95,0.9664344521849272,0.22281722933643777
0.67,2.0,0.9694426852438252,0.22176949941792778
0.67,2.05,0.9728467384420519,0.2206053550640279
0.67,2.1,0.9756174794173528,0.21967403958090803
0.67,2.15,0.978863204559848,0.21862630966239815
0.67,2.2,0.9818714376187461,0.21757857974388828
0.67,2.25,0.9837713742875237,0.21688009313154832
0.67,2.3,0.9859879670677644,0.2165308498253784
0.67,2.35,0.9875712476250792,0.21618160651920837
0.67,2.4,0.9890753641545282,0.21559953434225843
0.67,2.45,0.9897878404053199,0.21490104772991847
0.67,2.5,0.990658644711843,0.21490104772991847
0.67,2.55,0.9910544648511717,0.21455180442374855
0.67,2.6,0.9913711209626346,0.21408614668218862
0.67,2.65,0.9916086130462318,0.2139697322467986
0.67,2.7,0.991846105129829,0.21338766006984866
0.67,2.75,0.992162761241292,0.21315483119906864
0.67,2.8,0.9927960734642178,0.2126891734575087
0.67,2.85,0.9932710576314123,0.21233993015133878
0.67,2.9,0.9937460417986067,0.21175785797438884
0.67,2.95,0.9939043698543382,0.21152502910360882
0.67,3.0,0.993983533882204,0.2114086146682188
0.67,3.05,0.9941418619379354,0.2111757857974389
0.67,3.1,0.9942210259658011,0.21059371362048895
0.67,3.15,0.9942210259658011,0.21036088474970893
0.67,3.2,0.9943001899936669,0.21036088474970893
0.67,3.25,0.9943793540215327,0.21024447031431892
0.67,3.3,0.9943793540215327,0.21024447031431892
0.67,3.35,0.9945376820772641,0.209895227008149
0.67,3.4,0.9945376820772641,0.209895227008149
0.67,3.45,0.9945376820772641,0.209895227008149
0.67,3.5,0.9946960101329956,0.209895227008149
0.67,3.55,0.9947751741608613,0.209895227008149
0.68,1.0,0.8833122229259025,0.4506402793946449
0.68,1.05,0.9396770107663078,0.43655413271245636
0.68,1.1,0.9466434452184928,0.4254947613504074
0.68,1.15,0.9485433818872704,0.40407450523864963
0.68,1.2,0.949889170360988,0.3675203725261933
0.68,1.25,0.9504433185560481,0.3247962747380675
0.68,1.3,0.9506808106396454,0.28556461001164146
0.68,1.35,0.950759974667511,0.260535506402794
0.68,1.4,0.950759974667511,0.24959254947613507
0.68,1.45,0.9509183027232425,0.24679860302677536
0.68,1.5,0.9509183027232425,0.24528521536670544
0.68,1.55,0.9510766307789741,0.24423748544819557
0.68,1.6,0.9516307789740343,0.24295692665890567
0.68,1.65,0.9525015832805573,0.240512223515716
0.68,1.7,0.954084863837872,0.2393480791618161
0.68,1.75,0.9552723242558582,0.2379511059371362
0.68,1.8,0.9566181127295756,0.2367869615832363
0.68,1.85,0.9586763774540848,0.2355064027939464
0.68,1.9,0.9615262824572515,0.23445867287543654
0.68,1.95,0.9659594680177327,0.23294528521536673
0.68,2.0,0.9689677010766308,0.23189755529685685
0.68,2.05,0.9723717542748576,0.23073341094295696
0.68,2.1,0.9751424952501583,0.22980209545983699
0.68,2.15,0.9783882203926536,0.2287543655413271
0.68,2.2,0.9813964534515516,0.22770663562281723
0.68,2.25,0.9832963901203293,0.22700814901047728
0.68,2.3,0.98551298290057,0.22665890570430736
0.68,2.35,0.9870962634578847,0.22630966239813732
0.68,2.4,0.9886003799873337,0.22572759022118738
0.68,2.45,0.9893128562381254,0.22502910360884754
0.68,2.5,0.9901836605446485,0.22502910360884754
0.68,2.55,0.9905794806839772,0.2246798603026775
0.68,2.6,0.9908961367954402,0.22421420256111757
0.68,2.65,0.9911336288790373,0.22409778812572756
0.68,2.7,0.9913711209626346,0.22351571594877762
0.68,2.75,0.9916877770740975,0.2232828870779977
0.68,2.8,0.9923210892970235,0.22281722933643777
0.68,2.85,0.9927960734642178,0.22246798603026774
0.68,2.9,0.9932710576314123,0.2218859138533178
0.68,2.95,0.9934293856871438,0.22165308498253788
0.68,3.0,0.9935085497150095,0.22153667054714787
0.68,3.05,0.993666877770741,0.22130384167636785
0.68,3.1,0.9937460417986067,0.2207217694994179
0.68,3.15,0.9937460417986067,0.220488940628638
0.68,3.2,0.9938252058264725,0.220488940628638
0.68,3.25,0.9939043698543382,0.220372526193248
0.68,3.3,0.9939043698543382,0.220372526193248
0.68,3.35,0.9940626979100696,0.22002328288707795
0.68,3.4,0.9940626979100696,0.22002328288707795
0.68,3.45,0.9940626979100696,0.22002328288707795
0.68,3.5,0.9942210259658011,0.22002328288707795
0.68,3.55,0.9943001899936669,0.22002328288707795
0.69,1.0,0.8824414186193793,0.4585564610011641
0.69,1.05,0.9388062064597846,0.44447031431897555
0.69,1.1,0.9457726409119696,0.4334109429569266
0.69,1.15,0.9476725775807473,0.4119906868451688
0.69,1.2,0.9490183660544649,0.3754365541327125
0.69,1.25,0.949572514249525,0.3327124563445867
0.69,1.3,0.9498100063331222,0.29348079161816065
0.69,1.35,0.949889170360988,0.2684516880093132
0.69,1.4,0.949889170360988,0.25750873108265426
0.69,1.45,0.9500474984167194,0.25471478463329456
0.69,1.5,0.9500474984167194,0.25320139697322464
0.69,1.55,0.9502058264724509,0.25215366705471476
0.69,1.6,0.950759974667511,0.25087310826542486
0.69,1.65,0.9516307789740343,0.24842840512223519
0.69,1.7,0.953214059531349,0.2472642607683353
0.69,1.75,0.954401519949335,0.2458672875436554
0.69,1.8,0.9557473084230526,0.2447031431897555
0.69,1.85,0.9578055731475618,0.2434225844004656
0.69,1.9,0.9606554781507283,0.24237485448195573
0.69,1.95,0.9650886637112096,0.24086146682188592
0.69,2.0,0.9680968967701077,0.23981373690337604
0.69,2.05,0.9715009499683344,0.23864959254947615
0.69,2.1,0.9742716909436352,0.23771827706635618
0.69,2.15,0.9775174160861304,0.2366705471478463
0.69,2.2,0.9805256491450285,0.23562281722933642
0.69,2.25,0.9824255858138062,0.23492433061699647
0.69,2.3,0.9846421785940469,0.23457508731082655
0.69,2.35,0.9862254591513616,0.23422584400465662
0.69,2.4,0.9877295756808107,0.23364377182770668
0.69,2.45,0.9884420519316023,0.23294528521536673
0.69,2.5,0.9893128562381254,0.23294528521536673
0.69,2.55,0.9897086763774541,0.2325960419091967
0.69,2.6,0.990025332488917,0.23213038416763676
0.69,2.65,0.9902628245725142,0.23201396973224675
0.69,2.7,0.9905003166561115,0.2314318975552968
0.69,2.75,0.9908169727675744,0.2311990686845169
0.69,2.8,0.9914502849905004,0.23073341094295696
0.69,2.85,0.9919252691576947,0.23038416763678693
0.69,2.9,0.9924002533248891,0.22980209545983699
0.69,2.95,0.9925585813806207,0.22956926658905707
0.69,3.0,0.9926377454084864,0.22945285215366706
0.69,3.05,0.9927960734642178,0.22922002328288704
0.69,3.1,0.9928752374920836,0.2286379511059371
0.69,3.15,0.9928752374920836,0.2284051222351572
0.69,3.2,0.9929544015199493,0.2284051222351572
0.69,3.25,0.9930335655478151,0.22828870779976718
0.69,3.3,0.9930335655478151,0.22828870779976718
0.69,3.35,0.9931918936035465,0.22793946449359725
0.69,3.4,0.9931918936035465,0.22793946449359725
0.69,3.45,0.9931918936035465,0.22793946449359725
0.69,3.5,0.993350221659278,0.22793946449359725
0.69,3.55,0.9934293856871438,0.22793946449359725
0.7,1.0,0.8815706143128562,0.470430733410943
0.7,1.05,0.9379354021532615,0.45634458672875433
0.7,1.1,0.9449018366054465,0.4452852153667055
0.7,1.15,0.9468017732742242,0.4238649592549476
0.7,1.2,0.9481475617479417,0.38731082654249127
0.7,1.25,0.9487017099430018,0.3445867287543656
0.7,1.3,0.9489392020265991,0.30535506402793944
0.7,1.35,0.9490183660544649,0.28032596041909197
0.7,1.4,0.9490183660544649,0.26938300349243305
0.7,1.45,0.9491766941101963,0.26658905704307334
0.7,1.5,0.9491766941101963,0.26507566938300353
0.7,1.55,0.9493350221659278,0.26402793946449354
0.7,1.6,0.949889170360988,0.26274738067520376
0.7,1.65,0.950759974667511,0.26030267753201397
0.7,1.7,0.9523432552248259,0.2591385331781141
0.7,1.75,0.9535307156428119,0.2577415599534342
0.7,1.8,0.9548765041165295,0.2565774155995344
0.7,1.85,0.9569347688410387,0.2552968568102445
0.7,1.9,0.9597846738442052,0.2542491268917346
0.7,1.95,0.9642178594046865,0.2527357392316647
0.7,2.0,0.9672260924635846,0.2516880093131548
0.7,2.05,0.9706301456618113,0.25052386495925494
0.7,2.1,0.9734008866371121,0.24959254947613507
0.7,2.15,0.9766466117796073,0.2485448195576252
0.7,2.2,0.9796548448385054,0.2474970896391152
0.7,2.25,0.981554781507283,0.24679860302677536
0.7,2.3,0.9837713742875237,0.24644935972060533
0.7,2.35,0.9853546548448385,0.2461001164144354
0.7,2.4,0.9868587713742876,0.24551804423748547
0.7,2.45,0.9875712476250792,0.2448195576251455
0.7,2.5,0.9884420519316023,0.2448195576251455
0.7,2.55,0.988837872070931,0.2444703143189756
0.7,2.6,0.9891545281823939,0.24400465657741555
0.7,2.65,0.9893920202659912,0.24388824214202565
0.7,2.7,0.9896295123495883,0.2433061699650757
0.7,2.75,0.9899461684610513,0.24307334109429568
0.7,2.8,0.9905794806839772,0.24260768335273575
0.7,2.85,0.9910544648511717,0.24225844004656583
0.7,2.9,0.991529449018366,0.24167636786961588
0.7,2.95,0.9916877770740975,0.24144353899883586
0.7,3.0,0.9917669411019633,0.24132712456344585
0.7,3.05,0.9919252691576947,0.24109429569266594
0.7,3.1,0.9920044331855605,0.240512223515716
0.7,3.15,0.9920044331855605,0.24027939464493597
0.7,3.2,0.9920835972134262,0.24027939464493597
0.7,3.25,0.992162761241292,0.24016298020954596
0.7,3.3,0.992162761241292,0.24016298020954596
0.7,3.35,0.9923210892970235,0.23981373690337604
0.7,3.4,0.9923210892970235,0.23981373690337604
0.7,3.45,0.9923210892970235,0.23981373690337604
0.7,3.5,0.9924794173527549,0.23981373690337604
0.7,3.55,0.9925585813806207,0.23981373690337604
0.71,1.0,0.8811747941735275,0.48311990686845174
0.71,1.05,0.9375395820139328,0.4690337601862631
0.71,1.1,0.9445060164661178,0.45797438882421415
0.71,1.15,0.9464059531348955,0.43655413271245636
0.71,1.2,0.9477517416086131,0.4
0.71,1.25,0.9483058898036733,0.3572759022118742
0.71,1.3,0.9485433818872704,0.3180442374854482
0.71,1.35,0.9486225459151362,0.2930151338766007
0.71,1.4,0.9486225459151362,0.2820721769499418
0.71,1.45,0.9487808739708676,0.2792782305005821
0.71,1.5,0.9487808739708676,0.27776484284051217
0.71,1.55,0.9489392020265991,0.2767171129220023
0.71,1.6,0.9494933502216593,0.2754365541327125
0.71,1.65,0.9503641545281823,0.2729918509895227
0.71,1.7,0.9519474350854972,0.27182770663562283
0.71,1.75,0.9531348955034832,0.2704307334109429
0.71,1.8,0.9544806839772008,0.26926658905704304
0.71,1.85,0.95653894870171,0.26798603026775325
0.71,1.9,0.9593888537048765,0.26693830034924326
0.71,1.95,0.9638220392653578,0.26542491268917345
0.71,2.0,0.9668302723242559,0.2643771827706636
0.71,2.05,0.9702343255224826,0.2632130384167637
0.71,2.1,0.9730050664977834,0.2622817229336438
0.71,2.15,0.9762507916402786,0.26123399301513384
0.71,2.2,0.9792590246991767,0.26018626309662396
0.71,2.25,0.9811589613679544,0.259487776484284
0.71,2.3,0.9833755541481951,0.2591385331781141
0.71,2.35,0.9849588347055098,0.25878928987194416
0.71,2.4,0.9864629512349589,0.2582072176949942
0.71,2.45,0.9871754274857505,0.25750873108265426
0.71,2.5,0.9880462317922736,0.25750873108265426
0.71,2.55,0.9884420519316023,0.25715948777648423
0.71,2.6,0.9887587080430652,0.2566938300349243
0.71,2.65,0.9889962001266625,0.2565774155995344
0.71,2.7,0.9892336922102597,0.25599534342258445
0.71,2.75,0.9895503483217226,0.25576251455180443
0.71,2.8,0.9901836605446485,0.2552968568102445
0.71,2.85,0.990658644711843,0.25494761350407447
0.71,2.9,0.9911336288790373,0.2543655413271245
0.71,2.95,0.9912919569347688,0.2541327124563446
0.71,3.0,0.9913711209626346,0.2540162980209546
0.71,3.05,0.991529449018366,0.2537834691501746
0.71,3.1,0.9916086130462318,0.25320139697322464
0.71,3.15,0.9916086130462318,0.2529685681024447
0.71,3.2,0.9916877770740975,0.2529685681024447
0.71,3.25,0.9917669411019633,0.2528521536670547
0.71,3.3,0.9917669411019633,0.2528521536670547
0.71,3.35,0.9919252691576947,0.2525029103608848
0.71,3.4,0.9919252691576947,0.2525029103608848
0.71,3.45,0.9919252691576947,0.2525029103608848
0.71,3.5,0.9920835972134262,0.2525029103608848
0.71,3.55,0.992162761241292,0.2525029103608848
0.72,1.0,0.8804623179227359,0.49697322467986027
0.72,1.05,0.9368271057631412,0.4828870779976717
0.72,1.1,0.9437935402153261,0.4718277066356228
0.72,1.15,0.9456934768841039,0.450407450523865
0.72,1.2,0.9470392653578215,0.41385331781140866
0.72,1.25,0.9475934135528816,0.37112922002328286
0.72,1.3,0.9478309056364788,0.3318975552968568
0.72,1.35,0.9479100696643445,0.30686845168800936
0.72,1.4,0.9479100696643445,0.29592549476135044
0.72,1.45,0.948068397720076,0.29313154831199073
0.72,1.5,0.948068397720076,0.2916181606519208
0.72,1.55,0.9482267257758075,0.29057043073341093
0.72,1.6,0.9487808739708676,0.28928987194412104
0.72,1.65,0.9496516782773907,0.28684516880093136
0.72,1.7,0.9512349588347055,0.2856810244470315
0.72,1.75,0.9524224192526916,0.28428405122235156
0.72,1.8,0.9537682077264091,0.2831199068684517
0.72,1.85,0.9558264724509183,0.2818393480791618
0.72,1.9,0.9586763774540848,0.2807916181606519
0.72,1.95,0.9631095630145662,0.2792782305005821
0.72,2.0,0.9661177960734643,0.2782305005820722
0.72,2.05,0.9695218492716909,0.27706635622817233
0.72,2.1,0.9722925902469918,0.27613504074505235
0.72,2.15,0.975538315389487,0.2750873108265425
0.72,2.2,0.9785465484483851,0.2740395809080326
0.72,2.25,0.9804464851171628,0.27334109429569264
0.72,2.3,0.9826630778974034,0.2729918509895227
0.72,2.35,0.9842463584547182,0.2726426076833527
0.72,2.4,0.9857504749841672,0.27206053550640275
0.72,2.45,0.9864629512349589,0.2713620488940629
0.72,2.5,0.987333755541482,0.2713620488940629
0.72,2.55,0.9877295756808107,0.27101280558789287
0.72,2.6,0.9880462317922736,0.27054714784633294
0.72,2.65,0.9882837238758708,0.2704307334109429
0.72,2.7,0.9885212159594681,0.269848661233993
0.72,2.75,0.988837872070931,0.26961583236321307
0.72,2.8,0.9894711842938568,0.26915017462165314
0.72,2.85,0.9899461684610513,0.2688009313154831
0.72,2.9,0.9904211526282457,0.26821885913853316
0.72,2.95,0.9905794806839772,0.26798603026775325
0.72,3.0,0.990658644711843,0.26786961583236324
0.72,3.05,0.9908169727675744,0.2676367869615832
0.72,3.1,0.9908961367954402,0.2670547147846333
0.72,3.15,0.9908961367954402,0.26682188591385336
0.72,3.2,0.9909753008233059,0.26682188591385336
0.72,3.25,0.9910544648511717,0.26670547147846335
0.72,3.3,0.9910544648511717,0.26670547147846335
0.72,3.35,0.9912127929069031,0.2663562281722933
0.72,3.4,0.9912127929069031,0.2663562281722933
0.72,3.45,0.9912127929069031,0.2663562281722933
0.72,3.5,0.9913711209626346,0.2663562281722933
0.72,3.55,0.9914502849905004,0.2663562281722933
0.73,1.0,0.8797498416719443,0.5116414435389989
0.73,1.05,0.9361146295123496,0.4975552968568102
0.73,1.1,0.9430810639645345,0.4864959254947614
0.73,1.15,0.9449810006333123,0.4650756693830035
0.73,1.2,0.9463267891070297,0.42852153667054715
0.73,1.25,0.9468809373020899,0.38579743888242146
0.73,1.3,0.9471184293856871,0.3465657741559953
0.73,1.35,0.9471975934135529,0.32153667054714785
0.73,1.4,0.9471975934135529,0.31059371362048893
0.73,1.45,0.9473559214692844,0.3077997671711292
0.73,1.5,0.9473559214692844,0.3062863795110594
0.73,1.55,0.9475142495250158,0.3052386495925494
0.73,1.6,0.948068397720076,0.30395809080325964
0.73,1.65,0.9489392020265991,0.30151338766006985
0.73,1.7,0.9505224825839139,0.30034924330616997
0.73,1.75,0.9517099430018999,0.29895227008149006
0.73,1.8,0.9530557314756175,0.29778812572759017
0.73,1.85,0.9551139962001267,0.2965075669383004
0.73,1.9,0.9579639012032932,0.2954598370197905
0.73,1.95,0.9623970867637746,0.2939464493597206
0.73,2.0,0.9654053198226725,0.2928987194412107
0.73,2.05,0.9688093730208993,0.2917345750873108
0.73,2.1,0.9715801139962001,0.29080325960419096
0.73,2.15,0.9748258391386954,0.2897555296856811
0.73,2.2,0.9778340721975934,0.2887077997671711
0.73,2.25,0.9797340088663711,0.28800931315483125
0.73,2.3,0.9819506016466117,0.2876600698486612
0.73,2.35,0.9835338822039266,0.2873108265424913
0.73,2.4,0.9850379987333756,0.28672875436554135
0.73,2.45,0.9857504749841672,0.2860302677532014
0.73,2.5,0.9866212792906903,0.2860302677532014
0.73,2.55,0.987017099430019,0.2856810244470315
0.73,2.6,0.987333755541482,0.28521536670547143
0.73,2.65,0.9875712476250792,0.28509895227008153
0.73,2.7,0.9878087397086763,0.2845168800931316
0.73,2.75,0.9881253958201394,0.28428405122235156
0.73,2.8,0.9887587080430652,0.28381839348079163
0.73,2.85,0.9892336922102597,0.2834691501746216
0.73,2.9,0.9897086763774541,0.28288707799767177
0.73,2.95,0.9898670044331855,0.28265424912689174
0.73,3.0,0.9899461684610513,0.28253783469150173
0.73,3.05,0.9901044965167828,0.2823050058207218
0.73,3.1,0.9901836605446485,0.2817229336437719
0.73,3.15,0.9901836605446485,0.28149010477299186
0.73,3.2,0.9902628245725142,0.28149010477299186
0.73,3.25,0.99034198860038,0.28137369033760185
0.73,3.3,0.99034198860038,0.28137369033760185
0.73,3.35,0.9905003166561115,0.2810244470314319
0.73,3.4,0.9905003166561115,0.2810244470314319
0.73,3.45,0.9905003166561115,0.2810244470314319
0.73,3.5,0.990658644711843,0.2810244470314319
0.73,3.55,0.9907378087397086,0.2810244470314319
0.74,1.0,0.8781665611146295,0.5257275902211874
0.74,1.05,0.9345313489550349,0.5116414435389989
0.74,1.1,0.9414977834072198,0.5005820721769499
0.74,1.15,0.9433977200759974,0.47916181606519204
0.74,1.2,0.944743508549715,0.4426076833527357
0.74,1.25,0.9452976567447752,0.39988358556461
0.74,1.3,0.9455351488283724,0.360651920838184
0.74,1.35,0.9456143128562381,0.3356228172293364
0.74,1.4,0.9456143128562381,0.3246798603026775
0.74,1.45,0.9457726409119696,0.3218859138533178
0.74,1.5,0.9457726409119696,0.32037252619324796
0.74,1.55,0.9459309689677011,0.3193247962747381
0.74,1.6,0.9464851171627613,0.3180442374854482
0.74,1.65,0.9473559214692844,0.3155995343422584
0.74,1.7,0.9489392020265991,0.3144353899883585
0.74,1.75,0.9501266624445852,0.3130384167636787
0.74,1.8,0.9514724509183027,0.31187427240977883
0.74,1.85,0.9535307156428119,0.31059371362048893
0.74,1.9,0.9563806206459785,0.30954598370197905
0.74,1.95,0.9608138062064597,0.30803259604190925
0.74,2.0,0.9638220392653578,0.30698486612339926
0.74,2.05,0.9672260924635846,0.30582072176949937
0.74,2.1,0.9699968334388853,0.3048894062863795
0.74,2.15,0.9732425585813806,0.30384167636786963
0.74,2.2,0.9762507916402786,0.30279394644935975
0.74,2.25,0.9781507283090564,0.3020954598370198
0.74,2.3,0.980367321089297,0.3017462165308499
0.74,2.35,0.9819506016466117,0.30139697322467984
0.74,2.4,0.9834547181760608,0.3008149010477299
0.74,2.45,0.9841671944268524,0.30011641443538994
0.74,2.5,0.9850379987333756,0.30011641443538994
0.74,2.55,0.9854338188727042,0.29976717112922
0.74,2.6,0.9857504749841672,0.2993015133876601
0.74,2.65,0.9859879670677644,0.2991850989522701
0.74,2.7,0.9862254591513616,0.29860302677532014
0.74,2.75,0.9865421152628245,0.2983701979045401
0.74,2.8,0.9871754274857505,0.2979045401629802
0.74,2.85,0.9876504116529449,0.29755529685681026
0.74,2.9,0.9881253958201394,0.2969732246798603
0.74,2.95,0.9882837238758708,0.2967403958090803
0.74,3.0,0.9883628879037365,0.2966239813736904
0.74,3.05,0.9885212159594681,0.29639115250291037
0.74,3.1,0.9886003799873337,0.2958090803259604
0.74,3.15,0.9886003799873337,0.2955762514551804
0.74,3.2,0.9886795440151995,0.2955762514551804
0.74,3.25,0.9887587080430652,0.2954598370197905
0.74,3.3,0.9887587080430652,0.2954598370197905
0.74,3.35,0.9889170360987967,0.2951105937136205
0.74,3.4,0.9889170360987967,0.2951105937136205
0.74,3.45,0.9889170360987967,0.2951105937136205
0.74,3.5,0.9890753641545282,0.2951105937136205
0.74,3.55,0.9891545281823939,0.2951105937136205
0.75,1.0,0.8762666244458518,0.5443538998835855
0.75,1.05,0.9326314122862571,0.530267753201397
0.75,1.1,0.939597846738442,0.519208381839348
0.75,1.15,0.9414977834072198,0.49778812572759024
0.75,1.2,0.9428435718809373,0.4612339930151339
0.75,1.25,0.9433977200759974,0.4185098952270081
0.75,1.3,0.9436352121595947,0.37927823050058207
0.75,1.35,0.9437143761874605,0.3542491268917346
0.75,1.4,0.9437143761874605,0.3433061699650757
0.75,1.45,0.9438727042431919,0.340512223515716
0.75,1.5,0.9438727042431919,0.33899883585564605
0.75,1.55,0.9440310322989234,0.3379511059371362
0.75,1.6,0.9445851804939835,0.3366705471478463
0.75,1.65,0.9454559848005066,0.3342258440046566
0.75,1.7,0.9470392653578215,0.3330616996507567
0.75,1.75,0.9482267257758075,0.3316647264260768
0.75,1.8,0.949572514249525,0.3305005820721769
0.75,1.85,0.9516307789740343,0.32922002328288713
0.75,1.9,0.9544806839772008,0.32817229336437714
0.75,1.95,0.9589138695376821,0.32665890570430733
0.75,2.0,0.9619221025965801,0.32561117578579746
0.75,2.05,0.9653261557948069,0.32444703143189757
0.75,2.1,0.9680968967701077,0.3235157159487776
0.75,2.15,0.9713426219126029,0.3224679860302677
0.75,2.2,0.974350854971501,0.32142025611175784
0.75,2.25,0.9762507916402786,0.3207217694994179
0.75,2.3,0.9784673844205193,0.32037252619324796
0.75,2.35,0.9800506649778341,0.32002328288707804
0.75,2.4,0.981554781507283,0.3194412107101281
0.75,2.45,0.9822672577580748,0.31874272409778814
0.75,2.5,0.9831380620645979,0.31874272409778814
0.75,2.55,0.9835338822039266,0.3183934807916181
0.75,2.6,0.9838505383153895,0.3179278230500582
0.75,2.65,0.9840880303989867,0.31781140861466817
0.75,2.7,0.9843255224825839,0.3172293364377182
0.75,2.75,0.9846421785940469,0.3169965075669383
0.75,2.8,0.9852754908169727,0.3165308498253784
0.75,2.85,0.9857504749841672,0.31618160651920835
0.75,2.9,0.9862254591513616,0.3155995343422584
0.75,2.95,0.9863837872070931,0.3153667054714785
0.75,3.0,0.9864629512349589,0.3152502910360885
0.75,3.05,0.9866212792906903,0.31501746216530846
0.75,3.1,0.986700443318556,0.3144353899883585
0.75,3.15,0.986700443318556,0.3142025611175786
0.75,3.2,0.9867796073464218,0.3142025611175786
0.75,3.25,0.9868587713742876,0.3140861466821886
0.75,3.3,0.9868587713742876,0.3140861466821886
0.75,3.35,0.987017099430019,0.31373690337601867
0.75,3.4,0.987017099430019,0.31373690337601867
0.75,3.45,0.987017099430019,0.31373690337601867
0.75,3.5,0.9871754274857505,0.31373690337601867
0.75,3.55,0.9872545915136162,0.31373690337601867
0.76,1.0,0.8738125395820139,0.5623981373690338
0.76,1.05,0.9301773274224192,0.5483119906868452
0.76,1.1,0.9371437618746041,0.5372526193247963
0.76,1.15,0.9390436985433819,0.5158323632130384
0.76,1.2,0.9403894870170995,0.47927823050058205
0.76,1.25,0.9409436352121596,0.43655413271245636
0.76,1.3,0.9411811272957568,0.3973224679860302
0.76,1.35,0.9412602913236225,0.37229336437718274
0.76,1.4,0.9412602913236225,0.3613504074505238
0.76,1.45,0.941418619379354,0.3585564610011641
0.76,1.5,0.941418619379354,0.3570430733410943
0.76,1.55,0.9415769474350855,0.35599534342258443
0.76,1.6,0.9421310956301456,0.35471478463329453
0.76,1.65,0.9430018999366688,0.35227008149010475
0.76,1.7,0.9445851804939835,0.35110593713620486
0.76,1.75,0.9457726409119696,0.34970896391152506
0.76,1.8,0.9471184293856871,0.3485448195576252
0.76,1.85,0.9491766941101963,0.3472642607683353
0.76,1.9,0.9520265991133628,0.3462165308498254
0.76,1.95,0.9564597846738442,0.3447031431897555
0.76,2.0,0.9594680177327423,0.3436554132712456
0.76,2.05,0.9628720709309689,0.3424912689173457
0.76,2.1,0.9656428119062698,0.34155995343422585
0.76,2.15,0.968888537048765,0.340512223515716
0.76,2.2,0.9718967701076631,0.3394644935972061
0.76,2.25,0.9737967067764408,0.33876600698486614
0.76,2.3,0.9760132995566815,0.3384167636786961
0.76,2.35,0.9775965801139962,0.3380675203725262
0.76,2.4,0.9791006966434452,0.33748544819557624
0.76,2.45,0.9798131728942369,0.3367869615832363
0.76,2.5,0.98068397720076,0.3367869615832363
0.76,2.55,0.9810797973400887,0.33643771827706637
0.76,2.6,0.9813964534515516,0.33597206053550643
0.76,2.65,0.9816339455351488,0.3358556461001164
0.76,2.7,0.9818714376187461,0.3352735739231665
0.76,2.75,0.982188093730209,0.33504074505238646
0.76,2.8,0.9828214059531349,0.3345750873108265
0.76,2.85,0.9832963901203293,0.3342258440046566
0.76,2.9,0.9837713742875237,0.33364377182770666
0.76,2.95,0.9839297023432553,0.33341094295692664
0.76,3.0,0.984008866371121,0.3332945285215366
0.76,3.05,0.9841671944268524,0.3330616996507567
0.76,3.1,0.9842463584547182,0.33247962747380677
0.76,3.15,0.9842463584547182,0.33224679860302675
0.76,3.2,0.9843255224825839,0.33224679860302675
0.76,3.25,0.9844046865104497,0.33213038416763674
0.76,3.3,0.9844046865104497,0.33213038416763674
0.76,3.35,0.9845630145661811,0.3317811408614668
0.76,3.4,0.9845630145661811,0.3317811408614668
0.76,3.45,0.9845630145661811,0.3317811408614668
0.76,3.5,0.9847213426219126,0.3317811408614668
0.76,3.55,0.9848005066497784,0.3317811408614668
0.77,1.0,0.8720709309689677,0.5788125727590221
0.77,1.05,0.928435718809373,0.5647264260768335
0.77,1.1,0.935402153261558,0.5536670547147846
0.77,1.15,0.9373020899303357,0.5322467986030268
0.77,1.2,0.9386478784040532,0.4956926658905705
0.77,1.25,0.9392020265991133,0.4529685681024447
0.77,1.3,0.9394395186827106,0.41373690337601865
0.77,1.35,0.9395186827105764,0.3887077997671712
0.77,1.4,0.9395186827105764,0.37776484284051226
0.77,1.45,0.9396770107663078,0.37497089639115255
0.77,1.5,0.9396770107663078,0.37345750873108263
0.77,1.55,0.9398353388220393,0.37240977881257276
0.77,1.6,0.9403894870170995,0.37112922002328286
0.77,1.65,0.9412602913236225,0.3686845168800932
0.77,1.7,0.9428435718809373,0.3675203725261933
0.77,1.75,0.9440310322989234,0.3661233993015134
0.77,1.8,0.945376820772641,0.3649592549476135
0.77,1.85,0.94743508549715,0.3636786961583236
0.77,1.9,0.9502849905003167,0.3626309662398137
0.77,1.95,0.954718176060798,0.3611175785797439
0.77,2.0,0.957726409119696,0.36006984866123404
0.77,2.05,0.9611304623179228,0.35890570430733415
0.77,2.1,0.9639012032932236,0.3579743888242142
0.77,2.15,0.9671469284357188,0.3569266589057043
0.77,2.2,0.9701551614946169,0.3558789289871944
0.77,2.25,0.9720550981633945,0.35518044237485447
0.77,2.3,0.9742716909436352,0.35483119906868454
0.77,2.35,0.97585497150095,0.3544819557625145
0.77,2.4,0.977359088030399,0.35389988358556457
0.77,2.45,0.9780715642811906,0.3532013969732247
0.77,2.5,0.9789423685877138,0.3532013969732247
0.77,2.55,0.9793381887270425,0.3528521536670547
0.77,2.6,0.9796548448385054,0.35238649592549476
0.77,2.65,0.9798923369221026,0.35227008149010475
0.77,2.7,0.9801298290056998,0.3516880093131548
0.77,2.75,0.9804464851171628,0.3514551804423749
0.77,2.8,0.9810797973400887,0.35098952270081485
0.77,2.85,0.981554781507283,0.3506402793946449
0.77,2.9,0.9820297656744775,0.350058207217695
0.77,2.95,0.982188093730209,0.3498253783469151
0.77,3.0,0.9822672577580748,0.34970896391152506
0.77,3.05,0.9824255858138062,0.34947613504074504
0.77,3.1,0.9825047498416719,0.3488940628637951
0.77,3.15,0.9825047498416719,0.3486612339930152
0.77,3.2,0.9825839138695377,0.3486612339930152
0.77,3.25,0.9826630778974034,0.3485448195576252
0.77,3.3,0.9826630778974034,0.3485448195576252
0.77,3.35,0.9828214059531349,0.34819557625145514
0.77,3.4,0.9828214059531349,0.34819557625145514
0.77,3.45,0.9828214059531349,0.34819557625145514
0.77,3.5,0.9829797340088664,0.34819557625145514
0.77,3.55,0.9830588980367321,0.34819557625145514
0.78,1.0,0.8694585180493983,0.5984866123399302
0.78,1.05,0.9258233058898037,0.5844004656577415
0.78,1.1,0.9327897403419886,0.5733410942956927
0.78,1.15,0.9346896770107663,0.5519208381839348
0.78,1.2,0.9360354654844838,0.5153667054714784
0.78,1.25,0.936589613679544,0.47264260768335276
0.78,1.3,0.9368271057631412,0.4334109429569266
0.78,1.35,0.936906269791007,0.40838183934807915
0.78,1.4,0.936906269791007,0.3974388824214202
0.78,1.45,0.9370645978467385,0.3946449359720605
0.78,1.5,0.9370645978467385,0.3931315483119907
0.78,1.55,0.9372229259024699,0.39208381839348083
0.78,1.6,0.9377770740975301,0.39080325960419093
0.78,1.65,0.9386478784040532,0.38835855646100115
0.78,1.7,0.940231158961368,0.38719441210710126
0.78,1.75,0.941418619379354,0.38579743888242146
0.78,1.8,0.9427644078530716,0.3846332945285216
0.78,1.85,0.9448226725775808,0.3833527357392317
0.78,1.9,0.9476725775807473,0.3823050058207218
0.78,1.95,0.9521057631412286,0.3807916181606519
0.78,2.0,0.9551139962001267,0.379743888242142
0.78,2.05,0.9585180493983534,0.3785797438882421
0.78,2.1,0.9612887903736542,0.37764842840512225
0.78,2.15,0.9645345155161494,0.3766006984866124
0.78,2.2,0.9675427485750475,0.3755529685681025
0.78,2.25,0.9694426852438252,0.37485448195576254
0.78,2.3,0.9716592780240658,0.3745052386495925
0.78,2.35,0.9732425585813806,0.3741559953434226
0.78,2.4,0.9747466751108297,0.37357392316647264
0.78,2.45,0.9754591513616213,0.3728754365541327
0.78,2.5,0.9763299556681444,0.3728754365541327
0.78,2.55,0.9767257758074731,0.37252619324796277
0.78,2.6,0.977042431918936,0.37206053550640283
0.78,2.65,0.9772799240025333,0.3719441210710128
0.78,2.7,0.9775174160861304,0.3713620488940629
0.78,2.75,0.9778340721975934,0.37112922002328286
0.78,2.8,0.9784673844205193,0.3706635622817229
0.78,2.85,0.9789423685877138,0.370314318975553
0.78,2.9,0.9794173527549082,0.36973224679860306
0.78,2.95,0.9795756808106396,0.36949941792782304
0.78,3.0,0.9796548448385054,0.369383003492433
0.78,3.05,0.9798131728942369,0.3691501746216531
0.78,3.1,0.9798923369221026,0.36856810244470317
0.78,3.15,0.9798923369221026,0.36833527357392315
0.78,3.2,0.9799715009499683,0.36833527357392315
0.78,3.25,0.9800506649778341,0.36821885913853314
0.78,3.3,0.9800506649778341,0.36821885913853314
0.78,3.35,0.9802089930335656,0.3678696158323632
0.78,3.4,0.9802089930335656,0.3678696158323632
0.78,3.45,0.9802089930335656,0.3678696158323632
0.78,3.5,0.980367321089297,0.3678696158323632
0.78,3.55,0.9804464851171628,0.3678696158323632
0.79,1.0,0.8662919569347688,0.6186263096623981
0.79,1.05,0.9226567447751741,0.6045401629802096
0.79,1.1,0.929623179227359,0.5934807916181606
0.79,1.15,0.9315231158961368,0.5720605355064028
0.79,1.2,0.9328689043698544,0.5355064027939465
0.79,1.25,0.9334230525649145,0.49278230500582076
0.79,1.3,0.9336605446485117,0.4535506402793946
0.79,1.35,0.9337397086763775,0.42852153667054715
0.79,1.4,0.9337397086763775,0.41757857974388823
0.79,1.45,0.9338980367321089,0.4147846332945285
0.79,1.5,0.9338980367321089,0.4132712456344587
0.79,1.55,0.9340563647878404,0.41222351571594873
0.79,1.6,0.9346105129829005,0.41094295692665894
0.79,1.65,0.9354813172894236,0.40849825378346916
0.79,1.7,0.9370645978467385,0.40733410942956927
0.79,1.75,0.9382520582647245,0.40593713620488936
0.79,1.8,0.939597846738442,0.40477299185098947
0.79,1.85,0.9416561114629513,0.4034924330616997
0.79,1.9,0.9445060164661178,0.4024447031431898
0.79,1.95,0.9489392020265991,0.4009313154831199
0.79,2.0,0.9519474350854972,0.39988358556461
0.79,2.05,0.9553514882837238,0.3987194412107101
0.79,2.1,0.9581222292590247,0.39778812572759026
0.79,2.15,0.9613679544015199,0.39674039580908027
0.79,2.2,0.964376187460418,0.3956926658905704
0.79,2.25,0.9662761241291957,0.39499417927823055
0.79,2.3,0.9684927169094364,0.3946449359720605
0.79,2.35,0.9700759974667511,0.3942956926658906
0.79,2.4,0.9715801139962001,0.39371362048894065
0.79,2.45,0.9722925902469918,0.3930151338766007
0.79,2.5,0.9731633945535149,0.3930151338766007
0.79,2.55,0.9735592146928436,0.3926658905704308
0.79,2.6,0.9738758708043065,0.39220023282887073
0.79,2.65,0.9741133628879037,0.39208381839348083
0.79,2.7,0.974350854971501,0.3915017462165309
0.79,2.75,0.9746675110829639,0.39126891734575087
0.79,2.8,0.9753008233058899,0.39080325960419093
0.79,2.85,0.9757758074730842,0.3904540162980209
0.79,2.9,0.9762507916402786,0.38987194412107107
0.79,2.95,0.9764091196960102,0.38963911525029105
0.79,3.0,0.9764882837238759,0.38952270081490104
0.79,3.05,0.9766466117796073,0.3892898719441211
0.79,3.1,0.9767257758074731,0.3887077997671712
0.79,3.15,0.9767257758074731,0.38847497089639116
0.79,3.2,0.9768049398353388,0.38847497089639116
0.79,3.25,0.9768841038632046,0.38835855646100115
0.79,3.3,0.9768841038632046,0.38835855646100115
0.79,3.35,0.977042431918936,0.3880093131548312
0.79,3.4,0.977042431918936,0.3880093131548312
0.79,3.45,0.977042431918936,0.3880093131548312
0.79,3.5,0.9772007599746675,0.3880093131548312
0.79,3.55,0.9772799240025333,0.3880093131548312
0.8,1.0,0.8615421152628245,0.6374854481955763
0.8,1.05,0.9179069031032299,0.6233993015133876
0.8,1.1,0.9248733375554148,0.6123399301513388
0.8,1.15,0.9267732742241925,0.5909196740395809
0.8,1.2,0.9281190626979101,0.5543655413271246
0.8,1.25,0.9286732108929703,0.5116414435389989
0.8,1.3,0.9289107029765674,0.47240977881257273
0.8,1.35,0.9289898670044332,0.44738067520372526
0.8,1.4,0.9289898670044332,0.43643771827706634
0.8,1.45,0.9291481950601647,0.43364377182770664
0.8,1.5,0.9291481950601647,0.4321303841676368
0.8,1.55,0.9293065231158961,0.43108265424912684
0.8,1.6,0.9298606713109563,0.42980209545983705
0.8,1.65,0.9307314756174794,0.42735739231664727
0.8,1.7,0.9323147561747942,0.4261932479627474
0.8,1.75,0.9335022165927802,0.42479627473806747
0.8,1.8,0.9348480050664978,0.4236321303841676
0.8,1.85,0.936906269791007,0.4223515715948778
0.8,1.9,0.9397561747941735,0.4213038416763679
0.8,1.95,0.9441893603546548,0.419790454016298
0.8,2.0,0.9471975934135529,0.4187427240977881
0.8,2.05,0.9506016466117796,0.41757857974388823
0.8,2.1,0.9533723875870804,0.41664726426076837
0.8,2.15,0.9566181127295756,0.4155995343422585
0.8,2.2,0.9596263457884737,0.4145518044237485
0.8,2.25,0.9615262824572515,0.41385331781140866
0.8,2.3,0.9637428752374921,0.41350407450523863
0.8,2.35,0.9653261557948069,0.4131548311990687
0.8,2.4,0.9668302723242559,0.41257275902211876
0.8,2.45,0.9675427485750475,0.4118742724097788
0.8,2.5,0.9684135528815706,0.4118742724097788
0.8,2.55,0.9688093730208993,0.4115250291036089
0.8,2.6,0.9691260291323622,0.41105937136204884
0.8,2.65,0.9693635212159595,0.41094295692665894
0.8,2.7,0.9696010132995567,0.410360884749709
0.8,2.75,0.9699176694110196,0.410128055878929
0.8,2.8,0.9705509816339455,0.40966239813736904
0.8,2.85,0.97102596580114,0.4093131548311991
0.8,2.9,0.9715009499683344,0.4087310826542492
0.8,2.95,0.9716592780240658,0.40849825378346916
0.8,3.0,0.9717384420519316,0.40838183934807915
0.8,3.05,0.9718967701076631,0.40814901047729923
0.8,3.1,0.9719759341355289,0.4075669383003493
0.8,3.15,0.9719759341355289,0.40733410942956927
0.8,3.2,0.9720550981633945,0.40733410942956927
0.8,3.25,0.9721342621912603,0.40721769499417926
0.8,3.3,0.9721342621912603,0.40721769499417926
0.8,3.35,0.9722925902469918,0.40686845168800934
0.8,3.4,0.9722925902469918,0.40686845168800934
0.8,3.45,0.9722925902469918,0.40686845168800934
0.8,3.5,0.9724509183027232,0.40686845168800934
0.8,3.55,0.972530082330589,0.40686845168800934
0.81,1.0,0.8548131728942369,0.6592549476135041
0.81,1.05,0.9111779607346422,0.6451688009313155
0.81,1.1,0.9181443951868271,0.6341094295692666
0.81,1.15,0.9200443318556049,0.6126891734575087
0.81,1.2,0.9213901203293223,0.5761350407450524
0.81,1.25,0.9219442685243825,0.5334109429569267
0.81,1.3,0.9221817606079797,0.49417927823050056
0.81,1.35,0.9222609246358455,0.4691501746216531
0.81,1.4,0.9222609246358455,0.4582072176949942
0.81,1.45,0.922419252691577,0.45541327124563447
0.81,1.5,0.922419252691577,0.45389988358556466
0.81,1.55,0.9225775807473084,0.45285215366705467
0.81,1.6,0.9231317289423686,0.4515715948777649
0.81,1.65,0.9240025332488917,0.4491268917345751
0.81,1.7,0.9255858138062064,0.4479627473806752
0.81,1.75,0.9267732742241925,0.4465657741559953
0.81,1.8,0.9281190626979101,0.4454016298020954
0.81,1.85,0.9301773274224192,0.4441210710128056
0.81,1.9,0.9330272324255858,0.44307334109429575
0.81,1.95,0.9374604179860672,0.4415599534342258
0.81,2.0,0.9404686510449651,0.44051222351571595
0.81,2.05,0.9438727042431919,0.43934807916181606
0.81,2.1,0.9466434452184928,0.4384167636786962
0.81,2.15,0.949889170360988,0.4373690337601862
0.81,2.2,0.952897403419886,0.43632130384167633
0.81,2.25,0.9547973400886637,0.4356228172293365
0.81,2.3,0.9570139328689043,0.43527357392316646
0.81,2.35,0.9585972134262192,0.43492433061699654
0.81,2.4,0.9601013299556681,0.4343422584400466
0.81,2.45,0.9608138062064597,0.43364377182770664
0.81,2.5,0.9616846105129829,0.43364377182770664
0.81,2.55,0.9620804306523116,0.4332945285215367
0.81,2.6,0.9623970867637746,0.43282887077997667
0.81,2.65,0.9626345788473718,0.43271245634458677
0.81,2.7,0.9628720709309689,0.4321303841676368
0.81,2.75,0.963188727042432,0.4318975552968568
0.81,2.8,0.9638220392653578,0.4314318975552969
0.81,2.85,0.9642970234325523,0.43108265424912684
0.81,2.9,0.9647720075997467,0.4305005820721769
0.81,2.95,0.9649303356554781,0.430267753201397
0.81,3.0,0.9650094996833439,0.430151338766007
0.81,3.05,0.9651678277390754,0.42991850989522706
0.81,3.1,0.9652469917669411,0.4293364377182771
0.81,3.15,0.9652469917669411,0.4291036088474971
0.81,3.2,0.9653261557948069,0.4291036088474971
0.81,3.25,0.9654053198226725,0.4289871944121071
0.81,3.3,0.9654053198226725,0.4289871944121071
0.81,3.35,0.9655636478784041,0.42863795110593716
0.81,3.4,0.9655636478784041,0.42863795110593716
0.81,3.45,0.9655636478784041,0.42863795110593716
0.81,3.5,0.9657219759341356,0.42863795110593716
0.81,3.55,0.9658011399620012,0.42863795110593716
0.82,1.0,0.847213426219126,0.6777648428405123
0.82,1.05,0.9035782140595313,0.6636786961583236
0.82,1.1,0.9105446485117162,0.6526193247962747
0.82,1.15,0.912444585180494,0.6311990686845168
0.82,1.2,0.9137903736542116,0.5946449359720605
0.82,1.25,0.9143445218492717,0.5519208381839348
0.82,1.3,0.9145820139328689,0.5126891734575088
0.82,1.35,0.9146611779607347,0.4876600698486613
0.82,1.4,0.9146611779607347,0.47671711292200236
0.82,1.45,0.9148195060164661,0.47392316647264265
0.82,1.5,0.9148195060164661,0.47240977881257273
0.82,1.55,0.9149778340721976,0.47136204889406286
0.82,1.6,0.9155319822672577,0.47008149010477296
0.82,1.65,0.9164027865737808,0.4676367869615833
0.82,1.7,0.9179860671310957,0.4664726426076834
0.82,1.75,0.9191735275490817,0.4650756693830035
0.82,1.8,0.9205193160227992,0.4639115250291036
0.82,1.85,0.9225775807473084,0.4626309662398137
0.82,1.9,0.925427485750475,0.4615832363213038
0.82,1.95,0.9298606713109563,0.460069848661234
0.82,2.0,0.9328689043698544,0.45902211874272414
0.82,2.05,0.936272957568081,0.45785797438882425
0.82,2.1,0.9390436985433819,0.4569266589057043
0.82,2.15,0.9422894236858771,0.4558789289871944
0.82,2.2,0.9452976567447752,0.4548311990686845
0.82,2.25,0.9471975934135529,0.45413271245634457
0.82,2.3,0.9494141861937936,0.45378346915017465
0.82,2.35,0.9509974667511083,0.4534342258440046
0.82,2.4,0.9525015832805573,0.45285215366705467
0.82,2.45,0.953214059531349,0.4521536670547148
0.82,2.5,0.954084863837872,0.4521536670547148
0.82,2.55,0.9544806839772008,0.4518044237485448
0.82,2.6,0.9547973400886637,0.45133876600698486
0.82,2.65,0.9550348321722609,0.45122235157159485
0.82,2.7,0.9552723242558582,0.4506402793946449
0.82,2.75,0.9555889803673211,0.450407450523865
0.82,2.8,0.956222292590247,0.44994179278230506
0.82,2.85,0.9566972767574414,0.44959254947613503
0.82,2.9,0.9571722609246358,0.4490104772991851
0.82,2.95,0.9573305889803673,0.4487776484284052
0.82,3.0,0.957409753008233,0.44866123399301516
0.82,3.05,0.9575680810639645,0.44842840512223514
0.82,3.1,0.9576472450918303,0.4478463329452852
0.82,3.15,0.9576472450918303,0.4476135040745053
0.82,3.2,0.957726409119696,0.4476135040745053
0.82,3.25,0.9578055731475618,0.4474970896391153
0.82,3.3,0.9578055731475618,0.4474970896391153
0.82,3.35,0.9579639012032932,0.44714784633294524
0.82,3.4,0.9579639012032932,0.44714784633294524
0.82,3.45,0.9579639012032932,0.44714784633294524
0.82,3.5,0.9581222292590247,0.44714784633294524
0.82,3.55,0.9582013932868905,0.44714784633294524
0.83,1.0,0.8390595313489551,0.70011641443539
0.83,1.05,0.8954243191893604,0.6860302677532014
0.83,1.1,0.9023907536415453,0.6749708963911525
0.83,1.15,0.9042906903103229,0.6535506402793947
0.83,1.2,0.9056364787840405,0.6169965075669384
0.83,1.25,0.9061906269791007,0.5742724097788126
0.83,1.3,0.9064281190626979,0.5350407450523864
0.83,1.35,0.9065072830905636,0.5100116414435389
0.83,1.4,0.9065072830905636,0.49906868451688013
0.83,1.45,0.9066656111462951,0.4962747380675204
0.83,1.5,0.9066656111462951,0.4947613504074505
0.83,1.55,0.9068239392020266,0.49371362048894063
0.83,1.6,0.9073780873970868,0.49243306169965073
0.83,1.65,0.9082488917036099,0.48998835855646106
0.83,1.7,0.9098321722609246,0.48882421420256117
0.83,1.75,0.9110196326789107,0.48742724097788126
0.83,1.8,0.9123654211526282,0.4862630966239814
0.83,1.85,0.9144236858771374,0.4849825378346915
0.83,1.9,0.917273590880304,0.4839348079161816
0.83,1.95,0.9217067764407854,0.4824214202561118
0.83,2.0,0.9247150094996833,0.4813736903376019
0.83,2.05,0.9281190626979101,0.480209545983702
0.83,2.1,0.930889803673211,0.47927823050058205
0.83,2.15,0.9341355288157062,0.47823050058207217
0.83,2.2,0.9371437618746041,0.4771827706635623
0.83,2.25,0.9390436985433819,0.47648428405122234
0.83,2.3,0.9412602913236225,0.4761350407450524
0.83,2.35,0.9428435718809373,0.4757857974388824
0.83,2.4,0.9443476884103863,0.47520372526193244
0.83,2.45,0.9450601646611779,0.4745052386495926
0.83,2.5,0.9459309689677011,0.4745052386495926
0.83,2.55,0.9463267891070297,0.47415599534342256
0.83,2.6,0.9466434452184928,0.47369033760186263
0.83,2.65,0.9468809373020899,0.4735739231664726
0.83,2.7,0.9471184293856871,0.4729918509895227
0.83,2.75,0.94743508549715,0.47275902211874277
0.83,2.8,0.948068397720076,0.4722933643771827
0.83,2.85,0.9485433818872704,0.4719441210710128
0.83,2.9,0.9490183660544649,0.47136204889406286
0.83,2.95,0.9491766941101963,0.47112922002328284
0.83,3.0,0.949255858138062,0.47101280558789294
0.83,3.05,0.9494141861937936,0.4707799767171129
0.83,3.1,0.9494933502216593,0.47019790454016297
0.83,3.15,0.9494933502216593,0.46996507566938306
0.83,3.2,0.949572514249525,0.46996507566938306
0.83,3.25,0.9496516782773907,0.46984866123399305
0.83,3.3,0.9496516782773907,0.46984866123399305
0.83,3.35,0.9498100063331222,0.469499417927823
0.83,3.4,0.9498100063331222,0.469499417927823
0.83,3.45,0.9498100063331222,0.469499417927823
0.83,3.5,0.9499683343888538,0.469499417927823
0.83,3.55,0.9500474984167194,0.469499417927823
0.84,1.0,0.8273432552248259,0.721187427240978
0.84,1.05,0.8837080430652312,0.7071012805587893
0.84,1.1,0.8906744775174161,0.6960419091967405
0.84,1.15,0.8925744141861938,0.6746216530849826
0.84,1.2,0.8939202026599113,0.6380675203725261
0.84,1.25,0.8944743508549715,0.5953434225844005
0.84,1.3,0.8947118429385688,0.5561117578579744
0.84,1.35,0.8947910069664344,0.5310826542491269
0.84,1.4,0.8947910069664344,0.520139697322468
0.84,1.45,0.8949493350221659,0.5173457508731083
0.84,1.5,0.8949493350221659,0.5158323632130384
0.84,1.55,0.8951076630778974,0.5147846332945285
0.84,1.6,0.8956618112729575,0.5135040745052386
0.84,1.65,0.8965326155794807,0.5110593713620488
0.84,1.7,0.8981158961367954,0.5098952270081489
0.84,1.75,0.8993033565547816,0.5084982537834691
0.84,1.8,0.900649145028499,0.5073341094295692
0.84,1.85,0.9027074097530082,0.5060535506402795
0.84,1.9,0.9055573147561748,0.5050058207217695
0.84,1.95,0.9099905003166561,0.5034924330616997
0.84,2.0,0.9129987333755542,0.5024447031431898
0.84,2.05,0.9164027865737808,0.5012805587892899
0.84,2.1,0.9191735275490817,0.50034924330617
0.84,2.15,0.922419252691577,0.49930151338766005
0.84,2.2,0.925427485750475,0.49825378346915017
0.84,2.25,0.9273274224192527,0.4975552968568102
0.84,2.3,0.9295440151994934,0.4972060535506403
0.84,2.35,0.9311272957568081,0.49685681024447026
0.84,2.4,0.9326314122862571,0.4962747380675204
0.84,2.45,0.9333438885370487,0.49557625145518047
0.84,2.5,0.9342146928435718,0.49557625145518047
0.84,2.55,0.9346105129829005,0.49522700814901044
0.84,2.6,0.9349271690943636,0.4947613504074505
0.84,2.65,0.9351646611779607,0.4946449359720605
0.84,2.7,0.935402153261558,0.49406286379511055
0.84,2.75,0.9357188093730209,0.49383003492433064
0.84,2.8,0.9363521215959468,0.4933643771827707
0.84,2.85,0.9368271057631412,0.4930151338766007
0.84,2.9,0.9373020899303357,0.49243306169965073
0.84,2.95,0.9374604179860672,0.4922002328288708
0.84,3.0,0.9375395820139328,0.4920838183934808
0.84,3.05,0.9376979100696643,0.4918509895227008
0.84,3.1,0.9377770740975301,0.49126891734575084
0.84,3.15,0.9377770740975301,0.49103608847497093
0.84,3.2,0.9378562381253959,0.49103608847497093
0.84,3.25,0.9379354021532615,0.4909196740395809
0.84,3.3,0.9379354021532615,0.4909196740395809
0.84,3.35,0.938093730208993,0.4905704307334109
0.84,3.4,0.938093730208993,0.4905704307334109
0.84,3.45,0.938093730208993,0.4905704307334109
0.84,3.5,0.9382520582647245,0.4905704307334109
0.84,3.55,0.9383312222925903,0.4905704307334109
0.85,1.0,0.8131728942368588,0.7384167636786961
0.85,1.05,0.8695376820772641,0.7243306169965076
0.85,1.1,0.876504116529449,0.7132712456344587
0.85,1.15,0.8784040531982267,0.6918509895227007
0.85,1.2,0.8797498416719443,0.6552968568102444
0.85,1.25,0.8803039898670044,0.6125727590221187
0.85,1.3,0.8805414819506017,0.5733410942956927
0.85,1.35,0.8806206459784673,0.5483119906868452
0.85,1.4,0.8806206459784673,0.5373690337601862
0.85,1.45,0.8807789740341989,0.5345750873108266
0.85,1.5,0.8807789740341989,0.5330616996507567
0.85,1.55,0.8809373020899304,0.5320139697322468
0.85,1.6,0.8814914502849905,0.5307334109429569
0.85,1.65,0.8823622545915136,0.5282887077997671
0.85,1.7,0.8839455351488283,0.5271245634458672
0.85,1.75,0.8851329955668145,0.5257275902211874
0.85,1.8,0.8864787840405319,0.5245634458672875
0.85,1.85,0.8885370487650411,0.5232828870779977
0.85,1.9,0.8913869537682078,0.5222351571594878
0.85,1.95,0.8958201393286891,0.520721769499418
0.85,2.0,0.8988283723875871,0.5196740395809081
0.85,2.05,0.9022324255858138,0.5185098952270082
0.85,2.1,0.9050031665611147,0.5175785797438883
0.85,2.15,0.9082488917036099,0.5165308498253783
0.85,2.2,0.9112571247625079,0.5154831199068685
0.85,2.25,0.9131570614312856,0.5147846332945285
0.85,2.3,0.9153736542115263,0.5144353899883586
0.85,2.35,0.916956934768841,0.5140861466821887
0.85,2.4,0.91846105129829,0.5135040745052386
0.85,2.45,0.9191735275490817,0.5128055878928988
0.85,2.5,0.9200443318556049,0.5128055878928988
0.85,2.55,0.9204401519949335,0.5124563445867287
0.85,2.6,0.9207568081063965,0.5119906868451688
0.85,2.65,0.9209943001899936,0.5118742724097788
0.85,2.7,0.9212317922735909,0.5112922002328288
0.85,2.75,0.9215484483850538,0.5110593713620488
0.85,2.8,0.9221817606079797,0.510593713620489
0.85,2.85,0.9226567447751741,0.510244470314319
0.85,2.9,0.9231317289423686,0.509662398137369
0.85,2.95,0.9232900569981001,0.5094295692665891
0.85,3.0,0.9233692210259657,0.5093131548311991
0.85,3.05,0.9235275490816973,0.5090803259604191
0.85,3.1,0.923606713109563,0.5084982537834691
0.85,3.15,0.923606713109563,0.5082654249126892
0.85,3.2,0.9236858771374288,0.5082654249126892
0.85,3.25,0.9237650411652945,0.5081490104772992
0.85,3.3,0.9237650411652945,0.5081490104772992
0.85,3.35,0.9239233692210259,0.5077997671711292
0.85,3.4,0.9239233692210259,0.5077997671711292
0.85,3.45,0.9239233692210259,0.5077997671711292
0.85,3.5,0.9240816972767575,0.5077997671711292
0.85,3.55,0.9241608613046232,0.5077997671711292
0.86,1.0,0.7965484483850538,0.7537834691501746
0.86,1.05,0.8529132362254591,0.739697322467986
0.86,1.1,0.859879670677644,0.7286379511059371
0.86,1.15,0.8617796073464218,0.7072176949941793
0.86,1.2,0.8631253958201394,0.670663562281723
0.86,1.25,0.8636795440151995,0.6279394644935972
0.86,1.3,0.8639170360987967,0.5887077997671711
0.86,1.35,0.8639962001266625,0.5636786961583236
0.86,1.4,0.8639962001266625,0.5527357392316647
0.86,1.45,0.8641545281823939,0.5499417927823049
0.86,1.5,0.8641545281823939,0.5484284051222352
0.86,1.55,0.8643128562381254,0.5473806752037252
0.86,1.6,0.8648670044331855,0.5461001164144355
0.86,1.65,0.8657378087397086,0.5436554132712457
0.86,1.7,0.8673210892970235,0.5424912689173458
0.86,1.75,0.8685085497150095,0.5410942956926659
0.86,1.8,0.869854338188727,0.539930151338766
0.86,1.85,0.8719126029132362,0.5386495925494761
0.86,1.9,0.8747625079164028,0.5376018626309662
0.86,1.95,0.8791956934768841,0.5360884749708964
0.86,2.0,0.8822039265357822,0.5350407450523864
0.86,2.05,0.8856079797340088,0.5338766006984866
0.86,2.1,0.8883787207093097,0.5329452852153667
0.86,2.15,0.8916244458518049,0.5318975552968568
0.86,2.2,0.894632678910703,0.5308498253783469
0.86,2.25,0.8965326155794807,0.5301513387660071
0.86,2.3,0.8987492083597214,0.529802095459837
0.86,2.35,0.9003324889170361,0.529452852153667
0.86,2.4,0.9018366054464851,0.5288707799767172
0.86,2.45,0.9025490816972768,0.5281722933643772
0.86,2.5,0.9034198860037999,0.5281722933643772
0.86,2.55,0.9038157061431286,0.5278230500582073
0.86,2.6,0.9041323622545915,0.5273573923166472
0.86,2.65,0.9043698543381887,0.5272409778812572
0.86,2.7,0.904607346421786,0.5266589057043074
0.86,2.75,0.9049240025332489,0.5264260768335274
0.86,2.8,0.9055573147561748,0.5259604190919673
0.86,2.85,0.9060322989233692,0.5256111757857974
0.86,2.9,0.9065072830905636,0.5250291036088475
0.86,2.95,0.9066656111462951,0.5247962747380674
0.86,3.0,0.9067447751741609,0.5246798603026775
0.86,3.05,0.9069031032298923,0.5244470314318976
0.86,3.1,0.9069822672577581,0.5238649592549476
0.86,3.15,0.9069822672577581,0.5236321303841676
0.86,3.2,0.9070614312856238,0.5236321303841676
0.86,3.25,0.9071405953134896,0.5235157159487777
0.86,3.3,0.9071405953134896,0.5235157159487777
0.86,3.35,0.907298923369221,0.5231664726426077
0.86,3.4,0.907298923369221,0.5231664726426077
0.86,3.45,0.907298923369221,0.5231664726426077
0.86,3.5,0.9074572514249525,0.5231664726426077
0.86,3.55,0.9075364154528183,0.5231664726426077
