rung,axis,direction,class,k,n,p,lo,hi
-,on_hull,marginal,full set,9281,26600,0.3489097744360902,0.3432042081456881,0.3546589740401709
-,hull_50meV,marginal,full set,17168,26600,0.6454135338345864,0.639643978774193,0.6511410949518824
-,dyn_stable,marginal,full set,12963,26600,0.48733082706766917,0.4813263639078342,0.4933389489552249
-,made,marginal,full set,10190,26600,0.3830827067669173,0.37725791290323407,0.38894126515051597
L1,-,marginal,rung accepts | determinate,16406,16525,0.9927987897125568,0.9913901587485152,0.9939783584931071
L1,-,marginal,determinate | all,16525,26600,0.6212406015037594,0.6153941561325874,0.6270520338277522
L1,on_hull,marginal,class true | determinate,5675,16525,0.3434190620272315,0.33621628408500726,0.3506946217463064
L1,on_hull,forward,class true,5653,5675,0.9961233480176211,0.9941370391436415,0.9974384504755688
L1,on_hull,forward,class false,10753,10850,0.9910599078341014,0.989106768751151,0.9926654489865685
L1,on_hull,reverse,rung accepts,5653,16406,0.3445690600999634,0.3373342983477511,0.351876593006801
L1,on_hull,reverse,rung rejects,22,119,0.18487394957983194,0.12537708035320613,0.26407986097574737
L1,hull_50meV,marginal,class true | determinate,10747,16525,0.6503479576399395,0.6430432092852398,0.657582821424751
L1,hull_50meV,forward,class true,10705,10747,0.9960919326323625,0.9947220332842108,0.9971073077811229
L1,hull_50meV,forward,class false,5701,5778,0.9866735894773278,0.9833769227910223,0.9893235637330602
L1,hull_50meV,reverse,rung accepts,10705,16406,0.65250518103133,0.6451838478470219,0.6597551128709823
L1,hull_50meV,reverse,rung rejects,42,119,0.35294117647058826,0.272906755334419,0.44217315061909274
L1,dyn_stable,marginal,class true | determinate,8117,16525,0.4911951588502269,0.4835758964261549,0.49881851393073634
L1,dyn_stable,forward,class true,8076,8117,0.9949488727362326,0.9931552187399223,0.9962742684313295
L1,dyn_stable,forward,class false,8330,8408,0.9907231208372979,0.9884380946488043,0.9925599472658965
L1,dyn_stable,reverse,rung accepts,8076,16406,0.49225892965988055,0.4846115797976529,0.49990990381098566
L1,dyn_stable,reverse,rung rejects,41,119,0.3445378151260504,0.2652223894740537,0.4335763682482301
L1,made,marginal,class true | determinate,7283,16525,0.4407261724659607,0.43317119631507706,0.44830870021121155
L1,made,forward,class true,7213,7283,0.9903885761362076,0.987875046665166,0.9923850619657725
L1,made,forward,class false,9193,9242,0.9946981172906297,0.992998127012103,0.995987033584228
L1,made,reverse,rung accepts,7213,16406,0.439656223332927,0.4320761755838553,0.44726452341261785
L1,made,reverse,rung rejects,70,119,0.5882352941176471,0.4984009515831999,0.6725511048446932
L1',-,marginal,rung accepts | determinate,15791,15975,0.9884820031298904,0.9867059752535534,0.9900231599732418
L1',-,marginal,determinate | all,15975,26600,0.6005639097744361,0.5946639276252329,0.6064348500938085
L1',on_hull,marginal,class true | determinate,5443,15975,0.3407198748043819,0.3334093901979715,0.34810694419242
L1',on_hull,forward,class true,5409,5443,0.9937534447914753,0.9912840842621178,0.9955263526922472
L1',on_hull,forward,class false,10382,10532,0.9857576908469426,0.9833111567856461,0.9878500020066291
L1',on_hull,reverse,rung accepts,5409,15791,0.3425368881008169,0.3351742658572424,0.3499761034601521
L1',on_hull,reverse,rung rejects,34,184,0.18478260869565216,0.1353524704146905,0.24710547721694
L1',hull_50meV,marginal,class true | determinate,10391,15975,0.6504538341158059,0.6430243155383111,0.6578110117529816
L1',hull_50meV,forward,class true,10327,10391,0.9938408237898181,0.9921432525588056,0.9951733929770608
L1',hull_50meV,forward,class false,5464,5584,0.9785100286532952,0.9743647373934752,0.9819973998257586
L1',hull_50meV,reverse,rung accepts,10327,15791,0.6539801152555254,0.6465239490564836,0.6613613825360181
L1',hull_50meV,reverse,rung rejects,64,184,0.34782608695652173,0.2827563965250454,0.41911985405574176
L1',dyn_stable,marginal,class true | determinate,7805,15975,0.48857589984350547,0.4808281040241185,0.49632918857806124
L1',dyn_stable,forward,class true,7750,7805,0.9929532351057014,0.9908396520886177,0.9945818141530741
L1',dyn_stable,forward,class false,8041,8170,0.9842105263157894,0.9812709157638629,0.9866950081973692
L1',dyn_stable,reverse,rung accepts,7750,15791,0.4907858906972326,0.4829918643318704,0.4985843989843093
L1',dyn_stable,reverse,rung rejects,55,184,0.29891304347826086,0.23743110790849697,0.36861965178754325
L1',made,marginal,class true | determinate,7003,15975,0.4383724569640063,0.43069380603420715,0.44608073953755173
L1',made,forward,class true,6913,7003,0.9871483649864344,0.9842305132565562,0.9895320643754435
L1',made,forward,class false,8878,8972,0.9895229603209986,0.9871966531984644,0.9914302577490135
L1',made,reverse,rung accepts,6913,15791,0.43778101450193146,0.4300591484638346,0.44553314506294606
L1',made,reverse,rung rejects,90,184,0.4891304347826087,0.4178665872436903,0.5608388592263659
L2,-,marginal,rung accepts | determinate,15418,16527,0.9328976825800206,0.928981708865619,0.9366124616213806
L2,-,marginal,determinate | all,16527,26600,0.6213157894736843,0.6154695591056459,0.6271269850810257
L2,on_hull,marginal,class true | determinate,5675,16527,0.3433775034791553,0.3361753776168381,0.3506524216276097
L2,on_hull,forward,class true,5315,5675,0.9365638766519824,0.9299221845290242,0.9426149405043956
L2,on_hull,forward,class false,10103,10852,0.9309804644305197,0.9260571194443248,0.9355987950679121
L2,on_hull,reverse,rung accepts,5315,15418,0.3447269425346997,0.3372643546819517,0.35226688497027214
L2,on_hull,reverse,rung rejects,360,1109,0.3246167718665464,0.2977054301249544,0.3527389373842926
L2,hull_50meV,marginal,class true | determinate,10747,16527,0.650269256368367,0.6429645922679948,0.6575040809313152
L2,hull_50meV,forward,class true,10144,10747,0.9438913185074904,0.9393796814541027,0.9480857356990763
L2,hull_50meV,forward,class false,5274,5780,0.9124567474048443,0.9048938665798081,0.9194717447438777
L2,hull_50meV,reverse,rung accepts,10144,15418,0.657932286937346,0.6504055200980288,0.6653803744077502
L2,hull_50meV,reverse,rung rejects,603,1109,0.5437330928764653,0.5143177313279768,0.5728465266452959
L2,dyn_stable,marginal,class true | determinate,8118,16527,0.49119622436013793,0.48357742220461547,0.4988191181817345
L2,dyn_stable,forward,class true,7685,8118,0.9466617393446661,0.9415589660416411,0.9513419895814207
L2,dyn_stable,forward,class false,7733,8409,0.9196099417290998,0.9136051333989095,0.9252315467575766
L2,dyn_stable,reverse,rung accepts,7685,15418,0.4984433778700221,0.49055247796677265,0.5063350532578109
L2,dyn_stable,reverse,rung rejects,433,1109,0.3904418394950406,0.36215482627387735,0.41948522849410985
L2,made,marginal,class true | determinate,7284,16527,0.44073334543474313,0.43317881077129433,0.44831542502547467
L2,made,forward,class true,6753,7284,0.9271004942339374,0.9209024976444077,0.9328482370768212
L2,made,forward,class false,8665,9243,0.9374661906307475,0.932346112660069,0.9422227913288379
L2,made,reverse,rung accepts,6753,15418,0.4379945518225451,0.43017957005797475,0.4458404237212758
L2,made,reverse,rung rejects,531,1109,0.478809738503156,0.4495325940490241,0.5082331778608334
L3,-,marginal,rung accepts | determinate,14611,16068,0.9093228777694797,0.9047845754006537,0.9136655090967082
L3,-,marginal,determinate | all,16068,26600,0.6040601503759399,0.5981684447263886,0.6099218045170904
L3,on_hull,marginal,class true | determinate,5490,16068,0.34167289021657954,0.33437831573041976,0.34904315074954245
L3,on_hull,forward,class true,5009,5490,0.9123861566484517,0.9046159620780969,0.9195796456655562
L3,on_hull,forward,class false,9602,10578,0.9077330308186803,0.9020689909539495,0.9131010372087418
L3,on_hull,reverse,rung accepts,5009,14611,0.3428238998015194,0.3351697682860328,0.35056065766888417
L3,on_hull,reverse,rung rejects,481,1457,0.33013040494166096,0.306458117461386,0.35469607760123023
L3,hull_50meV,marginal,class true | determinate,10468,16068,0.6514812048792631,0.6440781017254646,0.6588118945747601
L3,hull_50meV,forward,class true,9659,10468,0.922716851356515,0.9174448151217289,0.9276787512349239
L3,hull_50meV,forward,class false,4952,5600,0.8842857142857142,0.8756429470838908,0.892401622275814
L3,hull_50meV,reverse,rung accepts,9659,14611,0.661077270549586,0.6533607144147603,0.668709149515178
L3,hull_50meV,reverse,rung rejects,809,1457,0.5552505147563487,0.5296219179659715,0.5805885357611371
L3,dyn_stable,marginal,class true | determinate,7863,16068,0.48935772964899177,0.4816319212057402,0.49708862547982324
L3,dyn_stable,forward,class true,7243,7863,0.9211496884140913,0.9149850353824218,0.9269030380798904
L3,dyn_stable,forward,class false,7368,8205,0.8979890310786106,0.8912527790002895,0.9043527924755984
L3,dyn_stable,reverse,rung accepts,7243,14611,0.49572240093080555,0.4876175523093694,0.5038294982554824
L3,dyn_stable,reverse,rung rejects,620,1457,0.425531914893617,0.40037303495833343,0.4510824404529548
L3,made,marginal,class true | determinate,7052,16068,0.43888473985561366,0.43122719302375745,0.44657150197754875
L3,made,forward,class true,6372,7052,0.9035734543391946,0.8964628554503092,0.9102446128537411
L3,made,forward,class false,8239,9016,0.9138198757763976,0.9078495672525025,0.9194377009403051
L3,made,reverse,rung accepts,6372,14611,0.4361097803025118,0.4280867378313948,0.44416640940523267
L3,made,reverse,rung rejects,680,1457,0.4667124227865477,0.44121677779300983,0.49238313517885623
L4,-,marginal,rung accepts | determinate,11381,15310,0.743370346178968,0.736391322401156,0.75022727163605
L4,-,marginal,determinate | all,15310,26600,0.575563909774436,0.5696137764702588,0.5814922209933946
L4,on_hull,marginal,class true | determinate,5133,15310,0.33527106466361856,0.32783529034233855,0.3427894830978566
L4,on_hull,forward,class true,4041,5133,0.7872589129164231,0.7758506301088849,0.7982375568909579
L4,on_hull,forward,class false,7340,10177,0.7212341554485605,0.7124403586254371,0.7298609990976611
L4,on_hull,reverse,rung accepts,4041,11381,0.3550654599771549,0.3463240706267717,0.36390465658628796
L4,on_hull,reverse,rung rejects,1092,3929,0.2779333163654874,0.2641477115299037,0.2921527347832164
L4,hull_50meV,marginal,class true | determinate,9938,15310,0.6491182233834095,0.6415220035283508,0.6566396309823689
L4,hull_50meV,forward,class true,7930,9938,0.7979472730931777,0.7899384536698534,0.8057258429827379
L4,hull_50meV,forward,class false,3451,5372,0.6424050632911392,0.6294906608947689,0.6551159465954076
L4,hull_50meV,reverse,rung accepts,7930,11381,0.6967753272998858,0.688265350599957,0.7051525126351768
L4,hull_50meV,reverse,rung rejects,2008,3929,0.5110715194706033,0.49543791923016944,0.5266834911828728
L4,dyn_stable,marginal,class true | determinate,7314,15310,0.477726975832789,0.46982131850725956,0.48564380748128394
L4,dyn_stable,forward,class true,5347,7314,0.7310637134263057,0.7207825078450557,0.7411023278705166
L4,dyn_stable,forward,class false,6034,7996,0.7546273136568284,0.7450747921423023,0.7639352952401393
L4,dyn_stable,reverse,rung accepts,5347,11381,0.4698181179158246,0.4606605639814568,0.47899603971523075
L4,dyn_stable,reverse,rung rejects,1967,3929,0.5006362942224485,0.4850090716758977,0.5162622737501392
L4,made,marginal,class true | determinate,6552,15310,0.4279555845852384,0.4201371702156029,0.43581014346581487
L4,made,forward,class true,5071,6552,0.773962148962149,0.7636755954690347,0.7839276409041939
L4,made,forward,class false,6310,8758,0.7204841287965289,0.7109904705921964,0.7297844530526567
L4,made,reverse,rung accepts,5071,11381,0.4455671733591073,0.436455629145025,0.45471545088437215
L4,made,reverse,rung rejects,1481,3929,0.3769406973784678,0.36191448570482276,0.39220730889963984
