material_id,e_released_per_atom,L1,L2,L3,L4
gen_9239.cif,0,,,,
gen_3409.cif,0,,,,
gen_7025.cif,0.0133317311605,,,,
gen_7325.cif,0.000921630859375,,,,
gen_6443.cif,0.01301612854,True,True,True,False
gen_2359.cif,0,,,,
gen_6580.cif,0.020031399197,,,,
gen_7881.cif,0.00690460205078,,,,
gen_4440.cif,0.00357360839844,,,,
gen_1328.cif,0,,,,
gen_2839.cif,0.0169496536255,,,,
gen_4767.cif,0,,,,
gen_7924.cif,0,,,,
gen_4919.cif,0,True,True,,False
gen_2466.cif,0.0512154897054,,,,
gen_3241.cif,0.0464153289795,,,,
gen_9385.cif,0.105699539185,True,True,True,False
gen_7150.cif,0.146992492676,True,True,,False
gen_169.cif,0.00320974985758,True,True,True,False
gen_7593.cif,0.00988974938026,,,,
gen_6806.cif,0.00981369018555,,,,
gen_4087.cif,0.000115966796875,True,True,,
gen_5612.cif,0.00035015741984,,,,
gen_9613.cif,0,,,,
gen_4905.cif,0.0279312133789,True,False,False,False
gen_2748.cif,0.103938102722,,,,
gen_6888.cif,0.00217437744141,,,,
gen_4477.cif,0.013454691569,,,,
gen_5696.cif,0,,,,
gen_8723.cif,0.110644022624,True,True,True,False
gen_4713.cif,0.00445175170898,,,,
gen_971.cif,0.0011727809906,True,True,True,False
gen_3361.cif,0.031219883969,,,,
gen_5870.cif,0.000448989868164,True,True,True,False
gen_7418.cif,0.0079273223877,,,,
gen_2974.cif,0.00054677327474,,,,
gen_7946.cif,0.00197474161784,,,,
gen_8435.cif,0,,,,
gen_8037.cif,0,,,,
gen_4409.cif,0.0114565762607,,,,
gen_8750.cif,0.0087230682373,,,,
gen_7626.cif,0,,,,
gen_6187.cif,0.000532150268555,True,True,True,False
gen_1319.cif,0.00173034667969,,,,
gen_6185.cif,0.00372641427176,,,,
gen_5975.cif,0.00253496170044,,,,
gen_3060.cif,0.0139215642756,,,,
gen_4837.cif,0.0529537200928,True,True,True,False
gen_2134.cif,0.0044506297392,,,,
gen_576.cif,0.00300369262695,True,True,True,False
gen_1648.cif,0.0420655470628,,,,
gen_2213.cif,0.00689544677734,True,True,,False
gen_7328.cif,0.0274709065755,True,True,True,False
gen_1178.cif,6.86645507813e-06,,,,
gen_750.cif,0.00470161437988,True,True,False,False
gen_2884.cif,0.00169045584542,True,True,True,False
gen_980.cif,0.158848285675,,,,
gen_7833.cif,0.000566270616319,,,,
gen_5281.cif,0.000954627990723,True,True,True,False
gen_9288.cif,0.0132548014323,,,,
gen_6497.cif,0.00362396240234,,,,
gen_8514.cif,0,,,,
gen_8242.cif,0.235387420654,True,True,True,False
gen_3572.cif,0.0625044504801,,,,
gen_7001.cif,0.0314515431722,True,True,True,False
gen_9512.cif,0.00941340128581,True,True,True,False
gen_1549.cif,0.0276756286621,,,,
gen_5734.cif,0.0337807337443,,,,
gen_8757.cif,0,,,,
gen_6057.cif,0,,,,
gen_9459.cif,0.0037712097168,,,,
gen_3142.cif,0.00314426422119,True,False,False,False
gen_2381.cif,0.0517049153646,,,,
gen_1564.cif,0.147411770291,,,,
gen_9813.cif,0.000211238861084,,,,
gen_1744.cif,0.0571198896928,,,,
gen_3591.cif,0.00130043029785,,,,
gen_813.cif,0.00319976806641,True,True,True,False
gen_784.cif,0.0373085021973,True,True,True,False
gen_8520.cif,0.000851313273112,True,True,True,False
gen_3213.cif,0.00680669148763,,,,
gen_7266.cif,0,,,,
gen_9649.cif,0.00198364257812,True,True,True,False
gen_5906.cif,0,,,,
gen_7035.cif,0.00115966796875,,,,
gen_8600.cif,0.0108731587728,,,,
gen_8519.cif,0.0359764099121,,,,
gen_7139.cif,0.00655937194824,True,True,,False
gen_3431.cif,0.000204563140869,,,,
gen_9050.cif,0.0145592689514,True,True,True,False
gen_2672.cif,0.000425815582275,,,,
gen_2258.cif,0,,,,
gen_9245.cif,0.0731000900269,True,True,True,False
gen_5616.cif,0.0341432744806,,,,
gen_2926.cif,0.00219027201335,True,True,True,False
gen_5515.cif,0.0131370544434,True,True,True,False
gen_3857.cif,0.0418775081635,,,,
gen_9455.cif,0.000498453776042,,,,
gen_534.cif,0.0557255215115,True,True,True,False
gen_4005.cif,0.00751495361328,,,,
gen_6982.cif,0.014166937934,,,,
gen_5408.cif,0.0168685913086,True,True,True,False
gen_2879.cif,0.00765156745911,,,,
gen_5754.cif,0.000596046447754,True,True,True,False
gen_8083.cif,0,,,,
gen_1703.cif,0,,,,
gen_826.cif,0.0219226413303,True,True,True,False
gen_2032.cif,0.00224838256836,,,,
gen_5935.cif,0.0617651939392,True,True,True,False
gen_1894.cif,0.00317637125651,,,,
gen_4913.cif,0.000400543212891,,,,
gen_5767.cif,0.00021505355835,,,,
gen_975.cif,0.0391746520996,,,,
gen_9763.cif,0.00784301757812,True,True,True,False
gen_7388.cif,0.0173335075378,True,True,True,False
gen_4131.cif,0.00881237453885,,,,
gen_7475.cif,0.00224828720093,,,,
gen_3993.cif,0,,,,
gen_5277.cif,0.0646476745605,True,True,False,False
gen_6325.cif,0.00193691253662,True,True,True,False
gen_6006.cif,0.000787908380682,,,,
gen_7817.cif,0.0146255493164,,,,
gen_2789.cif,0.0560297966003,,,,
gen_3914.cif,0.038836479187,,,,
gen_6777.cif,0.0202527046204,,,,
gen_7003.cif,0.00964082990374,True,True,True,False
gen_6850.cif,0.050412495931,True,False,False,False
gen_2529.cif,0.00205001831055,True,True,True,False
gen_6774.cif,0.0320087009006,,,,
gen_2305.cif,0.0848965115017,,,,
gen_2587.cif,0.00628217061361,,,,
gen_5912.cif,0.0149629380968,,,,
gen_7364.cif,0.0352578163147,,,,
gen_3731.cif,0.144225565592,,,,
gen_9839.cif,0.0162232716878,,,,
gen_5821.cif,0,,,,
gen_2959.cif,0,,,,
gen_6126.cif,0.0115539550781,,,,
gen_2091.cif,0.0441489219666,,,,
gen_7283.cif,0.00038480758667,,,,
gen_6009.cif,0.00455093383789,,,,
gen_741.cif,0.0235824584961,True,True,True,False
gen_1443.cif,0.0332527160645,True,True,True,False
gen_3574.cif,0.0112308926053,,,,
gen_3146.cif,0.00478744506836,,,,
gen_7262.cif,0.000547620985243,,,,
gen_9469.cif,0,,,,
gen_2046.cif,0,,,,
gen_6226.cif,0,,,,
gen_174.cif,0.0183876885308,,,,
gen_3024.cif,0,,,,
gen_8857.cif,0.0304527282715,True,True,True,False
gen_2055.cif,0.00332090589735,,,,
gen_9864.cif,0.115496953328,,,,
gen_1618.cif,0,True,True,True,False
gen_5034.cif,0.000152111053467,,,,
gen_5163.cif,0.144402821859,,,,
gen_7685.cif,0,,,,
gen_9693.cif,0,,,,
gen_5190.cif,0.00528081258138,,,,
gen_7873.cif,0.00938288370768,,,,
gen_4849.cif,0.000271479288737,,,,
gen_7799.cif,0.00552787780762,,,,
gen_667.cif,0.0075937906901,,,,
gen_4848.cif,0,,,,
gen_6376.cif,0.702718734741,,,,
gen_2191.cif,0.00726890563965,,,,
gen_2461.cif,0.00185818142361,,,,
gen_9808.cif,0.00633335113525,,,,
gen_4839.cif,0,,,,
gen_2539.cif,0.00893947056362,,,,
gen_1617.cif,0.000311374664307,,,,
gen_8565.cif,0.0571640014648,True,False,False,False
gen_806.cif,0.014578138079,,,,
gen_4423.cif,0.00569000244141,,,,
gen_1322.cif,0.0219674110413,,,,
gen_1213.cif,0.00712312970843,,,,
gen_8736.cif,0.145919036865,,,,
gen_9917.cif,0,,,,
gen_3995.cif,0,True,True,,False
gen_8529.cif,0.0322089195251,True,True,True,False
gen_3067.cif,0,,,,
gen_263.cif,0.00196990966797,True,True,,False
gen_7015.cif,0,,,,
gen_8969.cif,0.033283551534,,,,
gen_5488.cif,0.00985760158963,,,,
gen_4731.cif,0.00538889567057,True,True,True,False
gen_4396.cif,0.287920379639,True,True,True,False
gen_4054.cif,0.00774553087023,True,True,True,False
gen_792.cif,0,,,,
gen_4511.cif,0,,,,
gen_1240.cif,0.00178146362305,True,True,True,False
gen_379.cif,0.0018253326416,,,,
gen_7479.cif,0.0131676991781,,,,
gen_1937.cif,0,,,,
gen_8660.cif,0.012610912323,,,,
gen_4130.cif,0,,,,
gen_4176.cif,0.0020393371582,True,True,True,False
gen_2168.cif,0.00587701797485,True,True,True,False
gen_3896.cif,0.193639945984,True,True,True,False
gen_2962.cif,0,,,,
gen_4008.cif,0.0303649902344,,,,
gen_4058.cif,0.01300573349,,,,
gen_163.cif,5.53131103516e-05,,,,
gen_7136.cif,0.0365837097168,,,,
gen_38.cif,0.000657558441162,True,True,,
gen_5020.cif,0.0102511814662,,,,
gen_5762.cif,0.0117581685384,,,,
gen_8948.cif,0.00587272644043,,,,
gen_25.cif,0.0131958007812,True,True,,False
gen_6713.cif,0,,,,
gen_4700.cif,0.292975107829,,,,
gen_7465.cif,0.0316036224365,,,,
gen_9295.cif,0,True,True,True,False
gen_858.cif,0.00489044189453,True,True,True,False
gen_2771.cif,0.0103622436523,True,True,True,False
gen_5071.cif,0,,,,
gen_9670.cif,0.0728690407493,,,,
gen_4799.cif,0,,,,
gen_5362.cif,0.0745639801025,True,True,,False
gen_4884.cif,0.00124835968018,,,,
gen_2690.cif,0.00967359542847,,,,
gen_6943.cif,0.00612754821777,,,,
gen_3283.cif,0.00190099080404,,,,
gen_9362.cif,0.000108083089193,,,,
gen_8439.cif,0.00977063179016,,,,
gen_7190.cif,2.13623046875e-05,True,True,True,False
gen_8444.cif,0.213301225142,,,,
gen_4105.cif,0.0302920341492,,,,
gen_6510.cif,0.0524787902832,,,,
gen_507.cif,0.011483669281,True,True,True,False
gen_7399.cif,0.0820838080512,True,True,True,False
gen_8012.cif,0.00543308258057,,,,
gen_1476.cif,8.53538513184e-05,,,,
gen_6547.cif,0.0176912943522,,,,
gen_6223.cif,0.00114297866821,True,True,True,False
gen_5817.cif,0.040049235026,,,,
gen_1365.cif,0.000513349260603,True,True,,False
gen_1561.cif,0.00623003641764,,,,
gen_7012.cif,0.0398536682129,,,,
gen_772.cif,0.000260353088379,,,,
gen_6300.cif,0.000870295933315,True,True,True,False
gen_8151.cif,0,,,,
gen_81.cif,0.0347811381022,,,,
gen_7974.cif,0.00953245162964,,,,
gen_2736.cif,0.0131673812866,True,True,True,False
gen_1000.cif,0.00276794433594,True,True,True,False
gen_6524.cif,0,,,,
gen_4545.cif,0,,,,
gen_9767.cif,0.0325895610609,,,,
gen_9035.cif,0.0532894134521,,,,
gen_500.cif,0.00221557617187,,,,
gen_3512.cif,0.00367800394694,,,,
gen_1898.cif,0.0449493408203,,,,
gen_6191.cif,0.0125551223755,True,True,True,False
gen_1018.cif,0.00113391876221,,,,
gen_4498.cif,0.0955933464898,,,,
gen_9244.cif,0.0345920562744,,,,
gen_6123.cif,0.055200958252,True,True,True,False
gen_6354.cif,0.0100092206682,,,,
gen_2710.cif,0,,,,
gen_8770.cif,0.00494984218052,True,True,True,False
gen_7524.cif,0.00381469726562,,,,
gen_7820.cif,0.0299852159288,,,,
gen_4753.cif,0.00252750941685,True,True,True,False
gen_4529.cif,0.0905624389648,,,,
gen_4309.cif,0,,,,
gen_7481.cif,0.00703582763672,True,True,True,False
gen_5395.cif,0.00203094482422,True,True,True,False
gen_8892.cif,0.0376378839666,,,,
gen_8794.cif,0.00134340922038,,,,
gen_9899.cif,0.0044559902615,True,True,False,False
gen_4618.cif,0.00972408718533,,,,
gen_6083.cif,0.0886068344116,True,True,True,False
gen_4382.cif,0.0655894809299,True,True,True,False
gen_9108.cif,7.12076822917e-05,,,,
gen_9676.cif,0.0100914001465,,,,
gen_7731.cif,0.00528049468994,,,,
gen_1650.cif,0.0239725112915,True,True,True,False
gen_5687.cif,0.0263857841492,True,True,True,False
gen_1921.cif,0,True,True,True,False
gen_513.cif,0.00643539428711,,,,
gen_3740.cif,0.0282855987549,,,,
gen_5217.cif,0,,,,
gen_5033.cif,0,,,,
gen_9216.cif,0.00101203918457,,,,
gen_3935.cif,0,,,,
gen_5090.cif,0.00634418834339,,,,
gen_6989.cif,0,,,,
gen_6284.cif,0.0241858164469,,,,
gen_7544.cif,0.0327525138855,,,,
gen_1454.cif,0.00698566436768,True,True,True,False
gen_6276.cif,0,,,,
gen_823.cif,0.0184282575335,True,True,True,False
gen_8826.cif,0.0001540184021,,,,
gen_8282.cif,0.0052604675293,True,True,True,False
gen_1540.cif,0,,,,
gen_8301.cif,0,,,,
gen_6031.cif,0.000140508015951,,,,
gen_1374.cif,0.00206813812256,True,True,True,False
gen_7409.cif,0,,,,
gen_381.cif,0.0246215820312,,,,
gen_632.cif,0.000192880630493,,,,
gen_276.cif,0.0177046457926,True,True,True,False
gen_680.cif,0.00470193227132,True,True,True,False
gen_3946.cif,0.0300776163737,,,,
gen_8423.cif,0.0407066345215,True,True,True,False
gen_7814.cif,0,True,True,True,False
gen_96.cif,0.0532638549805,,,,
gen_5184.cif,1.52587890625e-05,,,,
gen_7231.cif,0.0105520884196,,,,
gen_506.cif,0.00933837890625,True,True,True,False
gen_2546.cif,0.0312705039978,,,,
gen_3807.cif,0.00602188110352,True,True,True,False
gen_8992.cif,0.0243768692017,,,,
gen_875.cif,0.00535202026367,True,True,True,True
gen_3040.cif,0.0443816184998,,,,
gen_5701.cif,0,,,,
gen_1261.cif,0.00301284790039,True,True,True,False
gen_6170.cif,0.000411224365234,,,,
gen_5645.cif,0.000694274902344,,,,
gen_5842.cif,0,True,True,True,False
gen_3382.cif,0.0305306570871,True,True,True,False
gen_3076.cif,0.0364542643229,,,,
gen_8595.cif,0.0327775743273,True,True,True,False
gen_2870.cif,0.0204110145569,,,,
gen_9014.cif,0.00312232971191,,,,
gen_5282.cif,0.0187218983968,,,,
gen_6206.cif,0.00482273101807,True,True,True,False
gen_8598.cif,0.104279836019,,,,
gen_7368.cif,0,,,,
gen_8946.cif,0,,,,
gen_468.cif,0.00318241119385,True,True,True,False
gen_6316.cif,0.00294303894043,,,,
gen_5286.cif,0,,,,
gen_6505.cif,0.00464471181234,,,,
gen_9212.cif,0.00604756673177,,,,
gen_9029.cif,4.57763671875e-05,,,,
gen_5533.cif,0.000399708747864,,,,
gen_8538.cif,0,,,,
gen_318.cif,0.022669358687,,,,
gen_8447.cif,0.0338713328044,True,True,True,False
gen_3126.cif,0.000654602050781,True,True,True,False
gen_334.cif,0.000444412231445,,,,
gen_6071.cif,0.00568108809622,,,,
gen_2900.cif,0.00627072652181,,,,
gen_6895.cif,0.00988998413086,True,True,True,False
gen_1215.cif,0.0126397269113,True,True,True,False
gen_1615.cif,0.0339021682739,True,True,True,False
gen_3255.cif,0.0150779724121,True,True,True,False
gen_2767.cif,0.0370764732361,True,True,True,False
gen_1758.cif,0.00577278137207,True,False,False,False
gen_7575.cif,0,True,True,,False
gen_3298.cif,0.00683866228376,True,True,True,False
gen_2308.cif,0.0697288513184,,,,
gen_2664.cif,0.001145362854,True,True,,False
gen_6579.cif,0.00195922851563,True,True,,False
gen_3044.cif,0.00269622802734,True,True,True,False
gen_747.cif,0.00990840366908,,,,
gen_4357.cif,0.00624465942383,,,,
gen_135.cif,0.00988149642944,True,True,True,False
gen_4518.cif,0.0740198771159,,,,
gen_5787.cif,0.00143771701389,,,,
gen_7728.cif,0.0768333435059,,,,
gen_9615.cif,0.000544738769531,True,True,True,False
gen_253.cif,0.0115036964417,,,,
gen_9025.cif,0.0117212931315,,,,
gen_3206.cif,0.000147104263306,,,,
gen_7275.cif,0.0506477355957,True,True,True,False
gen_4702.cif,0.148214022319,,,,
gen_2649.cif,0.0292997360229,True,True,True,False
gen_1787.cif,0.00971094767253,,,,
gen_9248.cif,0.00158391680036,True,True,True,False
gen_9347.cif,0.000573476155599,,,,
gen_3021.cif,0.0536932945251,,,,
gen_7447.cif,0.0259714126587,,,,
gen_1270.cif,0.0232711791992,,,,
gen_9754.cif,0.00472831726074,True,True,True,False
gen_5800.cif,0.00122356414795,True,True,True,False
gen_2496.cif,0.00178298950195,True,True,True,False
gen_4814.cif,0.0817845662435,True,True,True,False
gen_6275.cif,0.00207042694092,True,True,True,False
gen_4295.cif,0.0431610107422,True,True,True,False
gen_7083.cif,0.00915813446045,,,,
gen_4961.cif,0.00370372425426,,,,
gen_7376.cif,0.0124099731445,,,,
gen_4279.cif,0.308530044556,,,,
gen_5398.cif,0.000131416320801,True,True,True,False
gen_172.cif,0.00193977355957,,,,
gen_162.cif,0.00639300876194,,,,
gen_9609.cif,0.170973968506,,,,
gen_2015.cif,0,,,,
gen_6702.cif,0.00393761528863,,,,
gen_7122.cif,0.0119445800781,,,,
gen_3695.cif,0.00167322158813,True,True,True,False
gen_1426.cif,0.0142135620117,,,,
gen_9136.cif,0.00163968404134,,,,
gen_9611.cif,0.00183132716588,,,,
gen_4571.cif,0.013037109375,True,True,True,False
gen_3917.cif,2.86102294922e-05,,,,
gen_7131.cif,0.00434603009905,True,True,True,False
gen_9810.cif,0.101020336151,,,,
gen_9397.cif,0.000283622741699,True,True,True,False
gen_9056.cif,0.000378799438477,,,,
gen_7352.cif,0.00162744522095,True,True,True,False
gen_9215.cif,0.00328903198242,True,True,True,False
gen_6883.cif,0.0189609527588,True,True,,False
gen_8726.cif,0.00616115993924,,,,
gen_4099.cif,0.035943031311,,,,
gen_3392.cif,0.0149388313293,,,,
gen_2703.cif,0.00535043080648,,,,
gen_4721.cif,0.00566520690918,,,,
gen_8033.cif,0.0258302688599,,,,
gen_6137.cif,0.00102310180664,,,,
gen_5011.cif,0.00202624003092,,,,
gen_1192.cif,0.00543975830078,,,,
gen_5283.cif,0.0407307942708,,,,
gen_6038.cif,0.000747680664062,True,True,True,True
gen_5579.cif,0,,,,
gen_1320.cif,0.133394241333,,,,
gen_9060.cif,0.00190811157227,True,True,True,False
gen_8218.cif,0.00931840784409,,,,
gen_4007.cif,0,,,,
gen_1370.cif,0.00234603881836,,,,
gen_6131.cif,0.0295177035862,True,True,True,False
gen_6672.cif,0.0297444661458,,,,
gen_8252.cif,0.00318060980903,True,True,True,False
gen_5102.cif,0.0368161201477,True,False,False,False
gen_6732.cif,0.00449981689453,,,,
gen_4682.cif,0.0106132507324,,,,
gen_3719.cif,0.00138282775879,True,True,True,False
gen_3763.cif,0.00698956576261,,,,
gen_2843.cif,0.0787531534831,,,,
gen_2273.cif,0.00454864501953,True,True,True,False
gen_9709.cif,0.0276424407959,True,False,False,False
gen_3585.cif,0.0233742209042,,,,
gen_8959.cif,0.00212751116071,,,,
gen_5660.cif,0.0889806111654,,,,
gen_1978.cif,0.0124049186707,True,True,True,False
gen_5926.cif,0.000112152099609,,,,
gen_1226.cif,0.0092273288303,,,,
gen_7515.cif,0.0145141601563,True,True,True,False
gen_4539.cif,0,,,,
gen_9541.cif,0.0199192592076,,,,
gen_8808.cif,0.000185966491699,,,,
gen_6860.cif,0,,,,
gen_1249.cif,0.0651416778564,True,False,False,False
gen_1022.cif,0.0291595458984,True,True,True,False
gen_9480.cif,0.000245666503906,,,,
gen_8795.cif,0.00385332107544,,,,
gen_5664.cif,0.000433349609375,True,True,True,True
gen_1983.cif,0.0227224826813,True,True,True,False
gen_8555.cif,0.0598430633545,,,,
gen_2872.cif,0,,,,
gen_5231.cif,0.000239372253418,,,,
gen_3797.cif,0.00269031524658,True,True,True,False
gen_3254.cif,0.0402348836263,True,True,True,False
gen_5750.cif,1.1682510376e-05,,,,
gen_2998.cif,0,True,True,,False
gen_2705.cif,2.28881835938e-05,True,True,True,True
gen_1511.cif,0,,,,
gen_7191.cif,0.0505938529968,True,True,True,False
gen_9746.cif,0.0659809112549,True,True,True,False
gen_214.cif,0.00968246459961,,,,
gen_2104.cif,0,,,,
gen_2819.cif,0.00033712387085,True,True,,False
gen_1773.cif,0.0238704681396,True,True,True,False
gen_1843.cif,0.0731699625651,True,True,True,False
gen_6456.cif,4.29153442383e-05,True,True,True,
gen_7354.cif,0.0217247009277,True,True,True,False
gen_7704.cif,0.0476535450328,,,,
gen_659.cif,0,,,,
gen_5202.cif,0.0218268500434,,,,
gen_978.cif,0.0037353515625,True,True,True,False
gen_5930.cif,6.48498535156e-05,,,,
gen_7336.cif,0.00654547555106,,,,
gen_9387.cif,0.0125231742859,,,,
gen_7455.cif,8.20159912109e-05,,,,
gen_4772.cif,0,,,,
gen_2526.cif,0.001296043396,True,True,True,False
gen_6282.cif,0.0119115193685,,,,
gen_547.cif,0.00966262817383,,,,
gen_6697.cif,0,,,,
gen_9253.cif,0.565917650859,,,,
gen_1580.cif,0.000356292724609,,,,
gen_6509.cif,0.00920677185059,,,,
gen_7943.cif,0,,,,
gen_39.cif,0.00614523887634,True,True,True,False
gen_4542.cif,0.0155817667643,,,,
gen_1845.cif,0,,,,
gen_2331.cif,0.00575256347656,,,,
gen_8097.cif,0.00171394348145,,,,
gen_8179.cif,0.000138282775879,,,,
gen_3547.cif,0.0606025695801,,,,
gen_8116.cif,0.239703496297,,,,
gen_55.cif,0.0304735357111,,,,
gen_6587.cif,0.0231943130493,,,,
gen_9751.cif,0.00943298339844,True,True,True,False
gen_9258.cif,0,,,,
gen_5267.cif,0,,,,
