experiment,kind,l1_group,e_released_per_atom,max_disp,natoms
exp1,parent,,0.0038397047254774,0.1180061646097234,36
exp1,S1,,0.3388710021972656,0.6447277782322287,36
exp1,S3,,1.7875734965006511,1.439839910516408,36
exp1,S4,,1.102704366048177,2.625836469050979,36
exp1,parent,,0.0012470592151988,0.0525122866287242,11
exp1,S1,,1.2206011685458096,1.9260259445194967,11
exp1,S3,,9.975332086736506,2.025441307522805,11
exp1,S4,,0.5488468516956676,2.092916715140725,11
exp1,parent,,0.0003204345703125,0.0134745155690482,32
exp1,S1,,0.2603058815002441,1.6688604605193762,32
exp1,S3,,10.553802490234377,2.3943102871720066,32
exp1,S4,,2.4007458686828613,4.948117986733124,32
exp1,parent,,0.001402113172743,0.0300016879556457,36
exp1,S1,,0.0981335110134548,0.1453331310072995,36
exp1,S3,,17.29787360297309,1.93769777519052,36
exp1,S4,,1.256659189860026,3.532279289839229,36
exp1,parent,,0.0014844621930803,0.029057742655048,28
exp1,S1,,0.0633860996791294,0.2718072606411382,28
exp1,S3,,5.452614375523159,2.109384066306796,28
exp1,S4,,3.042476109095982,4.130310788095064,28
exp1,parent,,0.0021294487847222,0.1218079732946818,18
exp1,S1,,0.0295507642957899,0.1873733303682979,18
exp1,S3,,10.314039018419054,1.510550413641588,18
exp1,S4,,0.2843271891276042,1.2320300907392612,18
exp1,parent,,0.0010690689086914,0.0226942870591435,16
exp1,S1,,0.5791621208190918,0.6627292322796289,16
exp1,S3,,5.349613159894943,1.5438481452571395,16
exp1,S4,,0.9397945404052734,3.732628320209115,16
exp1,parent,,0.000570085313585,0.0290774302533318,36
exp1,S1,,0.1006991068522135,0.3851434579647049,36
exp1,S3,,22.78454335530599,0.6042172329376353,36
exp1,S4,,1.63658693101671,4.102206582574139,36
exp1,parent,,2.9087066650390625e-05,0.0017729009344412,32
exp1,S1,,0.168375015258789,0.4081504950879756,32
exp1,S3,,2.349217653274536,1.2356215949401677,32
exp1,S4,,0.5007224082946777,2.4194199194251524,32
exp1,parent,,0.0003875732421875,0.0144829209982812,10
exp1,S1,,0.2715805053710937,0.4167050484570915,10
exp1,S3,,9.776276969909668,1.713870106545386,10
exp1,S4,,0.5651649475097656,0.8146134597358992,10
exp1,S5,,0.0624114990234375,0.2315397661684359,10
exp1,parent,,0.0004158020019531,0.0134805559634475,32
exp1,S1,,0.7216935157775879,0.8827313150116713,32
exp1,S3,,6.637759447097778,1.8301391368785425,32
exp1,S4,,2.205538749694824,1.6107971534760197,32
exp1,parent,,0.000608656141493,0.0188549619254453,9
exp1,S1,,0.0775909423828125,0.2305587203715695,9
exp1,S3,,24.03166325887044,2.2646561594967807,9
exp1,S4,,1.1369279225667317,2.750218621580257,9
exp1,parent,,0.0043971538543701,0.3569443352437977,32
exp1,S1,,0.918790340423584,1.9206567071957867,32
exp1,S3,,2.6762926876544952,2.300855619714448,32
exp1,S4,,1.082212209701538,2.69962954864265,32
exp1,parent,,0.0004226684570312,0.019871746866114,10
exp1,S1,,0.0107551574707031,0.0446942478692381,10
exp1,S3,,8.638027381896972,1.464479878991387,10
exp1,S4,,0.5206596374511718,1.840881673527251,10
exp1,parent,,0.0006256103515625,0.0299607762106743,13
exp1,S1,,0.3212911165677584,1.289816734293692,13
exp1,S3,,2.096134185791016,1.201515651605095,13
exp1,S4,,0.7100172776442307,1.6234524761098512,13
exp1,parent,,0.0022244453430175,0.1155991393744782,8
exp1,S1,,0.0711951255798339,0.2036442588837297,8
exp1,S3,,1.974185943603516,0.9076612619329976,8
exp1,S4,,2.300370216369629,3.7551222688089294,8
exp1,parent,,0.0018620491027832,0.1095488427022553,16
exp1,S1,,0.4578461647033691,0.5199024898895216,16
exp1,S3,,19.00626039505005,0.4960214136089519,16
exp1,S4,,2.299583673477173,4.929785540748168,16
exp1,parent,,0.0012149810791015,0.0587544400570855,24
exp1,S1,,0.2591753005981445,0.3684136316048856,24
exp1,S3,,3.4167197545369468,1.2888068804267718,24
exp1,S4,,0.6046784718831381,3.086575616084961,24
exp1,parent,,0.0013987223307291,0.0520927631681512,36
exp1,S1,,0.3873346116807725,0.952259237260858,36
exp1,S3,,2.781963348388672,1.3737445931462515,36
exp1,S4,,0.7999996609157987,1.7213572712000755,36
exp1,parent,,9.972708565848214e-05,0.0056631365931854,28
exp1,S1,,0.1477173396519252,0.2449268889065498,28
exp1,S3,,1.17715699332101,1.706397060419622,28
exp1,S4,,0.6408380780901227,3.9058208292323946,28
exp1,parent,,0.0001540184020996,0.0097292602991938,16
exp1,S1,,0.0277895927429199,0.1632804414611156,16
exp1,S3,,5.512046217918396,1.8675129555854648,16
exp1,S4,,0.5146973133087158,2.0594730270773542,16
exp1,parent,,0.0004716352982954,0.0296456629085333,22
exp1,S1,,1.5987389304421165,2.4084120752756637,22
exp1,S3,,2.942753878506747,1.215413983829212,22
exp1,S4,,1.254521456631747,2.760229631619617,22
exp1,parent,,0.0010784694126674,0.0301952513451509,28
exp1,S1,,0.2566525595528738,1.0477790970852694,28
exp1,S3,,7.236384528023856,2.228613627377475,28
exp1,S4,,1.1535555975777765,3.5459661381794967,28
exp1,parent,,0.000547308670847,0.0318226285513508,38
exp1,S1,,0.4232490941097862,0.7748102427952168,38
exp1,S3,,1.8562963385331004,1.054602766227417,38
exp1,S4,,1.319278917814556,5.906385541317077,38
exp1,parent,,0.0002619425455729,0.0114043713095013,18
exp1,S1,,0.0837296379937066,0.2595049919130627,18
exp1,S3,,13.686720106336804,2.3897985676492906,18
exp1,S4,,1.1811489529079862,2.413525419362382,18
exp1,parent,,0.0119400024414062,0.1130528669773654,28
exp1,S1,,0.0933325631277901,0.2474483721894532,28
exp1,S3,,5.86705562046596,1.386928209149805,28
exp1,S4,,1.3409053257533483,2.7857884978196923,28
exp1,parent,,0.0006332397460937,0.0249283725743071,24
exp1,S1,,0.5963735580444336,1.3643393843435163,24
exp1,S3,,12.445371945699057,1.9041817148944409,24
exp1,S4,,1.709537665049235,3.896009687943922,24
exp1,parent,,0.0015752883184523,0.0325375455488702,21
exp1,S1,,0.054840087890625,0.1148572397316431,21
exp1,S3,,10.29515584309896,1.7303582604032726,21
exp1,S4,,1.6011247180757069,4.422647935548462,21
exp1,parent,,0.0014410018920898,0.0594181589260678,24
exp1,S1,,0.354098637898763,0.4020044841020698,24
exp1,S3,,3.765182018280029,1.9603249438803516,24
exp1,S4,,0.946505069732666,2.632984876887822,24
exp1,parent,,0.0012329949273003,0.0466921427661564,36
exp1,S1,,0.3388180202907986,1.1722827910382447,36
exp1,S3,,10.636266920301647,1.9279332139266507,36
exp1,S4,,1.326569239298503,2.6701205698526125,36
exp1,parent,,0.0014591217041015,0.0544437360451221,20
exp1,S1,,0.5156070709228515,1.7710764689262528,20
exp1,S3,,3.5987319946289062,1.8155828688970528,20
exp1,S4,,1.6166252136230468,1.9245813162808083,20
exp1,parent,,0.0001100812639508,0.0055804259879587,28
exp1,S1,,0.5983799525669643,1.987490446843559,28
exp1,S3,,24.06662423270089,2.2820329618063804,28
exp1,S4,,0.2010683332170759,1.360069468190866,28
exp1,parent,,0.0022201538085937,0.0851379935383499,20
exp1,S1,,0.8977607727050781,1.306862864879477,20
exp1,S3,,10.36016082763672,1.6964187637997084,20
exp1,S4,,1.91153564453125,4.224803558014169,20
exp1,parent,,0.0017554543235085,0.0452510015425466,22
exp1,S1,,0.7076957009055398,2.356690875299292,22
exp1,S3,,6.769142020832408,1.283214678953115,22
exp1,S4,,0.352691650390625,1.2491337413966304,22
exp1,parent,,0.0004677405724158,0.0276052796155762,26
exp1,S1,,0.1141028771033653,0.6233855276961727,26
exp1,S3,,8.024174030010517,3.062812854338796,26
exp1,S4,,0.8038855332594651,3.826775487531991,26
exp1,parent,,0.0010061264038085,0.0730610523116004,32
exp1,S1,,0.0804629325866699,0.2551247171564502,32
exp1,S3,,5.694664239883423,1.7157455130758197,32
exp1,S4,,1.0402822494506836,4.397473470174156,32
exp1,parent,,0.0014690823025173,0.0366477640642654,36
exp1,S1,,0.1396090189615885,0.2005989712979496,36
exp1,S3,,20.60777325100369,1.5216276746017017,36
exp1,S4,,1.5261883205837674,5.195967920979329,36
exp1,parent,,0.0002918243408203,0.0129443038343606,8
exp1,S1,,0.129922866821289,0.2220249987610211,8
exp1,S3,,2.4538064002990723,1.322648225866442,8
exp1,S4,,0.4579343795776367,1.4359165522279007,8
exp1,parent,,0.0009361267089843,0.0382256374946558,20
exp1,S1,,0.0033740997314453,0.0408826533006475,20
exp1,S3,,2.10655517578125,0.9974714204709232,20
exp1,S4,,1.3285579681396484,2.9483059273226804,20
exp1,parent,,0.0001824118874289,0.0072475484771325,22
exp1,S1,,0.521485068581321,0.4093858840700373,22
exp1,S3,,10.566416306929154,1.7579008437882269,22
exp1,S4,,1.2271662625399502,2.88348591335317,22
exp1,parent,,0.0109353065490722,0.1093564666072732,32
exp1,S1,,0.302037239074707,0.7113629283107236,32
exp1,S3,,1.1512246131896973,0.8822703062327609,32
exp1,S4,,0.3568770885467529,1.953475386890254,32
exp1,parent,,0.0014166831970214,0.0330930445027835,16
exp1,S1,,0.688662052154541,0.6075251787596412,16
exp1,S3,,13.147725105285645,1.819025657742652,16
exp1,S4,,0.7279553413391113,2.253115358115424,16
exp1,parent,,0.0024223327636718,0.073422183999501,16
exp1,S1,,0.0251030921936035,0.156517381176597,16
exp1,S3,,7.141877830028534,1.3948428583460422,16
exp1,S4,,1.1197223663330078,1.8479623391797777,16
exp1,parent,,0.000125503540039,0.0090019436606014,10
exp1,S1,,0.0176712036132812,0.1022562398780095,10
exp1,S3,,1.9356689453125,1.31831444805173,10
exp1,S4,,0.1388935089111328,0.5875306584715875,10
exp1,parent,,0.0007349650065104,0.0282617154175189,12
exp1,S1,,0.0732860565185546,0.2691417568279488,12
exp1,S3,,22.395322799682617,3.360296678003455,12
exp1,S4,,1.5364303588867188,2.281039627114793,12
exp1,parent,,0.0009403228759765,0.047938211383923,32
exp1,S1,,0.3160381317138672,0.720041535762645,32
exp1,S3,,14.105645179748535,1.555464314319819,32
exp1,S4,,1.9057979583740237,4.735812888576565,32
exp1,parent,,0.000340597970145,0.0162443654121792,28
exp1,S1,,0.0190113612583705,0.0966415250844157,28
exp1,S3,,9.370059422084264,2.5328753467193827,28
exp1,S4,,1.0894794464111328,2.2451724876907675,28
exp1,parent,,0.0028279622395833,0.0499969226800298,36
exp1,S1,,0.3219612969292534,0.7733090740156966,36
exp1,S3,,17.055314805772568,1.5853840945651794,36
exp1,S4,,2.197402106391059,4.6635074874748845,36
exp1,parent,,0.0007714165581597,0.0284160825551689,18
exp1,S1,,0.3824239306979709,1.120502401108303,18
exp1,S3,,1.408384535047743,1.0564594069655706,18
exp1,S4,,0.6378518210517036,1.3922043496743977,18
exp1,parent,,0.0039836338588169,0.083468120638944,28
exp1,S1,,0.2328537532261439,0.6719759122622856,28
exp1,S3,,0.6958408355712891,0.8211935567229582,28
exp1,S4,,0.681544440133231,2.1058297461049538,28
exp1,parent,,0.0021829605102539,0.0445501050275929,32
exp1,S1,,0.159489631652832,0.409339548217403,32
exp1,S3,,5.456803798675537,1.4940350353622367,32
exp1,S4,,2.184668064117432,3.108537996155172,32
exp1,parent,,0.0001168251037597,0.0056331790750336,8
exp1,S1,,0.4642033576965332,0.716483270532629,8
exp1,S3,,0.8078293800354004,1.0194360599630048,8
exp1,S4,,1.102405071258545,3.0734486379600416,8
exp1,parent,,6.357828776041667e-06,0.0005806507405055,24
exp1,S1,,0.5021114349365234,0.6054866309217459,24
exp1,S3,,7.505690733591716,1.121685085901454,24
exp1,S4,,1.9442380269368489,3.5388336732915,24
exp1,parent,,0.0011138916015625,0.0329149565194084,24
exp1,S1,,0.1160519917805989,0.1442166023104829,24
exp1,S3,,46.61168924967448,2.4447315398229392,24
exp1,S4,,1.5890146891276042,5.440480416299883,24
exp1,parent,,0.0002038955688476,0.0109576630998198,10
exp1,S1,,0.0128021240234375,0.1256757892741985,10
exp1,S3,,18.470653915405272,2.189367878486874,10
exp1,S4,,0.4904592514038086,4.0542003295827485,10
exp1,parent,,0.0008449554443359,0.0303498359999913,16
exp1,S1,,0.1596837043762207,0.1890553340378328,16
exp1,S3,,14.62656831741333,2.1232508448871594,16
exp1,S4,,0.5960040092468262,1.9153718243073756,16
exp1,parent,,0.0009837680392795,0.0289688421685282,36
exp1,S1,,0.5136905246310763,0.5004180537253279,36
exp1,S3,,34.00547409057617,2.443637211212064,36
exp1,S4,,0.6539683871799045,3.0229985799008885,36
exp1,parent,,0.0001411437988281,0.0071185021994702,24
exp1,S1,,0.178477923075358,1.113353472585891,24
exp1,S3,,1.8152558008829756,1.0610186490570512,24
exp1,S4,,0.0580952962239583,0.6073880832213452,24
exp1,parent,,3.147125244140625e-05,0.0017116822923372,8
exp1,S1,,0.0468072891235351,0.1219829955547249,8
exp1,S3,,18.875214099884037,1.364315877230401,8
exp1,S4,,0.4934606552124023,0.771939974050427,8
exp1,parent,,0.00022554397583,0.0083706456925284,16
exp1,S1,,0.2180187702178955,0.4230443087963703,16
exp1,S3,,5.719732403755188,1.6380716982640822,16
exp1,S4,,0.9933590888977052,3.3714482077115124,16
exp1,parent,,0.00130615234375,0.0400763679998087,20
exp1,S1,,0.3109329223632812,0.7575588715964198,20
exp1,S3,,4.976586723327637,2.150933633117603,20
exp1,S4,,2.63040771484375,6.247304897785679,20
exp1,parent,,0.0017734103732638,0.0481745889738522,18
exp1,S1,,0.5026563008626302,1.9515866271551296,18
exp1,S3,,3.0969177616967096,1.5251565181958122,18
exp1,S4,,0.5529280768500434,2.245892989155446,18
exp1,parent,,0.0007469540550595,0.0393340115439137,21
exp1,S1,,1.0742710658482142,0.9763749018609174,21
exp1,S3,,13.6127195812407,1.6133865252785853,21
exp1,S4,,1.025372823079427,2.243271211827126,21
exp1,parent,,0.0011639065212673,0.0330424767930017,36
exp1,S1,,0.2219420539008246,0.5478274717294531,36
exp1,S3,,8.218429353502062,2.8623297961273897,36
exp1,S4,,1.3845723470052085,4.007701812203803,36
exp1,parent,,0.0011587142944335,0.0257500701114933,16
exp1,S1,,0.0725793838500976,0.0972098076790814,16
exp1,S3,,7.593207478523254,1.172825188482485,16
exp1,S4,,1.9189448356628416,2.621941081590615,16
exp1,parent,,0.0025469462076822,0.0579754768921164,36
exp1,S1,,0.329809824625651,1.0641454170699052,36
exp1,S3,,7.8403669993082685,1.660700433859243,36
exp1,S4,,0.6952976650661893,5.287784454162136,36
exp1,parent,,0.0003531319754464,0.0146072697398823,14
exp1,S1,,0.2142442975725446,0.3166015841588767,14
exp1,S3,,2.555769784109933,1.4699757095675954,14
exp1,S4,,0.916360582624163,1.1708398043496104,14
exp1,parent,,0.0013208389282226,0.0406491606534062,24
exp1,S1,,0.5517005920410156,2.1785820471097765,24
exp1,S3,,40.67518297831217,2.529198495056475,24
exp1,S4,,0.5009431838989258,1.0221491015538051,24
exp1,parent,,8.377662071814903e-05,0.0040050192616704,13
exp1,S1,,0.3109584221473107,0.7767581946471561,13
exp1,S3,,5.875824561485877,1.9890250027703955,13
exp1,S4,,0.108655049250676,1.0203111995477732,13
exp1,parent,,0.0008807712131076,0.0294355935098119,36
exp1,S1,,0.2927207946777344,0.2782276321947966,36
exp1,S3,,5.834012561374241,1.23801235981394,36
exp1,S4,,2.215296851264106,5.084453975530085,36
exp1,parent,,0.00933837890625,0.1374099912517774,32
exp1,S1,,0.2152686119079589,0.6626257235609256,32
exp1,S3,,8.233244895935059,2.380544940814828,32
exp1,S4,,1.424410343170166,3.902190915490375,32
exp1,parent,,0.0002144707573784,0.00883592561484,36
exp1,S1,,0.0256979200575086,0.093518458040052,36
exp1,S3,,1.7602695888943145,1.0784197168741376,36
exp1,S4,,0.9697002834743924,5.466241581924309,36
exp1,parent,,0.0012486775716145,0.0406175939234067,36
exp1,S1,,0.0604663425021701,0.126203094357561,36
exp1,S3,,6.535275353325738,1.5909982261626765,36
exp1,S4,,0.7602670457628038,4.31302915882229,36
exp1,parent,,0.0001820155552455,0.0091583895545551,28
exp1,S1,,0.2863804953438895,2.72220027950405,28
exp1,S3,,3.913174492972238,1.4861369396354978,28
exp1,S4,,0.2252063751220703,1.367445062891966,28
exp1,parent,,4.9591064453125e-05,0.001554272857873,9
exp1,S1,,0.2433276706271701,0.4610946091777076,9
exp1,S3,,32.468268076578774,1.3372211523420852,9
exp1,S4,,0.8916536966959635,2.4316952857194543,9
exp1,parent,,0.0,0.0,17
exp1,S1,,0.1610614552217371,0.1828164168890835,17
exp1,S3,,5.978353163775275,1.065129232718668,17
exp1,S4,,0.9956108542049632,2.9182533958443835,17
exp1,parent,,0.000611045143821,0.0195900581996068,22
exp1,S1,,1.0013198852539062,0.4481397762067789,22
exp1,S3,,12.356722051447088,1.0900985614356369,22
exp1,S4,,1.7542707269841975,3.099262743826073,22
exp1,parent,,0.0016064114040798,0.0481438570785877,18
exp1,S1,,0.2965032789442274,0.3937491833322173,18
exp1,S3,,1.4638824462890625,0.872532953017777,18
exp1,S4,,0.9889293246799044,3.423722961626367,18
exp1,parent,,0.000225830078125,0.0099949013052644,10
exp1,S1,,0.1026901245117187,0.1623887000520993,10
exp1,S3,,1.2829498291015624,0.9099766739291127,10
exp1,S4,,0.7574337005615235,2.2715991850065658,10
exp1,parent,,0.0029019807514391,0.1104759883051685,38
exp1,S1,,1.2948957744397616,1.650144769751149,38
exp1,S3,,17.82604137219881,2.1741493922180326,38
exp1,S4,,1.8641610396535773,1.5772798801784391,38
exp1,parent,,0.0031260172526041,0.0575095290499935,30
exp1,S1,,1.241253407796224,1.8985536351074948,30
exp1,S3,,8.995990244547526,2.618513671015805,30
exp1,S4,,1.7810579935709636,4.614896976425648,30
exp1,parent,,0.0005303744612068,0.0138081639486881,29
exp1,S1,,0.25311279296875,1.7639252080729313,29
exp1,S3,,3.9771402293238154,0.9959309332915108,29
exp1,S4,,1.1691431505926724,3.253912463513068,29
exp1,parent,,0.0004000663757324,0.0158775119053712,8
exp1,S1,,0.0367546081542968,0.1214434245984189,8
exp1,S2,,0.2636065483093261,0.6960992848637435,8
exp1,S3,,0.890533447265625,0.8442967770474484,8
exp1,S4,,0.3418903350830078,1.3079186757949544,8
exp1,S5,,0.3025903701782226,0.7871272221720503,8
exp1,parent,,0.00749757554796,0.2274035848363038,36
exp1,S1,,1.468497806125217,1.6053748603557634,36
exp1,S3,,7.831234931945801,2.5743003518076244,36
exp1,S4,,2.271868811713325,4.408766030356083,36
exp1,parent,,0.0011046727498372,0.0874542823553608,24
exp1,S1,,0.2702067693074544,1.416324477900183,24
exp1,S3,,6.127782503763835,1.7206764133522998,24
exp1,S4,,0.4168831507364909,1.8810184551500968,24
exp1,parent,,0.002828386094835,0.077112669658689,9
exp1,S1,,0.2426942189534505,0.2996369573370568,9
exp1,S3,,2.331544558207194,1.910525722296749,9
exp1,S4,,0.2966666751437717,1.9452580584031,9
exp1,parent,,0.0020277235243055,0.0856676288666779,36
exp1,S1,,0.0868585374620225,0.2289649832125992,36
exp1,S3,,2.214026345147027,1.7148461863898643,36
exp1,S4,,1.0359043545193145,4.524519359563789,36
exp1,parent,,0.0016561235700334,0.066109897713361,14
exp1,S1,,0.2176083156040736,0.4468822845382474,14
exp1,S3,,1.0938467298235213,0.9749319708152726,14
exp1,S4,,2.0534019470214844,5.421234237127244,14
exp1,parent,,0.0004867553710937,0.0116930302826983,20
exp1,S1,,0.2816818237304687,0.3402743224961123,20
exp1,S3,,3.1663684844970703,1.2374678551997231,20
exp1,S4,,1.079118728637695,1.252287606876438,20
exp1,parent,,0.0011375427246093,0.0329523798850821,20
exp1,S1,,2.3489334106445314,2.0538149046328806,20
exp1,S3,,1.9126615524291992,1.1772971177564648,20
exp1,S4,,1.4967041015625,1.7375321333206597,20
exp1,parent,,2.9427664620535715e-05,0.0015848514166084,28
exp1,S1,,0.4071851457868303,0.431750095915867,28
exp1,S3,,67.73715509687152,2.2375781420297995,28
exp1,S4,,0.966548374720982,5.182138254885195,28
exp1,parent,,0.0003182547433035,0.0114474058931474,28
exp1,S1,,0.1772275652204241,1.7285414645107735,28
exp1,S3,,5.456740873200553,1.6702680503892742,28
exp1,S4,,1.7830352783203125,4.970125998329795,28
exp1,parent,,0.001050313313802,0.0502450819909482,36
exp1,S1,,0.1129561530219184,0.6345467270580394,36
exp1,S3,,3.1781005859375,1.7935264123447758,36
exp1,S4,,0.9015121459960938,5.370045284054068,36
exp1,parent,,0.0007692224839154,0.0177594284838558,17
exp1,S1,,0.6109744801240808,0.7721355565107881,17
exp1,S3,,9.331010874579936,2.3221687736883942,17
exp1,S4,,0.5696824017693015,0.9486980282081172,17
exp1,parent,,0.0014957851833767,0.0670243200957799,36
exp1,S1,,0.1583959791395399,0.4243363374421124,36
exp1,S3,,1.3582242329915364,1.203166811054858,36
exp1,S4,,1.3858479393853085,5.2063238817443285,36
exp1,parent,,0.0,0.0,6
exp1,S1,,0.5869477589925131,0.5991897336408238,6
exp1,S3,,31.94054889678955,1.538946902887917,6
exp1,S4,,0.0884733200073242,1.0110361094773963,6
exp1,parent,,0.005835215250651,0.1357486101253268,12
exp1,S1,,0.1299571990966797,0.216691948747098,12
exp1,S3,,10.54022248586019,1.5384171877083397,12
exp1,S4,,1.510527928670247,2.7075260735985704,12
exp1,parent,,0.0024847215221774,0.0515213423020095,31
exp1,S1,,1.2777210358650453,1.3547874980193588,31
exp1,S3,,5.484728044079196,1.8749400333079944,31
exp1,S4,,1.18429442374937,3.158432438880913,31
exp1,parent,,0.0002776251898871,0.0089925569108451,18
exp1,S1,,0.0680147806803385,0.3241261519405345,18
exp1,S3,,3.611085679796007,0.9659403883155327,18
exp1,S4,,1.2303767734103732,3.2558349252654804,18
exp1,parent,,0.0012622409396701,0.0272090390703053,18
exp1,S1,,4.418240229288737,2.121964610621049,18
exp1,S3,,13.87070761786567,2.4861707207147976,18
exp1,S4,,2.1746597290039062,5.242373048987808,18
exp1,parent,,0.0010827382405598,0.049595203822244,24
exp1,S1,,0.1937224070231119,2.0326188066290185,24
exp1,S3,,1.6373103459676106,1.4645888768156063,24
exp1,S4,,0.3623263041178385,2.016993536182929,24
exp1,parent,,0.0023757086859809,0.0554328851770359,18
exp1,S1,,0.1129018995496961,0.8611127682949852,18
exp1,S3,,2.088335461086697,1.620460920770218,18
exp1,S4,,1.124494128757053,3.0876252661042254,18
exp1,parent,,0.0008016313825334,0.0228320477522611,28
exp1,S1,,0.0314677102225167,0.1874722624798974,28
exp1,S3,,1.4810115269252233,1.3868514239521588,28
exp1,S4,,1.2665042877197266,1.404506638778846,28
exp1,parent,,0.0001691182454427,0.0061854087157328,12
exp1,S1,,0.0023600260416666,0.0709070511361679,12
exp1,S3,,9.307827949523926,2.1629197068615875,12
exp1,S4,,0.0023816426595052,0.0954112714855979,12
exp1,parent,,0.003082275390625,0.0977054643624558,20
exp1,S1,,0.6494049072265625,1.206890757914283,20
exp1,S3,,14.002413940429689,2.2814421295670058,20
exp1,S4,,1.779861068725586,2.171125543632267,20
exp1,parent,,0.0013117109026227,0.0426722080663452,28
exp1,S1,,0.0903031485421317,0.3474652624961057,28
exp1,S3,,8.338163375854492,1.914552564683048,28
exp1,S4,,1.868126460484096,4.477158968325,28
exp1,parent,,0.0036078559027777,0.0631972744058842,36
exp1,S1,,0.0631357828776041,0.1936538469690988,36
exp1,S3,,20.58312649197049,2.674263746020211,36
exp1,S4,,2.233554416232639,4.50797923178236,36
exp1,parent,,0.0002538045247395,0.0095639059330478,30
exp1,S1,,0.0959009806315104,0.1237526485244422,30
exp1,S3,,1.7702245076497396,1.7009679014033827,30
exp1,S4,,0.2206232706705729,0.8597449782997294,30
exp1,parent,,0.0023799695466694,0.0463000983588644,19
exp1,S1,,0.0574332789370888,0.2827806693804892,19
exp1,S3,,58.061010260331,2.9829027288044445,19
exp1,S4,,0.230891980622944,1.1222992989244782,19
exp1,parent,,0.0008304595947265,0.0406552317461614,20
exp1,S1,,0.0142158508300781,0.1015703168208913,20
exp1,S3,,22.141959762573244,2.354059781131812,20
exp1,S4,,1.565456008911133,4.587743040361644,20
exp1,parent,,0.0001623365614149,0.0049142486309833,18
exp1,S1,,0.0682220458984375,0.0944780093629861,18
exp1,S3,,19.740691714816624,1.705414395508706,18
exp1,S4,,1.8992449442545571,2.3009951151411383,18
exp1,parent,,0.0010323360048491,0.0208319887315408,29
exp1,S1,,0.9456892342403016,1.106991504688776,29
exp1,S3,,170.04425469760238,2.28406867460092,29
exp1,S4,,0.446661587419181,1.0379393430947723,29
exp1,parent,,0.0012791951497395,0.0292137434550252,18
exp1,S1,,0.2084994845920139,0.7217497115513494,18
exp1,S3,,4.059764014350043,0.9967536834100852,18
exp1,S4,,1.1146206325954862,1.1389470003931366,18
exp1,parent,,0.0014784071180555,0.0451821344460504,36
exp1,S1,,0.0529030693901909,0.3776092004108183,36
exp1,S3,,22.19310972425673,1.7906938221175313,36
exp1,S4,,1.4006529914008246,3.336477855519408,36
exp1,parent,,0.0007047653198242,0.0336086173940451,24
exp1,S1,,0.449469248453776,1.036651804672061,24
exp1,S3,,2.189063231150309,1.4518131349791104,24
exp1,S4,,0.9442822138468424,6.300642068935888,24
exp1,parent,,0.0023244222005208,0.0441955774902803,36
exp1,S1,,0.137038336859809,0.2547909239228592,36
exp1,S3,,8.273456282085842,1.6503164694613082,36
exp1,S4,,1.393562740749783,3.368629228422241,36
exp1,parent,,0.0010397774832589,0.0791815160931611,28
exp1,S1,,0.3279309953962053,0.5816504477128107,28
exp1,S3,,10.742789132254464,2.729204619638491,28
exp1,S4,,1.3362949916294642,4.556981856705774,28
exp1,parent,,0.0024337768554687,0.0347246736701107,36
exp1,S1,,0.2633802625868056,0.5827553722904214,36
exp1,S3,,11.982251909044054,1.5865683635273498,36
exp1,S4,,0.8792957729763455,3.270986008922051,36
exp1,parent,,0.0010121663411458,0.0540080334610755,24
exp1,S1,,0.1409756342569987,1.3049003465825968,24
exp1,S3,,17.788063685099285,2.1235568554820614,24
exp1,S4,,0.9871006011962892,6.187508618219043,24
exp1,parent,,0.0002001353672572,0.0083869176596812,28
exp1,S1,,0.0436679295131138,0.2031988750252463,28
exp1,S3,,1.5004640306745256,2.4749661538789174,28
exp1,S4,,0.4853330339704241,1.4936290213557732,28
exp1,parent,,0.0002944946289062,0.0193864298534375,30
exp1,S1,,0.3560094197591146,0.8612831865150299,30
exp1,S3,,21.916649881998698,2.28100049494295,30
exp1,S4,,2.6130762736002606,2.459068585681567,30
exp1,parent,,0.0013978746202256,0.0299818015840235,36
exp1,S1,,0.3856302897135417,0.3785700075024343,36
exp1,S3,,46.0855835808648,2.462297485093532,36
exp1,S4,,1.3857031928168402,5.239305395931543,36
exp1,parent,,0.0016123453776041,0.1179333621853247,24
exp1,S1,,0.6393734614054362,2.2136697318190244,24
exp1,S3,,0.5330289204915365,0.794884368899627,24
exp1,S4,,0.3284327189127604,1.8111889172351596,24
exp1,parent,,0.0007832845052083,0.0281280257658379,36
exp1,S1,,0.0293307834201388,0.1204638908268659,36
exp1,S2,,0.0061806572808159,0.1109308907408873,36
exp1,S3,,8.170032660166422,1.920262716022754,36
exp1,S4,,1.0335701836480036,2.431052604390011,36
exp1,S5,,0.0196855333116319,0.772705637931549,36
exp1,parent,,0.0005106608072916,0.017188356596585,30
exp1,S1,,0.0584747314453125,0.1859859377329559,30
exp1,S3,,45.0916753133138,0.655548130237414,30
exp1,S4,,1.2122655232747397,4.100324785283109,30
exp1,parent,,0.0036186218261718,0.0698110402328126,20
exp1,S1,,0.3028953552246093,0.6803054646439932,20
exp1,S3,,5.5016988754272464,1.7444462792342124,20
exp1,S4,,2.988393020629883,4.792418888241,20
exp1,parent,,0.0006537437438964,0.0435457023778086,32
exp1,S1,,0.0443663597106933,0.2505182735155243,32
exp1,S3,,1.840040683746338,1.0628080025791742,32
exp1,S4,,2.4646925926208496,6.266643194526155,32
exp1,parent,,0.0003938674926757,0.0264896125081954,16
exp1,S1,,1.219562530517578,1.798068939033733,16
exp1,S3,,2.4835031032562256,1.5494690419948314,16
exp1,S4,,0.5284607410430908,1.9999441679849557,16
exp1,parent,,0.002842903137207,0.0741852441422994,16
exp1,S1,,0.0590724945068359,0.1834001226134428,16
exp1,S3,,15.65053415298462,1.981682769452732,16
exp1,S4,,0.9429240226745604,2.240481254131113,16
exp1,parent,,0.0002110799153645,0.0080509824723275,9
exp1,S1,,0.0663231743706597,0.1679360232426859,9
exp1,S3,,4.233602629767524,1.049775818924238,9
exp1,S4,,1.2731041378445096,2.699134839919375,9
exp1,parent,,0.0003255208333333,0.0277992010674935,24
exp1,S1,,0.0717398325602213,0.3598453292686372,24
exp1,S3,,1.197904904683431,1.001382271714277,24
exp1,S4,,0.6198762257893881,1.5169950414060662,24
exp1,parent,,0.0002848307291666,0.0103023332224,24
exp1,S1,,0.0932019551595052,0.4288660417733699,24
exp1,S3,,7.376746257146199,1.338182311154817,24
exp1,S4,,1.9932098388671875,5.29917793133117,24
exp1,parent,,0.0110993385314941,0.0836368908736339,16
exp1,S1,,0.6184835433959961,0.7166092561316666,16
exp1,S3,,0.910041332244873,0.5657084605399657,16
exp1,S4,,1.281400203704834,1.5090207645391165,16
exp1,parent,,0.0002080743963068,0.0212991974432421,22
exp1,S1,,2.0884135853160517,1.3465052554248085,22
exp1,S3,,19.569534995339133,1.3231558230881273,22
exp1,S4,,2.522048256613992,2.844886305455588,22
exp1,parent,,0.0007095336914062,0.0204600207847037,12
exp1,S1,,0.1841068267822265,0.2382499369607795,12
exp1,S3,,12.18561045328776,1.9208373218584929,12
exp1,S4,,2.0966974894205728,3.976218605033314,12
exp1,parent,,0.0122664769490559,0.2567472500293968,12
exp1,S1,,0.4735218683878581,1.4367431229732803,12
exp1,S3,,0.7187067667643229,1.195276456269435,12
exp1,S4,,0.8454025586446127,1.9544240494471723,12
exp1,parent,,0.0032869974772135,0.1191664068298544,36
exp1,S1,,0.2217771742078993,0.4794138787388223,36
exp1,S3,,1.5653593275282118,1.1937701270357983,36
exp1,S4,,1.2936479780409071,4.207796329678512,36
exp1,parent,,0.0007646348741319,0.0313581758996265,36
exp1,S1,,0.1779255337185329,0.702493074439266,36
exp1,S3,,4.66466924879286,1.6090162312337624,36
exp1,S4,,1.418175591362847,2.9801955154644717,36
exp1,parent,,0.0006610870361328,0.0131796310536113,10
exp1,S1,,0.1778678894042968,0.3540816745055691,10
exp1,S3,,3.4580480575561525,1.0266367324098962,10
exp1,S4,,0.9835933685302736,2.171230537222674,10
exp1,parent,,5.5694580078125e-05,0.0020518714947472,20
exp1,S1,,0.1729965209960937,0.6607450290457334,20
exp1,S3,,9.833561325073244,3.222357994283551,20
exp1,S4,,1.4970561981201171,2.6864371790904844,20
exp1,parent,,0.0004592895507812,0.0296875859650406,20
exp1,S1,,0.1471847534179687,0.4016585970304951,20
exp1,S3,,2.5816619873046878,1.348977916231024,20
exp1,S4,,0.5437322616577148,0.9617229119873684,20
exp1,parent,,0.0007623525766225,0.0146590904309852,26
exp1,S1,,0.4825862004206731,0.5248825320206194,26
exp1,S3,,12.40960458608774,2.384015205794213,26
exp1,S4,,2.227693411020132,3.740854627751864,26
exp1,parent,,0.0003229777018229,0.0198537269566796,18
exp1,S1,,0.5548519558376737,1.7098290452184228,18
exp1,S3,,2.957036124335395,1.509725789779105,18
exp1,S4,,0.5406807793511285,3.0043216032111664,18
exp1,parent,,0.0029972621372767,0.0455834681595054,28
exp1,S1,,0.1697237832205636,0.4198002566931252,28
exp1,S2,,0.3148749215262277,1.6333349424923316,28
exp1,S3,,1.317035675048828,1.2352424471981849,28
exp1,S4,,1.4146202632359095,3.5893652768885014,28
exp1,S5,,0.0912055969238281,0.6753151647661689,28
exp1,parent,,0.0003547668457031,0.0141551052962121,24
exp1,S1,,0.384314219156901,0.4979970930894842,24
exp1,S3,,5.797842343648274,1.8029908783190292,24
exp1,S4,,1.2189528147379558,2.95542794152428,24
exp1,parent,,0.0021600723266601,0.0649287557607778,16
exp1,S1,,0.148080825805664,0.4797368236159317,16
exp1,S3,,2.344904661178589,1.5734093852235689,16
exp1,S4,,0.2533736228942871,0.9063185065748042,16
exp1,parent,,0.0018467903137207,0.0350646799346959,16
exp1,S1,,0.2396798133850097,0.709789903002292,16
exp1,S3,,2.301686286926269,1.601664319429323,16
exp1,S4,,1.0774660110473633,2.648249433784999,16
exp1,parent,,0.0007737477620442,0.0325895786978204,24
exp1,S1,,0.962911287943522,2.339743185963948,24
exp1,S3,,27.199446360270183,2.133725890328773,24
exp1,S4,,0.4165960947672526,1.5306392133387785,24
exp1,parent,,0.0001494089762369,0.0085493870863505,24
exp1,S1,,0.0202795664469401,0.09818659685052,24
exp1,S3,,4.113157272338867,1.0732884981827755,24
exp1,S4,,2.26347287495931,4.552196903057122,24
exp1,parent,,0.0006507237752278,0.0394873340845636,24
exp1,S1,,0.2381296157836914,1.4254685433995644,24
exp1,S3,,2.1150264739990234,1.6010022211481658,24
exp1,S4,,0.927659034729004,6.033364383117292,24
exp2,generator,no-verdict,0.0,0.0,4
exp2,generator,no-verdict,0.0,0.0,4
exp2,generator,no-verdict,0.013331731160481771,0.22112562678524986,12
exp2,generator,no-verdict,0.000921630859375,0.03179768126253477,20
exp2,generator,accepted,0.013016128540039062,0.11006470872384985,10
exp2,generator,no-verdict,0.0,0.0,4
exp2,generator,no-verdict,0.020031399197048612,0.1683954279977062,9
exp2,generator,no-verdict,0.00690460205078125,0.0999467943438625,12
exp2,generator,no-verdict,0.0035736083984375,0.06945797467269045,15
exp2,generator,no-verdict,0.0,0.0,4
exp2,generator,no-verdict,0.01694965362548828,0.10469597396155256,8
exp2,generator,no-verdict,0.0,0.0,4
exp2,generator,no-verdict,0.0,0.0,4
exp2,generator,accepted,0.0,0.0,4
exp2,generator,no-verdict,0.05121548970540365,0.5821126566500285,12
exp2,generator,no-verdict,0.04641532897949219,0.29012388489926605,12
exp2,generator,accepted,0.10569953918457031,1.4375959171906554,16
exp2,generator,accepted,0.14699249267578124,0.23336186994251282,10
exp2,generator,accepted,0.0032097498575846353,0.06958371944199818,12
exp2,generator,no-verdict,0.009889749380258413,0.1435268196212036,13
exp2,generator,no-verdict,0.009813690185546875,0.07841899462260235,10
exp2,generator,accepted,0.000115966796875,0.005732626449523046,10
exp2,generator,no-verdict,0.0003501574198404948,0.01045992243466948,3
exp2,generator,no-verdict,0.0,0.0,4
exp2,generator,accepted,0.02793121337890625,0.10591279284187213,7
exp2,generator,no-verdict,0.10393810272216797,0.8709037671129918,12
exp2,generator,no-verdict,0.00217437744140625,0.06276229457122573,12
exp2,generator,no-verdict,0.013454691569010416,0.37447580518668544,15
exp2,generator,no-verdict,0.0,0.0,4
exp2,generator,accepted,0.11064402262369792,0.2505442824052697,9
exp2,generator,no-verdict,0.004451751708984375,0.06955061787654718,6
exp2,generator,accepted,0.001172780990600586,0.0329560423435287,8
exp2,generator,no-verdict,0.031219883968955593,0.3982166852579222,19
exp2,generator,accepted,0.0004489898681640625,0.014948235515227715,10
exp2,generator,no-verdict,0.007927322387695312,0.11427325492430856,20
exp2,generator,no-verdict,0.0005467732747395834,0.015487028454180408,12
exp2,generator,no-verdict,0.0019747416178385415,0.15798904833153085,12
exp2,generator,no-verdict,0.0,0.0,4
exp2,generator,no-verdict,0.0,0.0,4
exp2,generator,no-verdict,0.01145657626065341,0.09273692274472585,11
exp2,generator,no-verdict,0.008723068237304687,0.11539589562396928,10
exp2,generator,no-verdict,0.0,0.0,5
exp2,generator,accepted,0.0005321502685546875,0.014844072382344198,12
exp2,generator,no-verdict,0.0017303466796875,0.037469922057576335,5
exp2,generator,no-verdict,0.003726414271763393,0.043096262772289104,14
exp2,generator,no-verdict,0.002534961700439453,0.16381604511766346,20
exp2,generator,no-verdict,0.013921564275568182,0.2022662101340725,11
exp2,generator,accepted,0.05295372009277344,0.5472957833506866,8
exp2,generator,no-verdict,0.004450629739200368,0.08390004086899179,17
exp2,generator,accepted,0.003003692626953125,0.06547424241651512,10
exp2,generator,no-verdict,0.04206554706280048,0.4371030013569381,13
exp2,generator,accepted,0.00689544677734375,0.09379517948409638,20
exp2,generator,accepted,0.027470906575520832,0.22447525041505856,9
exp2,generator,no-verdict,6.866455078125e-06,0.0006296148982521196,10
exp2,generator,accepted,0.0047016143798828125,0.0835225604057763,10
exp2,generator,accepted,0.0016904558454241072,0.04882652371616036,7
exp2,generator,no-verdict,0.15884828567504883,0.478577656074345,8
exp2,generator,no-verdict,0.0005662706163194445,0.01765417906714358,9
exp2,generator,accepted,0.0009546279907226562,0.012540329300828457,3
exp2,generator,no-verdict,0.013254801432291666,0.395864898281895,18
exp2,generator,no-verdict,0.00362396240234375,0.06479930107395522,16
exp2,generator,no-verdict,0.0,0.0,4
exp2,generator,accepted,0.23538742065429688,1.7566437960810122,10
exp2,generator,no-verdict,0.06250445048014323,0.4685490835762705,6
exp2,generator,accepted,0.03145154317220052,0.3883365769316038,12
exp2,generator,accepted,0.009413401285807291,0.1340943056611243,12
exp2,generator,no-verdict,0.027675628662109375,0.5964908946923356,13
exp2,generator,no-verdict,0.03378073374430338,0.16587857596717479,6
exp2,generator,no-verdict,0.0,0.0,4
exp2,generator,no-verdict,0.0,0.0,4
exp2,generator,no-verdict,0.003771209716796875,0.05784292931757379,20
exp2,generator,accepted,0.0031442642211914062,0.10496752998670418,8
exp2,generator,no-verdict,0.05170491536458333,1.1905332957916608,15
exp2,generator,no-verdict,0.1474117702907986,0.37222530409258,18
exp2,generator,no-verdict,0.00021123886108398438,0.007728081181483077,8
exp2,generator,no-verdict,0.057119889692826706,0.4359557657635346,11
exp2,generator,no-verdict,0.0013004302978515624,0.015655562085218483,10
exp2,generator,accepted,0.00319976806640625,0.03571550601607668,10
exp2,generator,accepted,0.03730850219726563,0.22271557468076522,20
exp2,generator,accepted,0.0008513132731119791,0.016790644420757204,12
exp2,generator,no-verdict,0.006806691487630208,0.09498042554122686,12
exp2,generator,no-verdict,0.0,0.0,4
exp2,generator,accepted,0.001983642578125,0.051358299117420715,5
exp2,generator,no-verdict,0.0,0.0,4
exp2,generator,no-verdict,0.00115966796875,0.03178227315363626,12
exp2,generator,no-verdict,0.010873158772786459,0.12856372908761646,18
exp2,generator,no-verdict,0.035976409912109375,1.265197242871901,12
exp2,generator,accepted,0.0065593719482421875,0.07588551749242026,6
exp2,generator,no-verdict,0.00020456314086914062,0.008967310660170428,8
exp2,generator,accepted,0.014559268951416016,0.062363890705447025,4
exp2,generator,no-verdict,0.0004258155822753906,0.012745794285626968,4
exp2,generator,no-verdict,0.0,0.0,4
exp2,generator,accepted,0.07310009002685547,0.30680409573106665,8
exp2,generator,no-verdict,0.03414327448064631,0.360384071856772,11
exp2,generator,accepted,0.002190272013346354,0.032297926543053454,6
exp2,generator,accepted,0.013137054443359376,0.06456956299347436,5
exp2,generator,no-verdict,0.04187750816345215,0.5833867685710196,8
exp2,generator,no-verdict,0.0004984537760416666,0.011673135465796484,6
exp2,generator,accepted,0.05572552151150174,0.22294671706282926,9
exp2,generator,no-verdict,0.00751495361328125,0.1198088051054803,11
exp2,generator,no-verdict,0.014166937934027778,0.16236252564992593,18
exp2,generator,accepted,0.01686859130859375,0.28590316748457495,14
exp2,generator,no-verdict,0.007651567459106445,0.12977386348293168,8
exp2,generator,accepted,0.0005960464477539062,0.010617245430581804,4
exp2,generator,no-verdict,0.0,0.0,4
exp2,generator,no-verdict,0.0,0.0,4
exp2,generator,accepted,0.021922641330295138,0.11146617589168738,9
exp2,generator,no-verdict,0.002248382568359375,0.042412540277159384,10
exp2,generator,accepted,0.061765193939208984,0.11033655520520702,8
exp2,generator,no-verdict,0.0031763712565104165,0.057861738105480544,3
exp2,generator,no-verdict,0.000400543212890625,0.01821373865404952,10
exp2,generator,no-verdict,0.00021505355834960938,0.010453384320606445,8
exp2,generator,no-verdict,0.039174652099609374,0.5256198113021162,20
exp2,generator,accepted,0.007843017578125,0.06647376971937469,10
exp2,generator,accepted,0.017333507537841797,0.2332392739928084,4
exp2,generator,no-verdict,0.008812374538845487,0.06385420379683054,9
exp2,generator,no-verdict,0.0022482872009277344,0.054613491048099136,16
exp2,generator,no-verdict,0.0,0.0,8
exp2,generator,accepted,0.06464767456054688,0.6874500251450827,10
exp2,generator,accepted,0.0019369125366210938,0.02277392765248818,4
exp2,generator,no-verdict,0.0007879083806818181,0.021610903559802348,11
exp2,generator,no-verdict,0.01462554931640625,0.3557803903998776,18
exp2,generator,no-verdict,0.0560297966003418,0.5315679828371024,8
exp2,generator,no-verdict,0.03883647918701172,0.1039936503551967,12
exp2,generator,no-verdict,0.020252704620361328,0.5426322486254122,16
exp2,generator,accepted,0.009640829903738839,0.09448637919205972,14
exp2,generator,accepted,0.050412495930989586,0.6381458995658755,9
exp2,generator,accepted,0.002050018310546875,0.0458879234026647,20
exp2,generator,no-verdict,0.03200870090060764,0.2597232106131498,18
exp2,generator,no-verdict,0.0848965115017361,0.72533534229099,18
exp2,generator,no-verdict,0.0062821706136067705,0.07135630869421519,12
exp2,generator,no-verdict,0.014962938096788194,0.2742545215795871,18
exp2,generator,no-verdict,0.035257816314697266,0.30091605985835695,16
exp2,generator,no-verdict,0.14422556559244792,0.9307890460451814,15
exp2,generator,no-verdict,0.01622327168782552,0.3818864810203186,12
exp2,generator,no-verdict,0.0,0.0,4
exp2,generator,no-verdict,0.0,0.0,4
exp2,generator,no-verdict,0.011553955078125,0.38279242335606684,15
exp2,generator,no-verdict,0.044148921966552734,0.6464109054007535,16
exp2,generator,no-verdict,0.0003848075866699219,0.011680669799150457,4
exp2,generator,no-verdict,0.004550933837890625,0.06068525748912353,12
exp2,generator,accepted,0.02358245849609375,0.09299083175820148,3
exp2,generator,accepted,0.033252716064453125,0.0952983271134949,10
exp2,generator,no-verdict,0.011230892605251737,0.13300519463578017,9
exp2,generator,no-verdict,0.004787445068359375,0.1327828779369682,5
exp2,generator,no-verdict,0.0005476209852430555,0.01922343580041693,9
exp2,generator,no-verdict,0.0,0.0,4
exp2,generator,no-verdict,0.0,0.0,4
exp2,generator,no-verdict,0.0,0.0,4
exp2,generator,no-verdict,0.018387688530815974,0.15411067524057417,18
exp2,generator,no-verdict,0.0,0.0,4
exp2,generator,accepted,0.030452728271484375,0.22442182705755298,12
exp2,generator,no-verdict,0.0033209058973524305,0.11741753650684465,18
exp2,generator,no-verdict,0.11549695332845052,0.8087794546025391,12
exp2,generator,accepted,0.0,0.0,8
exp2,generator,no-verdict,0.00015211105346679688,0.004855156216031676,4
exp2,generator,no-verdict,0.14440282185872397,1.5220701557072516,18
exp2,generator,no-verdict,0.0,0.0,4
exp2,generator,no-verdict,0.0,0.0,4
exp2,generator,no-verdict,0.005280812581380208,0.1053200117063365,12
exp2,generator,no-verdict,0.009382883707682291,0.10829316521983413,6
exp2,generator,no-verdict,0.0002714792887369792,0.01733631231140821,12
exp2,generator,no-verdict,0.005527877807617187,0.19940667527631248,10
exp2,generator,no-verdict,0.007593790690104167,0.10807872225820919,12
exp2,generator,no-verdict,0.0,0.0,4
exp2,generator,no-verdict,0.7027187347412109,0.5101913488204547,6
exp2,generator,no-verdict,0.0072689056396484375,0.1217581661844569,6
exp2,generator,no-verdict,0.001858181423611111,0.04025054337470655,9
exp2,generator,no-verdict,0.006333351135253906,0.1174918790864126,8
exp2,generator,no-verdict,0.0,0.0,4
exp2,generator,no-verdict,0.008939470563616072,0.08164643757613911,7
exp2,generator,no-verdict,0.0003113746643066406,0.014345884378322496,8
exp2,generator,accepted,0.05716400146484375,0.6959148560922945,10
exp2,generator,no-verdict,0.014578138078962053,0.11877503969568902,14
exp2,generator,no-verdict,0.00569000244140625,0.15052248478325544,15
exp2,generator,no-verdict,0.021967411041259766,0.3832723533184446,16
exp2,generator,no-verdict,0.007123129708426339,0.17991351808617856,14
exp2,generator,no-verdict,0.14591903686523439,1.1700010422568974,20
exp2,generator,no-verdict,0.0,0.0,4
exp2,generator,accepted,0.0,0.0,6
exp2,generator,accepted,0.032208919525146484,0.18199872740998144,8
exp2,generator,no-verdict,0.0,0.0,4
exp2,generator,accepted,0.00196990966796875,0.03729099397333547,5
exp2,generator,no-verdict,0.0,0.0,4
exp2,generator,no-verdict,0.03328355153401693,0.25111496069914324,12
exp2,generator,no-verdict,0.009857601589626737,0.20577844497144596,18
exp2,generator,accepted,0.005388895670572917,0.055864725525770105,12
exp2,generator,accepted,0.2879203796386719,0.3055456100642506,5
exp2,generator,accepted,0.007745530870225694,0.06495699070633992,9
exp2,generator,no-verdict,0.0,0.0,4
exp2,generator,no-verdict,0.0,0.0,4
exp2,generator,accepted,0.001781463623046875,0.027910546499816252,5
exp2,generator,no-verdict,0.0018253326416015625,0.039384764989330724,6
exp2,generator,no-verdict,0.013167699178059896,0.2723581632038756,12
exp2,generator,no-verdict,0.0,0.0,4
exp2,generator,no-verdict,0.012610912322998047,0.17713984707156552,16
exp2,generator,no-verdict,0.0,0.0,4
exp2,generator,accepted,0.002039337158203125,0.04129471000960082,10
exp2,generator,accepted,0.005877017974853516,0.04194075563327398,8
exp2,generator,accepted,0.19363994598388673,1.2679838566438548,10
exp2,generator,no-verdict,0.0,0.0,4
exp2,generator,no-verdict,0.030364990234375,0.1922906143448706,18
exp2,generator,no-verdict,0.013005733489990234,0.313527915264936,16
exp2,generator,no-verdict,5.53131103515625e-05,0.001967947172412082,4
exp2,generator,no-verdict,0.03658370971679688,0.1658038512206554,10
exp2,generator,accepted,0.0006575584411621094,0.013473482889399252,4
exp2,generator,no-verdict,0.010251181466238839,0.11129014267418136,14
exp2,generator,no-verdict,0.011758168538411459,0.15280436982048765,6
exp2,generator,no-verdict,0.0058727264404296875,0.08171227501281972,10
exp2,generator,accepted,0.01319580078125,0.07965197948039746,10
exp2,generator,no-verdict,0.0,0.0,4
exp2,generator,no-verdict,0.29297510782877606,1.2684056129249996,18
exp2,generator,no-verdict,0.03160362243652344,0.2352093520792011,20
exp2,generator,accepted,0.0,0.0,6
exp2,generator,accepted,0.00489044189453125,0.04722569312630967,10
exp2,generator,accepted,0.01036224365234375,0.1276558575312853,5
exp2,generator,no-verdict,0.0,0.0,6
exp2,generator,no-verdict,0.07286904074928978,0.4006723687643963,11
exp2,generator,no-verdict,0.0,0.0,4
exp2,generator,accepted,0.07456398010253906,0.40018915173888014,8
exp2,generator,no-verdict,0.0012483596801757812,0.02603989203396431,8
exp2,generator,no-verdict,0.009673595428466797,0.08887097079213829,4
exp2,generator,no-verdict,0.006127548217773437,0.10154418947561547,10
exp2,generator,no-verdict,0.0019009908040364583,0.07276321717580667,9
exp2,generator,no-verdict,0.00010808308919270833,0.003217278278645148,6
exp2,generator,no-verdict,0.009770631790161133,0.06019073094993111,8
exp2,generator,accepted,2.13623046875e-05,0.001888898408432206,10
exp2,generator,no-verdict,0.21330122514204544,0.4796719841287645,11
exp2,generator,no-verdict,0.030292034149169922,0.6175650960642033,16
exp2,generator,no-verdict,0.052478790283203125,0.8336506767024321,18
exp2,generator,accepted,0.01148366928100586,0.11621929747072757,8
exp2,generator,accepted,0.08208380805121528,1.0517289946470578,9
exp2,generator,no-verdict,0.005433082580566406,0.10189803148689586,8
exp2,generator,no-verdict,8.535385131835938e-05,0.004283775768275,4
exp2,generator,no-verdict,0.017691294352213543,0.25466272526329853,12
exp2,generator,accepted,0.0011429786682128906,0.021210741643675056,4
exp2,generator,no-verdict,0.040049235026041664,0.29389830543576084,18
exp2,generator,accepted,0.0005133492606026786,0.016571106709822432,7
exp2,generator,no-verdict,0.0062300364176432295,0.11550118326954728,12
exp2,generator,no-verdict,0.039853668212890624,0.47572023508026723,20
exp2,generator,no-verdict,0.00026035308837890625,0.010270963662984325,4
exp2,generator,accepted,0.0008702959333147321,0.018464182970111417,14
exp2,generator,no-verdict,0.0,0.0,6
exp2,generator,no-verdict,0.03478113810221354,0.42954272692921913,18
exp2,generator,no-verdict,0.009532451629638672,0.09701249578537398,16
exp2,generator,accepted,0.013167381286621094,0.07428301954911315,8
exp2,generator,accepted,0.0027679443359375,0.06419815717960246,10
exp2,generator,no-verdict,0.0,0.0,4
exp2,generator,no-verdict,0.0,0.0,6
exp2,generator,no-verdict,0.03258956106085526,0.356913176579234,19
exp2,generator,no-verdict,0.05328941345214844,0.5473797363222456,12
exp2,generator,no-verdict,0.002215576171875,0.045682338091958236,5
exp2,generator,no-verdict,0.003678003946940104,0.10820254665073542,12
exp2,generator,no-verdict,0.0449493408203125,0.23124171429916485,5
exp2,generator,accepted,0.012555122375488281,0.09551892389636754,8
exp2,generator,no-verdict,0.0011339187622070312,0.02051079707388665,4
exp2,generator,no-verdict,0.09559334648980035,0.25679153659604037,9
exp2,generator,no-verdict,0.034592056274414064,0.576808269745825,20
exp2,generator,accepted,0.055200958251953126,0.28458391854061144,5
exp2,generator,no-verdict,0.010009220668247767,0.09775066605529678,14
exp2,generator,no-verdict,0.0,0.0,4
exp2,generator,accepted,0.004949842180524554,0.11132039777945611,7
exp2,generator,no-verdict,0.003814697265625,0.049298187755508684,7
exp2,generator,no-verdict,0.029985215928819444,0.5496766213710315,18
exp2,generator,accepted,0.0025275094168526785,0.08585307610051593,7
exp2,generator,no-verdict,0.09056243896484376,1.3305497919737406,20
exp2,generator,no-verdict,0.0,0.0,4
exp2,generator,accepted,0.00703582763671875,0.04496094427286531,10
exp2,generator,accepted,0.00203094482421875,0.025597991089813078,5
exp2,generator,no-verdict,0.037637883966619316,1.0356852244248802,11
exp2,generator,no-verdict,0.0013434092203776042,0.026441832921170475,6
exp2,generator,accepted,0.004455990261501736,0.06433939121528612,18
exp2,generator,no-verdict,0.009724087185329862,0.14706359804633873,18
exp2,generator,accepted,0.0886068344116211,0.19388302678780744,8
exp2,generator,accepted,0.06558948092990452,0.3884759169129253,9
exp2,generator,no-verdict,7.120768229166667e-05,0.002075043484036377,3
exp2,generator,no-verdict,0.010091400146484375,0.10255800986739508,10
exp2,generator,no-verdict,0.005280494689941406,0.10599176048662447,8
exp2,generator,accepted,0.023972511291503906,0.12527858976980172,4
exp2,generator,accepted,0.026385784149169922,0.14243705571295381,8
exp2,generator,accepted,0.0,0.0,5
exp2,generator,no-verdict,0.006435394287109375,0.12611827349655622,8
exp2,generator,no-verdict,0.02828559875488281,0.9023234875596192,20
exp2,generator,no-verdict,0.0,0.0,5
exp2,generator,no-verdict,0.0,0.0,4
exp2,generator,no-verdict,0.0010120391845703125,0.020098141440487088,5
exp2,generator,no-verdict,0.0,0.0,3
exp2,generator,no-verdict,0.006344188343394886,0.18384097724216805,11
exp2,generator,no-verdict,0.0,0.0,2
exp2,generator,no-verdict,0.024185816446940105,0.1114316716220456,6
exp2,generator,no-verdict,0.03275251388549805,0.35552684144315355,16
exp2,generator,accepted,0.006985664367675781,0.09762674357926718,16
exp2,generator,no-verdict,0.0,0.0,6
exp2,generator,accepted,0.018428257533482144,0.32070976024224906,14
exp2,generator,no-verdict,0.00015401840209960938,0.004584662455182301,4
exp2,generator,accepted,0.005260467529296875,0.08654919882410582,9
exp2,generator,no-verdict,0.0,0.0,4
exp2,generator,no-verdict,0.0,0.0,4
exp2,generator,no-verdict,0.00014050801595052084,0.005537476385933245,6
exp2,generator,accepted,0.0020681381225585937,0.07753591831379229,5
exp2,generator,no-verdict,0.0,0.0,4
exp2,generator,no-verdict,0.02462158203125,0.19452234350135664,20
exp2,generator,no-verdict,0.00019288063049316406,0.009213290025667027,4
exp2,generator,accepted,0.01770464579264323,0.2035532961652696,12
exp2,generator,accepted,0.004701932271321614,0.11975602236942594,12
exp2,generator,no-verdict,0.030077616373697918,0.15602729706505852,9
exp2,generator,accepted,0.040706634521484375,0.2645546905008334,9
exp2,generator,accepted,0.0,0.0,5
exp2,generator,no-verdict,0.05326385498046875,0.20771376121222992,10
exp2,generator,no-verdict,1.52587890625e-05,0.0005467915815803531,5
exp2,generator,no-verdict,0.010552088419596354,0.10841057122845611,6
exp2,generator,accepted,0.00933837890625,0.08352374439928435,12
exp2,generator,no-verdict,0.031270503997802734,0.29637843401027014,16
exp2,generator,accepted,0.006021881103515625,0.09529718797038744,10
exp2,generator,no-verdict,0.024376869201660156,0.29557476224485874,12
exp2,generator,accepted,0.005352020263671875,0.03930853706458164,5
exp2,generator,no-verdict,0.04438161849975586,0.32413440449162917,16
exp2,generator,no-verdict,0.0,0.0,4
exp2,generator,accepted,0.003012847900390625,0.04741786965305999,10
exp2,generator,no-verdict,0.000411224365234375,0.015735540909101613,10
exp2,generator,no-verdict,0.00069427490234375,0.022643247998559494,9
exp2,generator,accepted,0.0,0.0,4
exp2,generator,accepted,0.030530657087053572,0.16080791807520048,14
exp2,generator,no-verdict,0.036454264322916666,0.7611102656567925,15
exp2,generator,accepted,0.03277757432725695,0.32759590015069806,9
exp2,generator,no-verdict,0.020411014556884766,0.12328674377678041,16
exp2,generator,no-verdict,0.0031223297119140625,0.08673770928441651,8
exp2,generator,no-verdict,0.018721898396809895,0.21376440795377621,12
exp2,generator,accepted,0.004822731018066406,0.12533776258713314,8
exp2,generator,no-verdict,0.1042798360188802,0.9907507790616603,12
exp2,generator,no-verdict,0.0,0.0,4
exp2,generator,no-verdict,0.0,0.0,4
exp2,generator,accepted,0.0031824111938476562,0.029725264512806035,4
exp2,generator,no-verdict,0.0029430389404296875,0.04304967651571928,8
exp2,generator,no-verdict,0.0,0.0,4
exp2,generator,no-verdict,0.004644711812337239,0.08997028310493127,12
exp2,generator,no-verdict,0.006047566731770833,0.16714435558204635,12
exp2,generator,no-verdict,4.57763671875e-05,0.0018519612466391863,4
exp2,generator,no-verdict,0.00039970874786376953,0.006832851228734362,2
exp2,generator,no-verdict,0.0,0.0,4
exp2,generator,no-verdict,0.02266935868696733,1.3208951551454655,11
exp2,generator,accepted,0.03387133280436198,0.27657326972613216,6
exp2,generator,accepted,0.00065460205078125,0.014051403306193831,10
exp2,generator,no-verdict,0.0004444122314453125,0.018751185500523744,6
exp2,generator,no-verdict,0.005681088096217105,0.13729464854993284,19
exp2,generator,no-verdict,0.0062707265218098955,0.05579535233832607,12
exp2,generator,accepted,0.009889984130859375,0.0941767835647102,10
exp2,generator,accepted,0.012639726911272322,0.07432586584131175,7
exp2,generator,accepted,0.03390216827392578,0.2604121010524139,8
exp2,generator,accepted,0.015077972412109375,0.18598090257098798,10
exp2,generator,accepted,0.037076473236083984,0.1911274780743646,4
exp2,generator,accepted,0.005772781372070312,0.05446138485490628,5
exp2,generator,accepted,0.0,0.0,4
exp2,generator,accepted,0.006838662283761161,0.13004112950243052,7
exp2,generator,no-verdict,0.06972885131835938,0.47624334450887906,11
exp2,generator,accepted,0.0011453628540039062,0.03274078926872266,8
exp2,generator,accepted,0.001959228515625,0.03168691795570157,10
exp2,generator,accepted,0.00269622802734375,0.054369589535108225,10
exp2,generator,no-verdict,0.009908403669084822,0.14371086280892287,14
exp2,generator,no-verdict,0.006244659423828125,0.12679463297860807,12
exp2,generator,accepted,0.00988149642944336,0.05923968173425762,8
exp2,generator,no-verdict,0.07401987711588541,0.7681161243255475,15
exp2,generator,no-verdict,0.001437717013888889,0.02283682657342185,9
exp2,generator,no-verdict,0.07683334350585938,0.510042913606087,20
exp2,generator,accepted,0.00054473876953125,0.015432998028533934,10
exp2,generator,no-verdict,0.01150369644165039,0.1789459278934191,16
exp2,generator,no-verdict,0.011721293131510416,0.13634257386783855,12
exp2,generator,no-verdict,0.00014710426330566406,0.003983574241988342,4
exp2,generator,accepted,0.050647735595703125,0.7049355690966527,8
exp2,generator,no-verdict,0.14821402231852213,0.9060261737614493,12
exp2,generator,accepted,0.02929973602294922,0.3754117289155199,8
exp2,generator,no-verdict,0.009710947672526041,0.18123305628627268,12
exp2,generator,accepted,0.0015839168003627232,0.03208952314163704,7
exp2,generator,no-verdict,0.0005734761555989584,0.017518121266589158,12
exp2,generator,no-verdict,0.053693294525146484,0.2916585661674501,16
exp2,generator,no-verdict,0.025971412658691406,0.30791190257558537,8
exp2,generator,no-verdict,0.02327117919921875,0.7943206664856199,20
exp2,generator,accepted,0.0047283172607421875,0.061573829954285744,12
exp2,generator,accepted,0.0012235641479492188,0.02562392041500794,8
exp2,generator,accepted,0.001782989501953125,0.026914190922850117,10
exp2,generator,accepted,0.08178456624348958,0.19109231292772857,6
exp2,generator,accepted,0.0020704269409179688,0.016264682174270493,4
exp2,generator,accepted,0.0431610107421875,0.7651859472707935,20
exp2,generator,no-verdict,0.009158134460449219,0.1015127312000623,8
exp2,generator,no-verdict,0.0037037242542613635,0.1003630637243991,11
exp2,generator,no-verdict,0.01240997314453125,0.19234282546444792,10
exp2,generator,no-verdict,0.3085300445556641,0.8003096500221646,10
exp2,generator,accepted,0.00013141632080078126,0.013327025059109909,10
exp2,generator,no-verdict,0.0019397735595703125,0.04706745917553168,12
exp2,generator,no-verdict,0.006393008761935764,0.12530898510770777,9
exp2,generator,no-verdict,0.17097396850585939,0.8437070258785768,20
exp2,generator,no-verdict,0.0,0.0,6
exp2,generator,no-verdict,0.003937615288628472,0.06960458339981458,9
exp2,generator,no-verdict,0.011944580078125,0.1890872774549136,10
exp2,generator,accepted,0.0016732215881347656,0.03080341154378244,8
exp2,generator,no-verdict,0.01421356201171875,0.12353252033350659,10
exp2,generator,no-verdict,0.0016396840413411458,0.03461128513813652,6
exp2,generator,no-verdict,0.001831327165876116,0.04160695367901726,7
exp2,generator,accepted,0.013037109375,0.1257166054722879,10
exp2,generator,no-verdict,2.86102294921875e-05,0.0018444087141519883,5
exp2,generator,accepted,0.004346030099051339,0.03585416175366305,7
exp2,generator,no-verdict,0.10102033615112305,0.5954316047019393,16
exp2,generator,accepted,0.00028362274169921873,0.00970313179938797,10
exp2,generator,no-verdict,0.0003787994384765625,0.01664737143053133,5
exp2,generator,accepted,0.0016274452209472656,0.033125172227832886,8
exp2,generator,accepted,0.003289031982421875,0.040817735058248795,20
exp2,generator,accepted,0.018960952758789062,0.09753504769698182,4
exp2,generator,no-verdict,0.006161159939236111,0.07865493202661027,9
exp2,generator,no-verdict,0.035943031311035156,0.18946261959234603,12
exp2,generator,no-verdict,0.014938831329345703,0.023745238743365597,4
exp2,generator,no-verdict,0.005350430806477864,0.08677355767726841,12
exp2,generator,no-verdict,0.005665206909179687,0.16909621411474188,20
exp2,generator,no-verdict,0.02583026885986328,0.1953432399163585,8
exp2,generator,no-verdict,0.001023101806640625,0.02660798372397207,5
exp2,generator,no-verdict,0.002026240030924479,0.052351146394491864,12
exp2,generator,no-verdict,0.00543975830078125,0.07589644796560983,15
exp2,generator,no-verdict,0.040730794270833336,0.7653458402269289,18
exp2,generator,accepted,0.0007476806640625,0.014572309118832946,10
exp2,generator,no-verdict,0.0,0.0,6
exp2,generator,no-verdict,0.1333942413330078,1.089600197497105,20
exp2,generator,accepted,0.001908111572265625,0.02765287128901517,5
exp2,generator,no-verdict,0.00931840784409467,0.20080708158153007,17
exp2,generator,no-verdict,0.0,0.0,4
exp2,generator,no-verdict,0.002346038818359375,0.03693180093903324,12
exp2,generator,accepted,0.029517703586154513,0.4478273739593987,18
exp2,generator,no-verdict,0.029744466145833332,0.18475512311691558,18
exp2,generator,accepted,0.003180609809027778,0.05057940585708108,18
exp2,generator,accepted,0.03681612014770508,0.3684613708468356,8
exp2,generator,no-verdict,0.00449981689453125,0.0804813391035548,15
exp2,generator,no-verdict,0.010613250732421874,0.13064485512241125,20
exp2,generator,accepted,0.0013828277587890625,0.026720388657309604,16
exp2,generator,no-verdict,0.006989565762606534,0.2260896311575092,11
exp2,generator,no-verdict,0.07875315348307292,0.21726830832171196,9
exp2,generator,accepted,0.00454864501953125,0.04142029409839108,10
exp2,generator,accepted,0.027642440795898438,0.2847305539799401,10
exp2,generator,no-verdict,0.023374220904181984,0.2018942005163727,17
exp2,generator,no-verdict,0.0021275111607142855,0.03229458486877534,7
exp2,generator,no-verdict,0.08898061116536458,0.8848947660050908,15
exp2,generator,accepted,0.012404918670654297,0.11558787178687034,8
exp2,generator,no-verdict,0.000112152099609375,0.006689114931806615,10
exp2,generator,no-verdict,0.009227328830295138,0.0699209874450856,18
exp2,generator,accepted,0.01451416015625,0.12360396878243535,5
exp2,generator,no-verdict,0.0,0.0,5
exp2,generator,no-verdict,0.019919259207589284,0.37741734603720556,14
exp2,generator,no-verdict,0.00018596649169921875,0.007384220605980583,5
exp2,generator,no-verdict,0.0,0.0,4
exp2,generator,accepted,0.06514167785644531,0.3322172288464404,8
exp2,generator,accepted,0.0291595458984375,0.14803185821262932,10
exp2,generator,no-verdict,0.00024566650390625,0.008212842682537833,10
exp2,generator,no-verdict,0.003853321075439453,0.024533745320993214,4
exp2,generator,accepted,0.000433349609375,0.012751200956205147,10
exp2,generator,accepted,0.022722482681274414,0.23673804899342676,16
exp2,generator,no-verdict,0.05984306335449219,0.3355912651443594,12
exp2,generator,no-verdict,0.0,0.0,3
exp2,generator,no-verdict,0.00023937225341796875,0.007945574081943876,4
exp2,generator,accepted,0.0026903152465820312,0.03492256243948977,10
exp2,generator,accepted,0.040234883626302086,0.5016930126798745,15
exp2,generator,no-verdict,1.1682510375976562e-05,0.0005474198183309411,4
exp2,generator,accepted,0.0,0.0,4
exp2,generator,accepted,2.288818359375e-05,0.0015814042386311318,8
exp2,generator,no-verdict,0.0,0.0,4
exp2,generator,accepted,0.05059385299682617,0.15783690988113755,8
exp2,generator,accepted,0.06598091125488281,0.7201004383330787,16
exp2,generator,no-verdict,0.009682464599609374,0.1653083517315646,20
exp2,generator,no-verdict,0.0,0.0,8
exp2,generator,accepted,0.0003371238708496094,0.01216861572094715,4
exp2,generator,accepted,0.023870468139648438,0.2204080130774085,12
exp2,generator,accepted,0.07316996256510416,0.7831907765578777,15
exp2,generator,accepted,4.291534423828125e-05,0.0017066456436422848,4
exp2,generator,accepted,0.021724700927734375,0.18524513329829734,20
exp2,generator,no-verdict,0.047653545032848015,0.7029015264223629,11
exp2,generator,no-verdict,0.0,0.0,4
exp2,generator,no-verdict,0.021826850043402776,0.27089032666520513,18
exp2,generator,accepted,0.0037353515625,0.03317478203895873,10
exp2,generator,no-verdict,6.4849853515625e-05,0.0019672504972611197,4
exp2,generator,no-verdict,0.006545475551060268,0.05993574868061115,14
exp2,generator,no-verdict,0.012523174285888672,0.2532941128627129,8
exp2,generator,no-verdict,8.20159912109375e-05,0.003850919616018276,4
exp2,generator,no-verdict,0.0,0.0,4
exp2,generator,accepted,0.0012960433959960938,0.03530831578626449,8
exp2,generator,no-verdict,0.011911519368489583,0.14032859649717802,15
exp2,generator,no-verdict,0.009662628173828125,0.219290824061774,16
exp2,generator,no-verdict,0.0,0.0,4
exp2,generator,no-verdict,0.5659176508585612,1.2686486615506751,12
exp2,generator,no-verdict,0.000356292724609375,0.023869317944634375,10
exp2,generator,no-verdict,0.009206771850585938,0.16543785997583402,16
exp2,generator,no-verdict,0.0,0.0,6
exp2,generator,accepted,0.0061452388763427734,0.11575069393981936,8
exp2,generator,no-verdict,0.015581766764322916,0.17250162759696008,12
exp2,generator,no-verdict,0.0,0.0,4
exp2,generator,no-verdict,0.0057525634765625,0.08767373302002576,14
exp2,generator,no-verdict,0.0017139434814453125,0.02844591500151244,5
exp2,generator,no-verdict,0.00013828277587890625,0.007694876596122801,8
exp2,generator,no-verdict,0.060602569580078126,0.8902070607675558,20
exp2,generator,no-verdict,0.23970349629720053,0.5202561470145896,12
exp2,generator,no-verdict,0.030473535711115055,0.6119492640699641,11
exp2,generator,no-verdict,0.023194313049316406,0.294102701329808,16
exp2,generator,accepted,0.0094329833984375,0.13356004370410518,10
exp2,generator,no-verdict,0.0,0.0,4
exp2,generator,no-verdict,0.0,0.0,4
